WARNING: Skipping MinkowskiEngine as it is not installed.
/home/ez48awud/miniconda3/envs/lidiff_hpc/lib/python3.10/site-packages/setuptools/dist.py:759: SetuptoolsDeprecationWarning: License classifiers are deprecated.
!!

        ********************************************************************************
        Please consider removing the following classifiers in favor of a SPDX license expression:

        License :: OSI Approved :: MIT License

        See https://packaging.python.org/en/latest/guides/writing-pyproject-toml/#license for details.
        ********************************************************************************

!!
  self._finalize_license_expression()
--------------------------------
| CUDA compilation set         |
--------------------------------

Using BLAS=openblas
Using /home/ez48awud/miniconda3/envs/lidiff_hpc/bin/x86_64-conda-linux-gnu-c++ for c++ compilation
running install
/home/ez48awud/miniconda3/envs/lidiff_hpc/lib/python3.10/site-packages/setuptools/_distutils/cmd.py:90: SetuptoolsDeprecationWarning: setup.py install is deprecated.
!!

        ********************************************************************************
        Please avoid running ``setup.py`` directly.
        Instead, use pypa/build, pypa/installer or other
        standards-based tools.

        By 2025-Oct-31, you need to update your project and remove deprecated calls
        or your builds will no longer be supported.

        See https://blog.ganssle.io/articles/2021/10/setup-py-deprecated.html for details.
        ********************************************************************************

!!
  self.initialize_options()
running build
running build_py
creating build/lib.linux-x86_64-cpython-310/MinkowskiEngine
copying MinkowskiEngine/MinkowskiConvolution.py -> build/lib.linux-x86_64-cpython-310/MinkowskiEngine
copying MinkowskiEngine/MinkowskiUnion.py -> build/lib.linux-x86_64-cpython-310/MinkowskiEngine
copying MinkowskiEngine/MinkowskiOps.py -> build/lib.linux-x86_64-cpython-310/MinkowskiEngine
copying MinkowskiEngine/MinkowskiInterpolation.py -> build/lib.linux-x86_64-cpython-310/MinkowskiEngine
copying MinkowskiEngine/MinkowskiPruning.py -> build/lib.linux-x86_64-cpython-310/MinkowskiEngine
copying MinkowskiEngine/MinkowskiCommon.py -> build/lib.linux-x86_64-cpython-310/MinkowskiEngine
copying MinkowskiEngine/MinkowskiCoordinateManager.py -> build/lib.linux-x86_64-cpython-310/MinkowskiEngine
copying MinkowskiEngine/MinkowskiTensorField.py -> build/lib.linux-x86_64-cpython-310/MinkowskiEngine
copying MinkowskiEngine/MinkowskiNormalization.py -> build/lib.linux-x86_64-cpython-310/MinkowskiEngine
copying MinkowskiEngine/MinkowskiChannelwiseConvolution.py -> build/lib.linux-x86_64-cpython-310/MinkowskiEngine
copying MinkowskiEngine/MinkowskiFunctional.py -> build/lib.linux-x86_64-cpython-310/MinkowskiEngine
copying MinkowskiEngine/sparse_matrix_functions.py -> build/lib.linux-x86_64-cpython-310/MinkowskiEngine
copying MinkowskiEngine/MinkowskiPooling.py -> build/lib.linux-x86_64-cpython-310/MinkowskiEngine
copying MinkowskiEngine/MinkowskiNonlinearity.py -> build/lib.linux-x86_64-cpython-310/MinkowskiEngine
copying MinkowskiEngine/__init__.py -> build/lib.linux-x86_64-cpython-310/MinkowskiEngine
copying MinkowskiEngine/MinkowskiNetwork.py -> build/lib.linux-x86_64-cpython-310/MinkowskiEngine
copying MinkowskiEngine/MinkowskiTensor.py -> build/lib.linux-x86_64-cpython-310/MinkowskiEngine
copying MinkowskiEngine/MinkowskiBroadcast.py -> build/lib.linux-x86_64-cpython-310/MinkowskiEngine
copying MinkowskiEngine/MinkowskiSparseTensor.py -> build/lib.linux-x86_64-cpython-310/MinkowskiEngine
copying MinkowskiEngine/MinkowskiKernelGenerator.py -> build/lib.linux-x86_64-cpython-310/MinkowskiEngine
copying MinkowskiEngine/diagnostics.py -> build/lib.linux-x86_64-cpython-310/MinkowskiEngine
creating build/lib.linux-x86_64-cpython-310/MinkowskiEngine/utils
copying MinkowskiEngine/utils/coords.py -> build/lib.linux-x86_64-cpython-310/MinkowskiEngine/utils
copying MinkowskiEngine/utils/quantization.py -> build/lib.linux-x86_64-cpython-310/MinkowskiEngine/utils
copying MinkowskiEngine/utils/__init__.py -> build/lib.linux-x86_64-cpython-310/MinkowskiEngine/utils
copying MinkowskiEngine/utils/init.py -> build/lib.linux-x86_64-cpython-310/MinkowskiEngine/utils
copying MinkowskiEngine/utils/collation.py -> build/lib.linux-x86_64-cpython-310/MinkowskiEngine/utils
copying MinkowskiEngine/utils/summary.py -> build/lib.linux-x86_64-cpython-310/MinkowskiEngine/utils
copying MinkowskiEngine/utils/gradcheck.py -> build/lib.linux-x86_64-cpython-310/MinkowskiEngine/utils
creating build/lib.linux-x86_64-cpython-310/MinkowskiEngine/modules
copying MinkowskiEngine/modules/__init__.py -> build/lib.linux-x86_64-cpython-310/MinkowskiEngine/modules
copying MinkowskiEngine/modules/senet_block.py -> build/lib.linux-x86_64-cpython-310/MinkowskiEngine/modules
copying MinkowskiEngine/modules/resnet_block.py -> build/lib.linux-x86_64-cpython-310/MinkowskiEngine/modules
running build_ext
W1021 19:44:40.198000 1387498 site-packages/torch/utils/cpp_extension.py:531] There are no /home/ez48awud/miniconda3/envs/lidiff_hpc/bin/x86_64-conda-linux-gnu-c++ version bounds defined for CUDA version 13.0
building 'MinkowskiEngineBackend._C' extension
creating /home/ez48awud/Documents/implementations/LiDiff/MinkowskiEngine/build/temp.linux-x86_64-cpython-310/home/ez48awud/Documents/implementations/LiDiff/MinkowskiEngine/src
creating /home/ez48awud/Documents/implementations/LiDiff/MinkowskiEngine/build/temp.linux-x86_64-cpython-310/pybind
[1/21] /home/ez48awud/miniconda3/envs/lidiff_hpc/bin/nvcc --generate-dependencies-with-compile --dependency-output /home/ez48awud/Documents/implementations/LiDiff/MinkowskiEngine/build/temp.linux-x86_64-cpython-310/home/ez48awud/Documents/implementations/LiDiff/MinkowskiEngine/src/broadcast_kernel.o.d -DNVTX_DISABLE -I/home/ez48awud/miniconda3/envs/lidiff_hpc/lib/python3.10/site-packages/torch/include -I/home/ez48awud/miniconda3/envs/lidiff_hpc/lib/python3.10/site-packages/torch/include/torch/csrc/api/include -I/home/ez48awud/miniconda3/envs/lidiff_hpc/include -I/home/ez48awud/Documents/implementations/LiDiff/MinkowskiEngine/src -I/home/ez48awud/Documents/implementations/LiDiff/MinkowskiEngine/src/3rdparty -I/home/ez48awud/miniconda3/envs/lidiff_hpc/include/python3.10 -c -c /home/ez48awud/Documents/implementations/LiDiff/MinkowskiEngine/src/broadcast_kernel.cu -o /home/ez48awud/Documents/implementations/LiDiff/MinkowskiEngine/build/temp.linux-x86_64-cpython-310/home/ez48awud/Documents/implementations/LiDiff/MinkowskiEngine/src/broadcast_kernel.o -D__CUDA_NO_HALF_OPERATORS__ -D__CUDA_NO_HALF_CONVERSIONS__ -D__CUDA_NO_BFLOAT16_CONVERSIONS__ -D__CUDA_NO_HALF2_OPERATORS__ --expt-relaxed-constexpr --compiler-options ''"'"'-fPIC'"'"'' --expt-relaxed-constexpr --expt-extended-lambda -O3 -Xcompiler=-fno-gnu-unique -Xcompiler -fdiagnostics-color=always -DTORCH_API_INCLUDE_EXTENSION_H -DTORCH_EXTENSION_NAME=_C -gencode=arch=compute_100,code=sm_100 -gencode=arch=compute_103,code=sm_103 -gencode=arch=compute_110,code=sm_110 -gencode=arch=compute_120,code=sm_120 -gencode=arch=compute_121,code=compute_121 -gencode=arch=compute_121,code=sm_121 -gencode=arch=compute_75,code=sm_75 -gencode=arch=compute_80,code=sm_80 -gencode=arch=compute_86,code=sm_86 -gencode=arch=compute_89,code=sm_89 -gencode=arch=compute_90,code=sm_90 -ccbin /home/ez48awud/miniconda3/envs/lidiff_hpc/bin/x86_64-conda-linux-gnu-c++ -std=c++17
/home/ez48awud/Documents/implementations/LiDiff/MinkowskiEngine/src/utils.hpp:206:38: warning: 'template<class _Category, class _Tp, class _Distance, class _Pointer, class _Reference> struct std::iterator' is deprecated [-Wdeprecated-declarations]
  206 |   class iterator
      |                                      ^       
/home/ez48awud/miniconda3/envs/lidiff_hpc/lib/gcc/x86_64-conda-linux-gnu/13.2.0/include/c++/bits/stl_iterator_base_types.h:127:27: note: declared here
  127 |     struct _GLIBCXX17_DEPRECATED iterator
      |                           ^~~~~~~~
[2/21] /home/ez48awud/miniconda3/envs/lidiff_hpc/bin/nvcc --generate-dependencies-with-compile --dependency-output /home/ez48awud/Documents/implementations/LiDiff/MinkowskiEngine/build/temp.linux-x86_64-cpython-310/home/ez48awud/Documents/implementations/LiDiff/MinkowskiEngine/src/convolution_kernel.o.d -DNVTX_DISABLE -I/home/ez48awud/miniconda3/envs/lidiff_hpc/lib/python3.10/site-packages/torch/include -I/home/ez48awud/miniconda3/envs/lidiff_hpc/lib/python3.10/site-packages/torch/include/torch/csrc/api/include -I/home/ez48awud/miniconda3/envs/lidiff_hpc/include -I/home/ez48awud/Documents/implementations/LiDiff/MinkowskiEngine/src -I/home/ez48awud/Documents/implementations/LiDiff/MinkowskiEngine/src/3rdparty -I/home/ez48awud/miniconda3/envs/lidiff_hpc/include/python3.10 -c -c /home/ez48awud/Documents/implementations/LiDiff/MinkowskiEngine/src/convolution_kernel.cu -o /home/ez48awud/Documents/implementations/LiDiff/MinkowskiEngine/build/temp.linux-x86_64-cpython-310/home/ez48awud/Documents/implementations/LiDiff/MinkowskiEngine/src/convolution_kernel.o -D__CUDA_NO_HALF_OPERATORS__ -D__CUDA_NO_HALF_CONVERSIONS__ -D__CUDA_NO_BFLOAT16_CONVERSIONS__ -D__CUDA_NO_HALF2_OPERATORS__ --expt-relaxed-constexpr --compiler-options ''"'"'-fPIC'"'"'' --expt-relaxed-constexpr --expt-extended-lambda -O3 -Xcompiler=-fno-gnu-unique -Xcompiler -fdiagnostics-color=always -DTORCH_API_INCLUDE_EXTENSION_H -DTORCH_EXTENSION_NAME=_C -gencode=arch=compute_100,code=sm_100 -gencode=arch=compute_103,code=sm_103 -gencode=arch=compute_110,code=sm_110 -gencode=arch=compute_120,code=sm_120 -gencode=arch=compute_121,code=compute_121 -gencode=arch=compute_121,code=sm_121 -gencode=arch=compute_75,code=sm_75 -gencode=arch=compute_80,code=sm_80 -gencode=arch=compute_86,code=sm_86 -gencode=arch=compute_89,code=sm_89 -gencode=arch=compute_90,code=sm_90 -ccbin /home/ez48awud/miniconda3/envs/lidiff_hpc/bin/x86_64-conda-linux-gnu-c++ -std=c++17
/home/ez48awud/Documents/implementations/LiDiff/MinkowskiEngine/src/convolution_kernel.cu(334): warning #68-D: integer conversion resulted in a change of sign
    size_t n_active_in_volume, shared_mem_size = -1;
                                                 ^

Remark: The warnings can be suppressed with "-diag-suppress <warning-number>"

/home/ez48awud/Documents/implementations/LiDiff/MinkowskiEngine/src/convolution_kernel.cu(573): warning #68-D: integer conversion resulted in a change of sign
    size_t n_active_in_volume, shared_mem_size = -1;
                                                 ^

/home/ez48awud/Documents/implementations/LiDiff/MinkowskiEngine/src/convolution_kernel.cu(334): warning #68-D: integer conversion resulted in a change of sign
    size_t n_active_in_volume, shared_mem_size = -1;
                                                 ^

Remark: The warnings can be suppressed with "-diag-suppress <warning-number>"

/home/ez48awud/Documents/implementations/LiDiff/MinkowskiEngine/src/convolution_kernel.cu(573): warning #68-D: integer conversion resulted in a change of sign
    size_t n_active_in_volume, shared_mem_size = -1;
                                                 ^

/home/ez48awud/Documents/implementations/LiDiff/MinkowskiEngine/src/convolution_kernel.cu(334): warning #68-D: integer conversion resulted in a change of sign
    size_t n_active_in_volume, shared_mem_size = -1;
                                                 ^

Remark: The warnings can be suppressed with "-diag-suppress <warning-number>"

/home/ez48awud/Documents/implementations/LiDiff/MinkowskiEngine/src/convolution_kernel.cu(573): warning #68-D: integer conversion resulted in a change of sign
    size_t n_active_in_volume, shared_mem_size = -1;
                                                 ^

/home/ez48awud/Documents/implementations/LiDiff/MinkowskiEngine/src/convolution_kernel.cu(334): warning #68-D: integer conversion resulted in a change of sign
    size_t n_active_in_volume, shared_mem_size = -1;
                                                 ^

Remark: The warnings can be suppressed with "-diag-suppress <warning-number>"

/home/ez48awud/Documents/implementations/LiDiff/MinkowskiEngine/src/convolution_kernel.cu(573): warning #68-D: integer conversion resulted in a change of sign
    size_t n_active_in_volume, shared_mem_size = -1;
                                                 ^

/home/ez48awud/Documents/implementations/LiDiff/MinkowskiEngine/src/convolution_kernel.cu(334): warning #68-D: integer conversion resulted in a change of sign
    size_t n_active_in_volume, shared_mem_size = -1;
                                                 ^

Remark: The warnings can be suppressed with "-diag-suppress <warning-number>"

/home/ez48awud/Documents/implementations/LiDiff/MinkowskiEngine/src/convolution_kernel.cu(573): warning #68-D: integer conversion resulted in a change of sign
    size_t n_active_in_volume, shared_mem_size = -1;
                                                 ^

/home/ez48awud/Documents/implementations/LiDiff/MinkowskiEngine/src/convolution_kernel.cu(334): warning #68-D: integer conversion resulted in a change of sign
    size_t n_active_in_volume, shared_mem_size = -1;
                                                 ^

Remark: The warnings can be suppressed with "-diag-suppress <warning-number>"

/home/ez48awud/Documents/implementations/LiDiff/MinkowskiEngine/src/convolution_kernel.cu(573): warning #68-D: integer conversion resulted in a change of sign
    size_t n_active_in_volume, shared_mem_size = -1;
                                                 ^

/home/ez48awud/Documents/implementations/LiDiff/MinkowskiEngine/src/convolution_kernel.cu(334): warning #68-D: integer conversion resulted in a change of sign
    size_t n_active_in_volume, shared_mem_size = -1;
                                                 ^

Remark: The warnings can be suppressed with "-diag-suppress <warning-number>"

/home/ez48awud/Documents/implementations/LiDiff/MinkowskiEngine/src/convolution_kernel.cu(573): warning #68-D: integer conversion resulted in a change of sign
    size_t n_active_in_volume, shared_mem_size = -1;
                                                 ^

/home/ez48awud/Documents/implementations/LiDiff/MinkowskiEngine/src/convolution_kernel.cu(334): warning #68-D: integer conversion resulted in a change of sign
    size_t n_active_in_volume, shared_mem_size = -1;
                                                 ^

Remark: The warnings can be suppressed with "-diag-suppress <warning-number>"

/home/ez48awud/Documents/implementations/LiDiff/MinkowskiEngine/src/convolution_kernel.cu(573): warning #68-D: integer conversion resulted in a change of sign
    size_t n_active_in_volume, shared_mem_size = -1;
                                                 ^

/home/ez48awud/Documents/implementations/LiDiff/MinkowskiEngine/src/convolution_kernel.cu(334): warning #68-D: integer conversion resulted in a change of sign
    size_t n_active_in_volume, shared_mem_size = -1;
                                                 ^

Remark: The warnings can be suppressed with "-diag-suppress <warning-number>"

/home/ez48awud/Documents/implementations/LiDiff/MinkowskiEngine/src/convolution_kernel.cu(573): warning #68-D: integer conversion resulted in a change of sign
    size_t n_active_in_volume, shared_mem_size = -1;
                                                 ^

/home/ez48awud/Documents/implementations/LiDiff/MinkowskiEngine/src/convolution_kernel.cu(334): warning #68-D: integer conversion resulted in a change of sign
    size_t n_active_in_volume, shared_mem_size = -1;
                                                 ^

Remark: The warnings can be suppressed with "-diag-suppress <warning-number>"

/home/ez48awud/Documents/implementations/LiDiff/MinkowskiEngine/src/convolution_kernel.cu(573): warning #68-D: integer conversion resulted in a change of sign
    size_t n_active_in_volume, shared_mem_size = -1;
                                                 ^

/home/ez48awud/Documents/implementations/LiDiff/MinkowskiEngine/src/convolution_kernel.cu(334): warning #68-D: integer conversion resulted in a change of sign
    size_t n_active_in_volume, shared_mem_size = -1;
                                                 ^

Remark: The warnings can be suppressed with "-diag-suppress <warning-number>"

/home/ez48awud/Documents/implementations/LiDiff/MinkowskiEngine/src/convolution_kernel.cu(573): warning #68-D: integer conversion resulted in a change of sign
    size_t n_active_in_volume, shared_mem_size = -1;
                                                 ^

/home/ez48awud/Documents/implementations/LiDiff/MinkowskiEngine/src/utils.hpp:206:38: warning: 'template<class _Category, class _Tp, class _Distance, class _Pointer, class _Reference> struct std::iterator' is deprecated [-Wdeprecated-declarations]
  206 |   class iterator
      |                                      ^       
/home/ez48awud/miniconda3/envs/lidiff_hpc/lib/gcc/x86_64-conda-linux-gnu/13.2.0/include/c++/bits/stl_iterator_base_types.h:127:27: note: declared here
  127 |     struct _GLIBCXX17_DEPRECATED iterator
      |                           ^~~~~~~~
[3/21] /home/ez48awud/miniconda3/envs/lidiff_hpc/bin/nvcc --generate-dependencies-with-compile --dependency-output /home/ez48awud/Documents/implementations/LiDiff/MinkowskiEngine/build/temp.linux-x86_64-cpython-310/home/ez48awud/Documents/implementations/LiDiff/MinkowskiEngine/src/broadcast_gpu.o.d -DNVTX_DISABLE -I/home/ez48awud/miniconda3/envs/lidiff_hpc/lib/python3.10/site-packages/torch/include -I/home/ez48awud/miniconda3/envs/lidiff_hpc/lib/python3.10/site-packages/torch/include/torch/csrc/api/include -I/home/ez48awud/miniconda3/envs/lidiff_hpc/include -I/home/ez48awud/Documents/implementations/LiDiff/MinkowskiEngine/src -I/home/ez48awud/Documents/implementations/LiDiff/MinkowskiEngine/src/3rdparty -I/home/ez48awud/miniconda3/envs/lidiff_hpc/include/python3.10 -c -c /home/ez48awud/Documents/implementations/LiDiff/MinkowskiEngine/src/broadcast_gpu.cu -o /home/ez48awud/Documents/implementations/LiDiff/MinkowskiEngine/build/temp.linux-x86_64-cpython-310/home/ez48awud/Documents/implementations/LiDiff/MinkowskiEngine/src/broadcast_gpu.o -D__CUDA_NO_HALF_OPERATORS__ -D__CUDA_NO_HALF_CONVERSIONS__ -D__CUDA_NO_BFLOAT16_CONVERSIONS__ -D__CUDA_NO_HALF2_OPERATORS__ --expt-relaxed-constexpr --compiler-options ''"'"'-fPIC'"'"'' --expt-relaxed-constexpr --expt-extended-lambda -O3 -Xcompiler=-fno-gnu-unique -Xcompiler -fdiagnostics-color=always -DTORCH_API_INCLUDE_EXTENSION_H -DTORCH_EXTENSION_NAME=_C -gencode=arch=compute_100,code=sm_100 -gencode=arch=compute_103,code=sm_103 -gencode=arch=compute_110,code=sm_110 -gencode=arch=compute_120,code=sm_120 -gencode=arch=compute_121,code=compute_121 -gencode=arch=compute_121,code=sm_121 -gencode=arch=compute_75,code=sm_75 -gencode=arch=compute_80,code=sm_80 -gencode=arch=compute_86,code=sm_86 -gencode=arch=compute_89,code=sm_89 -gencode=arch=compute_90,code=sm_90 -ccbin /home/ez48awud/miniconda3/envs/lidiff_hpc/bin/x86_64-conda-linux-gnu-c++ -std=c++17
/home/ez48awud/Documents/implementations/LiDiff/MinkowskiEngine/src/utils.hpp:206:38: warning: 'template<class _Category, class _Tp, class _Distance, class _Pointer, class _Reference> struct std::iterator' is deprecated [-Wdeprecated-declarations]
  206 |   class iterator
      |                                      ^       
/home/ez48awud/miniconda3/envs/lidiff_hpc/lib/gcc/x86_64-conda-linux-gnu/13.2.0/include/c++/bits/stl_iterator_base_types.h:127:27: note: declared here
  127 |     struct _GLIBCXX17_DEPRECATED iterator
      |                           ^~~~~~~~
[4/21] /home/ez48awud/miniconda3/envs/lidiff_hpc/bin/nvcc --generate-dependencies-with-compile --dependency-output /home/ez48awud/Documents/implementations/LiDiff/MinkowskiEngine/build/temp.linux-x86_64-cpython-310/home/ez48awud/Documents/implementations/LiDiff/MinkowskiEngine/src/convolution_gpu.o.d -DNVTX_DISABLE -I/home/ez48awud/miniconda3/envs/lidiff_hpc/lib/python3.10/site-packages/torch/include -I/home/ez48awud/miniconda3/envs/lidiff_hpc/lib/python3.10/site-packages/torch/include/torch/csrc/api/include -I/home/ez48awud/miniconda3/envs/lidiff_hpc/include -I/home/ez48awud/Documents/implementations/LiDiff/MinkowskiEngine/src -I/home/ez48awud/Documents/implementations/LiDiff/MinkowskiEngine/src/3rdparty -I/home/ez48awud/miniconda3/envs/lidiff_hpc/include/python3.10 -c -c /home/ez48awud/Documents/implementations/LiDiff/MinkowskiEngine/src/convolution_gpu.cu -o /home/ez48awud/Documents/implementations/LiDiff/MinkowskiEngine/build/temp.linux-x86_64-cpython-310/home/ez48awud/Documents/implementations/LiDiff/MinkowskiEngine/src/convolution_gpu.o -D__CUDA_NO_HALF_OPERATORS__ -D__CUDA_NO_HALF_CONVERSIONS__ -D__CUDA_NO_BFLOAT16_CONVERSIONS__ -D__CUDA_NO_HALF2_OPERATORS__ --expt-relaxed-constexpr --compiler-options ''"'"'-fPIC'"'"'' --expt-relaxed-constexpr --expt-extended-lambda -O3 -Xcompiler=-fno-gnu-unique -Xcompiler -fdiagnostics-color=always -DTORCH_API_INCLUDE_EXTENSION_H -DTORCH_EXTENSION_NAME=_C -gencode=arch=compute_100,code=sm_100 -gencode=arch=compute_103,code=sm_103 -gencode=arch=compute_110,code=sm_110 -gencode=arch=compute_120,code=sm_120 -gencode=arch=compute_121,code=compute_121 -gencode=arch=compute_121,code=sm_121 -gencode=arch=compute_75,code=sm_75 -gencode=arch=compute_80,code=sm_80 -gencode=arch=compute_86,code=sm_86 -gencode=arch=compute_89,code=sm_89 -gencode=arch=compute_90,code=sm_90 -ccbin /home/ez48awud/miniconda3/envs/lidiff_hpc/bin/x86_64-conda-linux-gnu-c++ -std=c++17
/home/ez48awud/Documents/implementations/LiDiff/MinkowskiEngine/src/utils.hpp:206:38: warning: 'template<class _Category, class _Tp, class _Distance, class _Pointer, class _Reference> struct std::iterator' is deprecated [-Wdeprecated-declarations]
  206 |   class iterator
      |                                      ^       
/home/ez48awud/miniconda3/envs/lidiff_hpc/lib/gcc/x86_64-conda-linux-gnu/13.2.0/include/c++/bits/stl_iterator_base_types.h:127:27: note: declared here
  127 |     struct _GLIBCXX17_DEPRECATED iterator
      |                           ^~~~~~~~
[5/21] /home/ez48awud/miniconda3/envs/lidiff_hpc/bin/x86_64-conda-linux-gnu-c++ -MMD -MF /home/ez48awud/Documents/implementations/LiDiff/MinkowskiEngine/build/temp.linux-x86_64-cpython-310/home/ez48awud/Documents/implementations/LiDiff/MinkowskiEngine/src/direct_max_pool.o.d -march=nocona -mtune=haswell -ftree-vectorize -fPIC -fstack-protector-strong -fno-plt -O2 -ffunction-sections -pipe -isystem /home/ez48awud/miniconda3/envs/lidiff_hpc/include -I/home/ez48awud/miniconda3/envs/lidiff_hpc/targets/x86_64-linux/include -I/home/ez48awud/miniconda3/envs/lidiff_hpc/targets/x86_64-linux/include/cccl -DNDEBUG -D_FORTIFY_SOURCE=2 -O2 -isystem /home/ez48awud/miniconda3/envs/lidiff_hpc/include -I/home/ez48awud/miniconda3/envs/lidiff_hpc/targets/x86_64-linux/include -I/home/ez48awud/miniconda3/envs/lidiff_hpc/targets/x86_64-linux/include/cccl -fPIC -DNVTX_DISABLE -I/home/ez48awud/miniconda3/envs/lidiff_hpc/lib/python3.10/site-packages/torch/include -I/home/ez48awud/miniconda3/envs/lidiff_hpc/lib/python3.10/site-packages/torch/include/torch/csrc/api/include -I/home/ez48awud/miniconda3/envs/lidiff_hpc/include -I/home/ez48awud/Documents/implementations/LiDiff/MinkowskiEngine/src -I/home/ez48awud/Documents/implementations/LiDiff/MinkowskiEngine/src/3rdparty -I/home/ez48awud/miniconda3/envs/lidiff_hpc/include/python3.10 -c -c /home/ez48awud/Documents/implementations/LiDiff/MinkowskiEngine/src/direct_max_pool.cpp -o /home/ez48awud/Documents/implementations/LiDiff/MinkowskiEngine/build/temp.linux-x86_64-cpython-310/home/ez48awud/Documents/implementations/LiDiff/MinkowskiEngine/src/direct_max_pool.o -fopenmp -O3 -fdiagnostics-color=always -DTORCH_API_INCLUDE_EXTENSION_H -DTORCH_EXTENSION_NAME=_C -std=c++17
In file included from /home/ez48awud/Documents/implementations/LiDiff/MinkowskiEngine/src/3rdparty/robin_hood.h:56,
                 from /home/ez48awud/Documents/implementations/LiDiff/MinkowskiEngine/src/types.hpp:33,
                 from /home/ez48awud/Documents/implementations/LiDiff/MinkowskiEngine/src/direct_max_pool.cpp:28:
/home/ez48awud/Documents/implementations/LiDiff/MinkowskiEngine/src/3rdparty/../utils.hpp:207:21: warning: 'template<class _Category, class _Tp, class _Distance, class _Pointer, class _Reference> struct std::iterator' is deprecated [-Wdeprecated-declarations]
  207 |       : public std::iterator<std::input_iterator_tag, // iterator_category
      |                     ^~~~~~~~
In file included from /home/ez48awud/miniconda3/envs/lidiff_hpc/lib/gcc/x86_64-conda-linux-gnu/13.2.0/include/c++/bits/stl_algobase.h:65,
                 from /home/ez48awud/miniconda3/envs/lidiff_hpc/lib/gcc/x86_64-conda-linux-gnu/13.2.0/include/c++/bits/hashtable_policy.h:36,
                 from /home/ez48awud/miniconda3/envs/lidiff_hpc/lib/gcc/x86_64-conda-linux-gnu/13.2.0/include/c++/bits/hashtable.h:35,
                 from /home/ez48awud/miniconda3/envs/lidiff_hpc/lib/gcc/x86_64-conda-linux-gnu/13.2.0/include/c++/bits/unordered_map.h:33,
                 from /home/ez48awud/miniconda3/envs/lidiff_hpc/lib/gcc/x86_64-conda-linux-gnu/13.2.0/include/c++/unordered_map:41,
                 from /home/ez48awud/miniconda3/envs/lidiff_hpc/lib/gcc/x86_64-conda-linux-gnu/13.2.0/include/c++/functional:63,
                 from /home/ez48awud/miniconda3/envs/lidiff_hpc/lib/python3.10/site-packages/torch/include/c10/core/DeviceType.h:12,
                 from /home/ez48awud/miniconda3/envs/lidiff_hpc/lib/python3.10/site-packages/torch/include/c10/core/Backend.h:3,
                 from /home/ez48awud/miniconda3/envs/lidiff_hpc/lib/python3.10/site-packages/torch/include/ATen/core/DeprecatedTypeProperties.h:3,
                 from /home/ez48awud/Documents/implementations/LiDiff/MinkowskiEngine/src/dispatcher.hpp:3,
                 from /home/ez48awud/Documents/implementations/LiDiff/MinkowskiEngine/src/direct_max_pool.cpp:27:
/home/ez48awud/miniconda3/envs/lidiff_hpc/lib/gcc/x86_64-conda-linux-gnu/13.2.0/include/c++/bits/stl_iterator_base_types.h:127:34: note: declared here
  127 |     struct _GLIBCXX17_DEPRECATED iterator
      |                                  ^~~~~~~~
[6/21] /home/ez48awud/miniconda3/envs/lidiff_hpc/bin/nvcc --generate-dependencies-with-compile --dependency-output /home/ez48awud/Documents/implementations/LiDiff/MinkowskiEngine/build/temp.linux-x86_64-cpython-310/home/ez48awud/Documents/implementations/LiDiff/MinkowskiEngine/src/convolution_transpose_gpu.o.d -DNVTX_DISABLE -I/home/ez48awud/miniconda3/envs/lidiff_hpc/lib/python3.10/site-packages/torch/include -I/home/ez48awud/miniconda3/envs/lidiff_hpc/lib/python3.10/site-packages/torch/include/torch/csrc/api/include -I/home/ez48awud/miniconda3/envs/lidiff_hpc/include -I/home/ez48awud/Documents/implementations/LiDiff/MinkowskiEngine/src -I/home/ez48awud/Documents/implementations/LiDiff/MinkowskiEngine/src/3rdparty -I/home/ez48awud/miniconda3/envs/lidiff_hpc/include/python3.10 -c -c /home/ez48awud/Documents/implementations/LiDiff/MinkowskiEngine/src/convolution_transpose_gpu.cu -o /home/ez48awud/Documents/implementations/LiDiff/MinkowskiEngine/build/temp.linux-x86_64-cpython-310/home/ez48awud/Documents/implementations/LiDiff/MinkowskiEngine/src/convolution_transpose_gpu.o -D__CUDA_NO_HALF_OPERATORS__ -D__CUDA_NO_HALF_CONVERSIONS__ -D__CUDA_NO_BFLOAT16_CONVERSIONS__ -D__CUDA_NO_HALF2_OPERATORS__ --expt-relaxed-constexpr --compiler-options ''"'"'-fPIC'"'"'' --expt-relaxed-constexpr --expt-extended-lambda -O3 -Xcompiler=-fno-gnu-unique -Xcompiler -fdiagnostics-color=always -DTORCH_API_INCLUDE_EXTENSION_H -DTORCH_EXTENSION_NAME=_C -gencode=arch=compute_100,code=sm_100 -gencode=arch=compute_103,code=sm_103 -gencode=arch=compute_110,code=sm_110 -gencode=arch=compute_120,code=sm_120 -gencode=arch=compute_121,code=compute_121 -gencode=arch=compute_121,code=sm_121 -gencode=arch=compute_75,code=sm_75 -gencode=arch=compute_80,code=sm_80 -gencode=arch=compute_86,code=sm_86 -gencode=arch=compute_89,code=sm_89 -gencode=arch=compute_90,code=sm_90 -ccbin /home/ez48awud/miniconda3/envs/lidiff_hpc/bin/x86_64-conda-linux-gnu-c++ -std=c++17
/home/ez48awud/Documents/implementations/LiDiff/MinkowskiEngine/src/utils.hpp:206:38: warning: 'template<class _Category, class _Tp, class _Distance, class _Pointer, class _Reference> struct std::iterator' is deprecated [-Wdeprecated-declarations]
  206 |   class iterator
      |                                      ^       
/home/ez48awud/miniconda3/envs/lidiff_hpc/lib/gcc/x86_64-conda-linux-gnu/13.2.0/include/c++/bits/stl_iterator_base_types.h:127:27: note: declared here
  127 |     struct _GLIBCXX17_DEPRECATED iterator
      |                           ^~~~~~~~
[7/21] /home/ez48awud/miniconda3/envs/lidiff_hpc/bin/nvcc --generate-dependencies-with-compile --dependency-output /home/ez48awud/Documents/implementations/LiDiff/MinkowskiEngine/build/temp.linux-x86_64-cpython-310/home/ez48awud/Documents/implementations/LiDiff/MinkowskiEngine/src/gpu.o.d -DNVTX_DISABLE -I/home/ez48awud/miniconda3/envs/lidiff_hpc/lib/python3.10/site-packages/torch/include -I/home/ez48awud/miniconda3/envs/lidiff_hpc/lib/python3.10/site-packages/torch/include/torch/csrc/api/include -I/home/ez48awud/miniconda3/envs/lidiff_hpc/include -I/home/ez48awud/Documents/implementations/LiDiff/MinkowskiEngine/src -I/home/ez48awud/Documents/implementations/LiDiff/MinkowskiEngine/src/3rdparty -I/home/ez48awud/miniconda3/envs/lidiff_hpc/include/python3.10 -c -c /home/ez48awud/Documents/implementations/LiDiff/MinkowskiEngine/src/gpu.cu -o /home/ez48awud/Documents/implementations/LiDiff/MinkowskiEngine/build/temp.linux-x86_64-cpython-310/home/ez48awud/Documents/implementations/LiDiff/MinkowskiEngine/src/gpu.o -D__CUDA_NO_HALF_OPERATORS__ -D__CUDA_NO_HALF_CONVERSIONS__ -D__CUDA_NO_BFLOAT16_CONVERSIONS__ -D__CUDA_NO_HALF2_OPERATORS__ --expt-relaxed-constexpr --compiler-options ''"'"'-fPIC'"'"'' --expt-relaxed-constexpr --expt-extended-lambda -O3 -Xcompiler=-fno-gnu-unique -Xcompiler -fdiagnostics-color=always -DTORCH_API_INCLUDE_EXTENSION_H -DTORCH_EXTENSION_NAME=_C -gencode=arch=compute_100,code=sm_100 -gencode=arch=compute_103,code=sm_103 -gencode=arch=compute_110,code=sm_110 -gencode=arch=compute_120,code=sm_120 -gencode=arch=compute_121,code=compute_121 -gencode=arch=compute_121,code=sm_121 -gencode=arch=compute_75,code=sm_75 -gencode=arch=compute_80,code=sm_80 -gencode=arch=compute_86,code=sm_86 -gencode=arch=compute_89,code=sm_89 -gencode=arch=compute_90,code=sm_90 -ccbin /home/ez48awud/miniconda3/envs/lidiff_hpc/bin/x86_64-conda-linux-gnu-c++ -std=c++17
/home/ez48awud/Documents/implementations/LiDiff/MinkowskiEngine/src/gpu.cu(104): warning #177-D: function "minkowski::format_size" was declared but never referenced
  static std::string format_size(uint64_t size) {
                     ^

Remark: The warnings can be suppressed with "-diag-suppress <warning-number>"

/home/ez48awud/Documents/implementations/LiDiff/MinkowskiEngine/src/gpu.cu(104): warning #177-D: function "minkowski::format_size" was declared but never referenced
  static std::string format_size(uint64_t size) {
                     ^

Remark: The warnings can be suppressed with "-diag-suppress <warning-number>"

/home/ez48awud/Documents/implementations/LiDiff/MinkowskiEngine/src/gpu.cu(104): warning #177-D: function "minkowski::format_size" was declared but never referenced
  static std::string format_size(uint64_t size) {
                     ^

Remark: The warnings can be suppressed with "-diag-suppress <warning-number>"

/home/ez48awud/Documents/implementations/LiDiff/MinkowskiEngine/src/gpu.cu(104): warning #177-D: function "minkowski::format_size" was declared but never referenced
  static std::string format_size(uint64_t size) {
                     ^

Remark: The warnings can be suppressed with "-diag-suppress <warning-number>"

/home/ez48awud/Documents/implementations/LiDiff/MinkowskiEngine/src/gpu.cu(104): warning #177-D: function "minkowski::format_size" was declared but never referenced
  static std::string format_size(uint64_t size) {
                     ^

Remark: The warnings can be suppressed with "-diag-suppress <warning-number>"

/home/ez48awud/Documents/implementations/LiDiff/MinkowskiEngine/src/gpu.cu(104): warning #177-D: function "minkowski::format_size" was declared but never referenced
  static std::string format_size(uint64_t size) {
                     ^

Remark: The warnings can be suppressed with "-diag-suppress <warning-number>"

/home/ez48awud/Documents/implementations/LiDiff/MinkowskiEngine/src/gpu.cu(104): warning #177-D: function "minkowski::format_size" was declared but never referenced
  static std::string format_size(uint64_t size) {
                     ^

Remark: The warnings can be suppressed with "-diag-suppress <warning-number>"

/home/ez48awud/Documents/implementations/LiDiff/MinkowskiEngine/src/gpu.cu(104): warning #177-D: function "minkowski::format_size" was declared but never referenced
  static std::string format_size(uint64_t size) {
                     ^

Remark: The warnings can be suppressed with "-diag-suppress <warning-number>"

/home/ez48awud/Documents/implementations/LiDiff/MinkowskiEngine/src/gpu.cu(104): warning #177-D: function "minkowski::format_size" was declared but never referenced
  static std::string format_size(uint64_t size) {
                     ^

Remark: The warnings can be suppressed with "-diag-suppress <warning-number>"

/home/ez48awud/Documents/implementations/LiDiff/MinkowskiEngine/src/gpu.cu(104): warning #177-D: function "minkowski::format_size" was declared but never referenced
  static std::string format_size(uint64_t size) {
                     ^

Remark: The warnings can be suppressed with "-diag-suppress <warning-number>"

/home/ez48awud/Documents/implementations/LiDiff/MinkowskiEngine/src/utils.hpp:206:38: warning: 'template<class _Category, class _Tp, class _Distance, class _Pointer, class _Reference> struct std::iterator' is deprecated [-Wdeprecated-declarations]
  206 |   class iterator
      |                                      ^       
/home/ez48awud/miniconda3/envs/lidiff_hpc/lib/gcc/x86_64-conda-linux-gnu/13.2.0/include/c++/bits/stl_iterator_base_types.h:127:27: note: declared here
  127 |     struct _GLIBCXX17_DEPRECATED iterator
      |                           ^~~~~~~~
[8/21] /home/ez48awud/miniconda3/envs/lidiff_hpc/bin/nvcc --generate-dependencies-with-compile --dependency-output /home/ez48awud/Documents/implementations/LiDiff/MinkowskiEngine/build/temp.linux-x86_64-cpython-310/home/ez48awud/Documents/implementations/LiDiff/MinkowskiEngine/src/global_pooling_gpu.o.d -DNVTX_DISABLE -I/home/ez48awud/miniconda3/envs/lidiff_hpc/lib/python3.10/site-packages/torch/include -I/home/ez48awud/miniconda3/envs/lidiff_hpc/lib/python3.10/site-packages/torch/include/torch/csrc/api/include -I/home/ez48awud/miniconda3/envs/lidiff_hpc/include -I/home/ez48awud/Documents/implementations/LiDiff/MinkowskiEngine/src -I/home/ez48awud/Documents/implementations/LiDiff/MinkowskiEngine/src/3rdparty -I/home/ez48awud/miniconda3/envs/lidiff_hpc/include/python3.10 -c -c /home/ez48awud/Documents/implementations/LiDiff/MinkowskiEngine/src/global_pooling_gpu.cu -o /home/ez48awud/Documents/implementations/LiDiff/MinkowskiEngine/build/temp.linux-x86_64-cpython-310/home/ez48awud/Documents/implementations/LiDiff/MinkowskiEngine/src/global_pooling_gpu.o -D__CUDA_NO_HALF_OPERATORS__ -D__CUDA_NO_HALF_CONVERSIONS__ -D__CUDA_NO_BFLOAT16_CONVERSIONS__ -D__CUDA_NO_HALF2_OPERATORS__ --expt-relaxed-constexpr --compiler-options ''"'"'-fPIC'"'"'' --expt-relaxed-constexpr --expt-extended-lambda -O3 -Xcompiler=-fno-gnu-unique -Xcompiler -fdiagnostics-color=always -DTORCH_API_INCLUDE_EXTENSION_H -DTORCH_EXTENSION_NAME=_C -gencode=arch=compute_100,code=sm_100 -gencode=arch=compute_103,code=sm_103 -gencode=arch=compute_110,code=sm_110 -gencode=arch=compute_120,code=sm_120 -gencode=arch=compute_121,code=compute_121 -gencode=arch=compute_121,code=sm_121 -gencode=arch=compute_75,code=sm_75 -gencode=arch=compute_80,code=sm_80 -gencode=arch=compute_86,code=sm_86 -gencode=arch=compute_89,code=sm_89 -gencode=arch=compute_90,code=sm_90 -ccbin /home/ez48awud/miniconda3/envs/lidiff_hpc/bin/x86_64-conda-linux-gnu-c++ -std=c++17
/home/ez48awud/Documents/implementations/LiDiff/MinkowskiEngine/src/utils.hpp:206:38: warning: 'template<class _Category, class _Tp, class _Distance, class _Pointer, class _Reference> struct std::iterator' is deprecated [-Wdeprecated-declarations]
  206 |   class iterator
      |                                      ^       
/home/ez48awud/miniconda3/envs/lidiff_hpc/lib/gcc/x86_64-conda-linux-gnu/13.2.0/include/c++/bits/stl_iterator_base_types.h:127:27: note: declared here
  127 |     struct _GLIBCXX17_DEPRECATED iterator
      |                           ^~~~~~~~
[9/21] /home/ez48awud/miniconda3/envs/lidiff_hpc/bin/nvcc --generate-dependencies-with-compile --dependency-output /home/ez48awud/Documents/implementations/LiDiff/MinkowskiEngine/build/temp.linux-x86_64-cpython-310/home/ez48awud/Documents/implementations/LiDiff/MinkowskiEngine/src/coordinate_map_manager.o.d -DNVTX_DISABLE -I/home/ez48awud/miniconda3/envs/lidiff_hpc/lib/python3.10/site-packages/torch/include -I/home/ez48awud/miniconda3/envs/lidiff_hpc/lib/python3.10/site-packages/torch/include/torch/csrc/api/include -I/home/ez48awud/miniconda3/envs/lidiff_hpc/include -I/home/ez48awud/Documents/implementations/LiDiff/MinkowskiEngine/src -I/home/ez48awud/Documents/implementations/LiDiff/MinkowskiEngine/src/3rdparty -I/home/ez48awud/miniconda3/envs/lidiff_hpc/include/python3.10 -c -c /home/ez48awud/Documents/implementations/LiDiff/MinkowskiEngine/src/coordinate_map_manager.cu -o /home/ez48awud/Documents/implementations/LiDiff/MinkowskiEngine/build/temp.linux-x86_64-cpython-310/home/ez48awud/Documents/implementations/LiDiff/MinkowskiEngine/src/coordinate_map_manager.o -D__CUDA_NO_HALF_OPERATORS__ -D__CUDA_NO_HALF_CONVERSIONS__ -D__CUDA_NO_BFLOAT16_CONVERSIONS__ -D__CUDA_NO_HALF2_OPERATORS__ --expt-relaxed-constexpr --compiler-options ''"'"'-fPIC'"'"'' --expt-relaxed-constexpr --expt-extended-lambda -O3 -Xcompiler=-fno-gnu-unique -Xcompiler -fdiagnostics-color=always -DTORCH_API_INCLUDE_EXTENSION_H -DTORCH_EXTENSION_NAME=_C -gencode=arch=compute_100,code=sm_100 -gencode=arch=compute_103,code=sm_103 -gencode=arch=compute_110,code=sm_110 -gencode=arch=compute_120,code=sm_120 -gencode=arch=compute_121,code=compute_121 -gencode=arch=compute_121,code=sm_121 -gencode=arch=compute_75,code=sm_75 -gencode=arch=compute_80,code=sm_80 -gencode=arch=compute_86,code=sm_86 -gencode=arch=compute_89,code=sm_89 -gencode=arch=compute_90,code=sm_90 -ccbin /home/ez48awud/miniconda3/envs/lidiff_hpc/bin/x86_64-conda-linux-gnu-c++ -std=c++17
/home/ez48awud/Documents/implementations/LiDiff/MinkowskiEngine/src/coordinate_map_manager.cpp(717): warning #430-D: returning reference to local temporary
        return detail::empty_map_functor<coordinate_type, TemplatedAllocator,
               ^
          detected during instantiation of "const minkowski::CoordinateMapManager<coordinate_type, coordinate_field_type, TemplatedAllocator, CoordinateMapType>::kernel_map_type &minkowski::CoordinateMapManager<coordinate_type, coordinate_field_type, TemplatedAllocator, CoordinateMapType>::kernel_map(const minkowski::CoordinateMapKey *, const minkowski::CoordinateMapKey *, const minkowski::CoordinateMapManager<coordinate_type, coordinate_field_type, TemplatedAllocator, CoordinateMapType>::stride_type &, const minkowski::CoordinateMapManager<coordinate_type, coordinate_field_type, TemplatedAllocator, CoordinateMapType>::stride_type &, const minkowski::CoordinateMapManager<coordinate_type, coordinate_field_type, TemplatedAllocator, CoordinateMapType>::stride_type &, minkowski::RegionType::Type, const at::Tensor &, bool, bool) [with coordinate_type=int32_t, coordinate_field_type=float, TemplatedAllocator=std::allocator, CoordinateMapType=minkowski::CoordinateMapCPU]" at line 1451

Remark: The warnings can be suppressed with "-diag-suppress <warning-number>"

/home/ez48awud/Documents/implementations/LiDiff/MinkowskiEngine/src/coordinate_map_manager.cpp(717): warning #430-D: returning reference to local temporary
        return detail::empty_map_functor<coordinate_type, TemplatedAllocator,
               ^
          detected during instantiation of "const minkowski::CoordinateMapManager<coordinate_type, coordinate_field_type, TemplatedAllocator, CoordinateMapType>::kernel_map_type &minkowski::CoordinateMapManager<coordinate_type, coordinate_field_type, TemplatedAllocator, CoordinateMapType>::kernel_map(const minkowski::CoordinateMapKey *, const minkowski::CoordinateMapKey *, const minkowski::CoordinateMapManager<coordinate_type, coordinate_field_type, TemplatedAllocator, CoordinateMapType>::stride_type &, const minkowski::CoordinateMapManager<coordinate_type, coordinate_field_type, TemplatedAllocator, CoordinateMapType>::stride_type &, const minkowski::CoordinateMapManager<coordinate_type, coordinate_field_type, TemplatedAllocator, CoordinateMapType>::stride_type &, minkowski::RegionType::Type, const at::Tensor &, bool, bool) [with coordinate_type=int32_t, coordinate_field_type=float, TemplatedAllocator=minkowski::detail::default_allocator, CoordinateMapType=minkowski::CoordinateMapGPU]" at line 401 of /home/ez48awud/Documents/implementations/LiDiff/MinkowskiEngine/src/coordinate_map_manager.cu

/home/ez48awud/Documents/implementations/LiDiff/MinkowskiEngine/src/coordinate_map_manager.cpp(717): warning #430-D: returning reference to local temporary
        return detail::empty_map_functor<coordinate_type, TemplatedAllocator,
               ^
          detected during instantiation of "const minkowski::CoordinateMapManager<coordinate_type, coordinate_field_type, TemplatedAllocator, CoordinateMapType>::kernel_map_type &minkowski::CoordinateMapManager<coordinate_type, coordinate_field_type, TemplatedAllocator, CoordinateMapType>::kernel_map(const minkowski::CoordinateMapKey *, const minkowski::CoordinateMapKey *, const minkowski::CoordinateMapManager<coordinate_type, coordinate_field_type, TemplatedAllocator, CoordinateMapType>::stride_type &, const minkowski::CoordinateMapManager<coordinate_type, coordinate_field_type, TemplatedAllocator, CoordinateMapType>::stride_type &, const minkowski::CoordinateMapManager<coordinate_type, coordinate_field_type, TemplatedAllocator, CoordinateMapType>::stride_type &, minkowski::RegionType::Type, const at::Tensor &, bool, bool) [with coordinate_type=int32_t, coordinate_field_type=float, TemplatedAllocator=minkowski::detail::c10_allocator, CoordinateMapType=minkowski::CoordinateMapGPU]" at line 404 of /home/ez48awud/Documents/implementations/LiDiff/MinkowskiEngine/src/coordinate_map_manager.cu

/home/ez48awud/Documents/implementations/LiDiff/MinkowskiEngine/src/coordinate_map_cpu.hpp(58): warning #177-D: variable "float_type" was declared but never referenced
    at::ScalarType const float_type =
                         ^
          detected during:
            instantiation of "std::pair<at::Tensor, at::Tensor> minkowski::CoordinateMapCPU<coordinate_type, TemplatedAllocator>::field_map(const coordinate_field_type *, minkowski::CoordinateMapCPU<coordinate_type, TemplatedAllocator>::size_type) const [with coordinate_type=int32_t, TemplatedAllocator=std::allocator, coordinate_field_type=float]" at line 329 of /home/ez48awud/Documents/implementations/LiDiff/MinkowskiEngine/src/coordinate_map_manager.cpp
            instantiation of "std::pair<at::Tensor, at::Tensor> minkowski::CoordinateMapManager<coordinate_type, coordinate_field_type, TemplatedAllocator, CoordinateMapType>::field_to_sparse_map(const minkowski::CoordinateMapKey *, const minkowski::CoordinateMapKey *) [with coordinate_type=int32_t, coordinate_field_type=float, TemplatedAllocator=std::allocator, CoordinateMapType=minkowski::CoordinateMapCPU]" at line 1451 of /home/ez48awud/Documents/implementations/LiDiff/MinkowskiEngine/src/coordinate_map_manager.cpp

Remark: The warnings can be suppressed with "-diag-suppress <warning-number>"

/home/ez48awud/Documents/implementations/LiDiff/MinkowskiEngine/src/coordinate_map_manager.cpp(717): warning #430-D: returning reference to local temporary
        return detail::empty_map_functor<coordinate_type, TemplatedAllocator,
               ^
          detected during instantiation of "const minkowski::CoordinateMapManager<coordinate_type, coordinate_field_type, TemplatedAllocator, CoordinateMapType>::kernel_map_type &minkowski::CoordinateMapManager<coordinate_type, coordinate_field_type, TemplatedAllocator, CoordinateMapType>::kernel_map(const minkowski::CoordinateMapKey *, const minkowski::CoordinateMapKey *, const minkowski::CoordinateMapManager<coordinate_type, coordinate_field_type, TemplatedAllocator, CoordinateMapType>::stride_type &, const minkowski::CoordinateMapManager<coordinate_type, coordinate_field_type, TemplatedAllocator, CoordinateMapType>::stride_type &, const minkowski::CoordinateMapManager<coordinate_type, coordinate_field_type, TemplatedAllocator, CoordinateMapType>::stride_type &, minkowski::RegionType::Type, const at::Tensor &, __nv_bool, __nv_bool) [with coordinate_type=int32_t, coordinate_field_type=float, TemplatedAllocator=std::allocator, CoordinateMapType=minkowski::CoordinateMapCPU]" at line 1451

/home/ez48awud/Documents/implementations/LiDiff/MinkowskiEngine/src/coordinate_map_manager.cpp(717): warning #430-D: returning reference to local temporary
        return detail::empty_map_functor<coordinate_type, TemplatedAllocator,
               ^
          detected during instantiation of "const minkowski::CoordinateMapManager<coordinate_type, coordinate_field_type, TemplatedAllocator, CoordinateMapType>::kernel_map_type &minkowski::CoordinateMapManager<coordinate_type, coordinate_field_type, TemplatedAllocator, CoordinateMapType>::kernel_map(const minkowski::CoordinateMapKey *, const minkowski::CoordinateMapKey *, const minkowski::CoordinateMapManager<coordinate_type, coordinate_field_type, TemplatedAllocator, CoordinateMapType>::stride_type &, const minkowski::CoordinateMapManager<coordinate_type, coordinate_field_type, TemplatedAllocator, CoordinateMapType>::stride_type &, const minkowski::CoordinateMapManager<coordinate_type, coordinate_field_type, TemplatedAllocator, CoordinateMapType>::stride_type &, minkowski::RegionType::Type, const at::Tensor &, __nv_bool, __nv_bool) [with coordinate_type=int32_t, coordinate_field_type=float, TemplatedAllocator=minkowski::detail::default_allocator, CoordinateMapType=minkowski::CoordinateMapGPU]" at line 401 of /home/ez48awud/Documents/implementations/LiDiff/MinkowskiEngine/src/coordinate_map_manager.cu

/home/ez48awud/Documents/implementations/LiDiff/MinkowskiEngine/src/kernel_region.hpp(429): warning #20014-D: calling a __host__ function from a __host__ __device__ function is not allowed
                    other.device_tensor_stride(), other.device_kernel_size(),
                                              ^
          detected during:
            instantiation of "minkowski::gpu_kernel_region<coordinate_type>::gpu_kernel_region(const minkowski::cpu_kernel_region<coordinate_type> &) [with coordinate_type=int32_t]" at line 205 of /home/ez48awud/Documents/implementations/LiDiff/MinkowskiEngine/src/coordinate_map_manager.cu
            instantiation of "minkowski::gpu_kernel_map<minkowski::type_wrapper<uint32_t, int32_t, float>::index_type, TemplatedAllocator<char>> minkowski::detail::kernel_map_functor<coordinate_type, TemplatedAllocator, minkowski::CoordinateMapGPU, minkowski::gpu_kernel_map<minkowski::type_wrapper<uint32_t, int32_t, float>::index_type, TemplatedAllocator<char>>>::operator()(const minkowski::CoordinateMapGPU<coordinate_type, TemplatedAllocator> &, const minkowski::CoordinateMapGPU<coordinate_type, TemplatedAllocator> &, minkowski::CUDAKernelMapMode::Mode, minkowski::cpu_kernel_region<coordinate_type> &) [with coordinate_type=int32_t, TemplatedAllocator=minkowski::detail::default_allocator]" at line 753 of /home/ez48awud/Documents/implementations/LiDiff/MinkowskiEngine/src/coordinate_map_manager.cpp
            instantiation of "const minkowski::CoordinateMapManager<coordinate_type, coordinate_field_type, TemplatedAllocator, CoordinateMapType>::kernel_map_type &minkowski::CoordinateMapManager<coordinate_type, coordinate_field_type, TemplatedAllocator, CoordinateMapType>::kernel_map(const minkowski::CoordinateMapKey *, const minkowski::CoordinateMapKey *, const minkowski::CoordinateMapManager<coordinate_type, coordinate_field_type, TemplatedAllocator, CoordinateMapType>::stride_type &, const minkowski::CoordinateMapManager<coordinate_type, coordinate_field_type, TemplatedAllocator, CoordinateMapType>::stride_type &, const minkowski::CoordinateMapManager<coordinate_type, coordinate_field_type, TemplatedAllocator, CoordinateMapType>::stride_type &, minkowski::RegionType::Type, const at::Tensor &, __nv_bool, __nv_bool) [with coordinate_type=int32_t, coordinate_field_type=float, TemplatedAllocator=minkowski::detail::default_allocator, CoordinateMapType=minkowski::CoordinateMapGPU]" at line 401 of /home/ez48awud/Documents/implementations/LiDiff/MinkowskiEngine/src/coordinate_map_manager.cu

/home/ez48awud/Documents/implementations/LiDiff/MinkowskiEngine/src/kernel_region.hpp(429): warning #20014-D: calling a __host__ function from a __host__ __device__ function is not allowed
                    other.device_tensor_stride(), other.device_kernel_size(),
                                                                          ^
          detected during:
            instantiation of "minkowski::gpu_kernel_region<coordinate_type>::gpu_kernel_region(const minkowski::cpu_kernel_region<coordinate_type> &) [with coordinate_type=int32_t]" at line 205 of /home/ez48awud/Documents/implementations/LiDiff/MinkowskiEngine/src/coordinate_map_manager.cu
            instantiation of "minkowski::gpu_kernel_map<minkowski::type_wrapper<uint32_t, int32_t, float>::index_type, TemplatedAllocator<char>> minkowski::detail::kernel_map_functor<coordinate_type, TemplatedAllocator, minkowski::CoordinateMapGPU, minkowski::gpu_kernel_map<minkowski::type_wrapper<uint32_t, int32_t, float>::index_type, TemplatedAllocator<char>>>::operator()(const minkowski::CoordinateMapGPU<coordinate_type, TemplatedAllocator> &, const minkowski::CoordinateMapGPU<coordinate_type, TemplatedAllocator> &, minkowski::CUDAKernelMapMode::Mode, minkowski::cpu_kernel_region<coordinate_type> &) [with coordinate_type=int32_t, TemplatedAllocator=minkowski::detail::default_allocator]" at line 753 of /home/ez48awud/Documents/implementations/LiDiff/MinkowskiEngine/src/coordinate_map_manager.cpp
            instantiation of "const minkowski::CoordinateMapManager<coordinate_type, coordinate_field_type, TemplatedAllocator, CoordinateMapType>::kernel_map_type &minkowski::CoordinateMapManager<coordinate_type, coordinate_field_type, TemplatedAllocator, CoordinateMapType>::kernel_map(const minkowski::CoordinateMapKey *, const minkowski::CoordinateMapKey *, const minkowski::CoordinateMapManager<coordinate_type, coordinate_field_type, TemplatedAllocator, CoordinateMapType>::stride_type &, const minkowski::CoordinateMapManager<coordinate_type, coordinate_field_type, TemplatedAllocator, CoordinateMapType>::stride_type &, const minkowski::CoordinateMapManager<coordinate_type, coordinate_field_type, TemplatedAllocator, CoordinateMapType>::stride_type &, minkowski::RegionType::Type, const at::Tensor &, __nv_bool, __nv_bool) [with coordinate_type=int32_t, coordinate_field_type=float, TemplatedAllocator=minkowski::detail::default_allocator, CoordinateMapType=minkowski::CoordinateMapGPU]" at line 401 of /home/ez48awud/Documents/implementations/LiDiff/MinkowskiEngine/src/coordinate_map_manager.cu

/home/ez48awud/Documents/implementations/LiDiff/MinkowskiEngine/src/kernel_region.hpp(430): warning #20014-D: calling a __host__ function from a __host__ __device__ function is not allowed
                    other.device_dilation(), other.volume(),
                                         ^
          detected during:
            instantiation of "minkowski::gpu_kernel_region<coordinate_type>::gpu_kernel_region(const minkowski::cpu_kernel_region<coordinate_type> &) [with coordinate_type=int32_t]" at line 205 of /home/ez48awud/Documents/implementations/LiDiff/MinkowskiEngine/src/coordinate_map_manager.cu
            instantiation of "minkowski::gpu_kernel_map<minkowski::type_wrapper<uint32_t, int32_t, float>::index_type, TemplatedAllocator<char>> minkowski::detail::kernel_map_functor<coordinate_type, TemplatedAllocator, minkowski::CoordinateMapGPU, minkowski::gpu_kernel_map<minkowski::type_wrapper<uint32_t, int32_t, float>::index_type, TemplatedAllocator<char>>>::operator()(const minkowski::CoordinateMapGPU<coordinate_type, TemplatedAllocator> &, const minkowski::CoordinateMapGPU<coordinate_type, TemplatedAllocator> &, minkowski::CUDAKernelMapMode::Mode, minkowski::cpu_kernel_region<coordinate_type> &) [with coordinate_type=int32_t, TemplatedAllocator=minkowski::detail::default_allocator]" at line 753 of /home/ez48awud/Documents/implementations/LiDiff/MinkowskiEngine/src/coordinate_map_manager.cpp
            instantiation of "const minkowski::CoordinateMapManager<coordinate_type, coordinate_field_type, TemplatedAllocator, CoordinateMapType>::kernel_map_type &minkowski::CoordinateMapManager<coordinate_type, coordinate_field_type, TemplatedAllocator, CoordinateMapType>::kernel_map(const minkowski::CoordinateMapKey *, const minkowski::CoordinateMapKey *, const minkowski::CoordinateMapManager<coordinate_type, coordinate_field_type, TemplatedAllocator, CoordinateMapType>::stride_type &, const minkowski::CoordinateMapManager<coordinate_type, coordinate_field_type, TemplatedAllocator, CoordinateMapType>::stride_type &, const minkowski::CoordinateMapManager<coordinate_type, coordinate_field_type, TemplatedAllocator, CoordinateMapType>::stride_type &, minkowski::RegionType::Type, const at::Tensor &, __nv_bool, __nv_bool) [with coordinate_type=int32_t, coordinate_field_type=float, TemplatedAllocator=minkowski::detail::default_allocator, CoordinateMapType=minkowski::CoordinateMapGPU]" at line 401 of /home/ez48awud/Documents/implementations/LiDiff/MinkowskiEngine/src/coordinate_map_manager.cu

/home/ez48awud/Documents/implementations/LiDiff/MinkowskiEngine/src/kernel_region.hpp(431): warning #20014-D: calling a __host__ function from a __host__ __device__ function is not allowed
                    other.device_offset(), other.num_offset(),
                                       ^
          detected during:
            instantiation of "minkowski::gpu_kernel_region<coordinate_type>::gpu_kernel_region(const minkowski::cpu_kernel_region<coordinate_type> &) [with coordinate_type=int32_t]" at line 205 of /home/ez48awud/Documents/implementations/LiDiff/MinkowskiEngine/src/coordinate_map_manager.cu
            instantiation of "minkowski::gpu_kernel_map<minkowski::type_wrapper<uint32_t, int32_t, float>::index_type, TemplatedAllocator<char>> minkowski::detail::kernel_map_functor<coordinate_type, TemplatedAllocator, minkowski::CoordinateMapGPU, minkowski::gpu_kernel_map<minkowski::type_wrapper<uint32_t, int32_t, float>::index_type, TemplatedAllocator<char>>>::operator()(const minkowski::CoordinateMapGPU<coordinate_type, TemplatedAllocator> &, const minkowski::CoordinateMapGPU<coordinate_type, TemplatedAllocator> &, minkowski::CUDAKernelMapMode::Mode, minkowski::cpu_kernel_region<coordinate_type> &) [with coordinate_type=int32_t, TemplatedAllocator=minkowski::detail::default_allocator]" at line 753 of /home/ez48awud/Documents/implementations/LiDiff/MinkowskiEngine/src/coordinate_map_manager.cpp
            instantiation of "const minkowski::CoordinateMapManager<coordinate_type, coordinate_field_type, TemplatedAllocator, CoordinateMapType>::kernel_map_type &minkowski::CoordinateMapManager<coordinate_type, coordinate_field_type, TemplatedAllocator, CoordinateMapType>::kernel_map(const minkowski::CoordinateMapKey *, const minkowski::CoordinateMapKey *, const minkowski::CoordinateMapManager<coordinate_type, coordinate_field_type, TemplatedAllocator, CoordinateMapType>::stride_type &, const minkowski::CoordinateMapManager<coordinate_type, coordinate_field_type, TemplatedAllocator, CoordinateMapType>::stride_type &, const minkowski::CoordinateMapManager<coordinate_type, coordinate_field_type, TemplatedAllocator, CoordinateMapType>::stride_type &, minkowski::RegionType::Type, const at::Tensor &, __nv_bool, __nv_bool) [with coordinate_type=int32_t, coordinate_field_type=float, TemplatedAllocator=minkowski::detail::default_allocator, CoordinateMapType=minkowski::CoordinateMapGPU]" at line 401 of /home/ez48awud/Documents/implementations/LiDiff/MinkowskiEngine/src/coordinate_map_manager.cu

/home/ez48awud/Documents/implementations/LiDiff/MinkowskiEngine/src/coordinate_map_manager.cpp(717): warning #430-D: returning reference to local temporary
        return detail::empty_map_functor<coordinate_type, TemplatedAllocator,
               ^
          detected during instantiation of "const minkowski::CoordinateMapManager<coordinate_type, coordinate_field_type, TemplatedAllocator, CoordinateMapType>::kernel_map_type &minkowski::CoordinateMapManager<coordinate_type, coordinate_field_type, TemplatedAllocator, CoordinateMapType>::kernel_map(const minkowski::CoordinateMapKey *, const minkowski::CoordinateMapKey *, const minkowski::CoordinateMapManager<coordinate_type, coordinate_field_type, TemplatedAllocator, CoordinateMapType>::stride_type &, const minkowski::CoordinateMapManager<coordinate_type, coordinate_field_type, TemplatedAllocator, CoordinateMapType>::stride_type &, const minkowski::CoordinateMapManager<coordinate_type, coordinate_field_type, TemplatedAllocator, CoordinateMapType>::stride_type &, minkowski::RegionType::Type, const at::Tensor &, __nv_bool, __nv_bool) [with coordinate_type=int32_t, coordinate_field_type=float, TemplatedAllocator=minkowski::detail::c10_allocator, CoordinateMapType=minkowski::CoordinateMapGPU]" at line 404 of /home/ez48awud/Documents/implementations/LiDiff/MinkowskiEngine/src/coordinate_map_manager.cu

/home/ez48awud/Documents/implementations/LiDiff/MinkowskiEngine/src/kernel_region.hpp(429): warning #20011-D: calling a __host__ function("minkowski::cpu_kernel_region<int> ::device_tensor_stride() const") from a __host__ __device__ function("minkowski::gpu_kernel_region<int> ::gpu_kernel_region") is not allowed

/home/ez48awud/Documents/implementations/LiDiff/MinkowskiEngine/src/kernel_region.hpp(429): warning #20011-D: calling a __host__ function("minkowski::cpu_kernel_region<int> ::device_kernel_size() const") from a __host__ __device__ function("minkowski::gpu_kernel_region<int> ::gpu_kernel_region") is not allowed

/home/ez48awud/Documents/implementations/LiDiff/MinkowskiEngine/src/kernel_region.hpp(430): warning #20011-D: calling a __host__ function("minkowski::cpu_kernel_region<int> ::device_dilation() const") from a __host__ __device__ function("minkowski::gpu_kernel_region<int> ::gpu_kernel_region") is not allowed

/home/ez48awud/Documents/implementations/LiDiff/MinkowskiEngine/src/kernel_region.hpp(431): warning #20011-D: calling a __host__ function("minkowski::cpu_kernel_region<int> ::device_offset() const") from a __host__ __device__ function("minkowski::gpu_kernel_region<int> ::gpu_kernel_region") is not allowed

/home/ez48awud/Documents/implementations/LiDiff/MinkowskiEngine/src/coordinate_map_cpu.hpp(58): warning #177-D: variable "float_type" was declared but never referenced
    at::ScalarType const float_type =
                         ^
          detected during:
            instantiation of "std::pair<at::Tensor, at::Tensor> minkowski::CoordinateMapCPU<coordinate_type, TemplatedAllocator>::field_map(const coordinate_field_type *, minkowski::CoordinateMapCPU<coordinate_type, TemplatedAllocator>::size_type) const [with coordinate_type=int32_t, TemplatedAllocator=std::allocator, coordinate_field_type=float]" at line 329 of /home/ez48awud/Documents/implementations/LiDiff/MinkowskiEngine/src/coordinate_map_manager.cpp
            instantiation of "std::pair<at::Tensor, at::Tensor> minkowski::CoordinateMapManager<coordinate_type, coordinate_field_type, TemplatedAllocator, CoordinateMapType>::field_to_sparse_map(const minkowski::CoordinateMapKey *, const minkowski::CoordinateMapKey *) [with coordinate_type=int32_t, coordinate_field_type=float, TemplatedAllocator=std::allocator, CoordinateMapType=minkowski::CoordinateMapCPU]" at line 1451 of /home/ez48awud/Documents/implementations/LiDiff/MinkowskiEngine/src/coordinate_map_manager.cpp

Remark: The warnings can be suppressed with "-diag-suppress <warning-number>"

/home/ez48awud/Documents/implementations/LiDiff/MinkowskiEngine/src/coordinate_map_manager.cpp(717): warning #430-D: returning reference to local temporary
        return detail::empty_map_functor<coordinate_type, TemplatedAllocator,
               ^
          detected during instantiation of "const minkowski::CoordinateMapManager<coordinate_type, coordinate_field_type, TemplatedAllocator, CoordinateMapType>::kernel_map_type &minkowski::CoordinateMapManager<coordinate_type, coordinate_field_type, TemplatedAllocator, CoordinateMapType>::kernel_map(const minkowski::CoordinateMapKey *, const minkowski::CoordinateMapKey *, const minkowski::CoordinateMapManager<coordinate_type, coordinate_field_type, TemplatedAllocator, CoordinateMapType>::stride_type &, const minkowski::CoordinateMapManager<coordinate_type, coordinate_field_type, TemplatedAllocator, CoordinateMapType>::stride_type &, const minkowski::CoordinateMapManager<coordinate_type, coordinate_field_type, TemplatedAllocator, CoordinateMapType>::stride_type &, minkowski::RegionType::Type, const at::Tensor &, __nv_bool, __nv_bool) [with coordinate_type=int32_t, coordinate_field_type=float, TemplatedAllocator=std::allocator, CoordinateMapType=minkowski::CoordinateMapCPU]" at line 1451

/home/ez48awud/Documents/implementations/LiDiff/MinkowskiEngine/src/coordinate_map_manager.cpp(717): warning #430-D: returning reference to local temporary
        return detail::empty_map_functor<coordinate_type, TemplatedAllocator,
               ^
          detected during instantiation of "const minkowski::CoordinateMapManager<coordinate_type, coordinate_field_type, TemplatedAllocator, CoordinateMapType>::kernel_map_type &minkowski::CoordinateMapManager<coordinate_type, coordinate_field_type, TemplatedAllocator, CoordinateMapType>::kernel_map(const minkowski::CoordinateMapKey *, const minkowski::CoordinateMapKey *, const minkowski::CoordinateMapManager<coordinate_type, coordinate_field_type, TemplatedAllocator, CoordinateMapType>::stride_type &, const minkowski::CoordinateMapManager<coordinate_type, coordinate_field_type, TemplatedAllocator, CoordinateMapType>::stride_type &, const minkowski::CoordinateMapManager<coordinate_type, coordinate_field_type, TemplatedAllocator, CoordinateMapType>::stride_type &, minkowski::RegionType::Type, const at::Tensor &, __nv_bool, __nv_bool) [with coordinate_type=int32_t, coordinate_field_type=float, TemplatedAllocator=minkowski::detail::default_allocator, CoordinateMapType=minkowski::CoordinateMapGPU]" at line 401 of /home/ez48awud/Documents/implementations/LiDiff/MinkowskiEngine/src/coordinate_map_manager.cu

/home/ez48awud/Documents/implementations/LiDiff/MinkowskiEngine/src/kernel_region.hpp(429): warning #20014-D: calling a __host__ function from a __host__ __device__ function is not allowed
                    other.device_tensor_stride(), other.device_kernel_size(),
                                              ^
          detected during:
            instantiation of "minkowski::gpu_kernel_region<coordinate_type>::gpu_kernel_region(const minkowski::cpu_kernel_region<coordinate_type> &) [with coordinate_type=int32_t]" at line 205 of /home/ez48awud/Documents/implementations/LiDiff/MinkowskiEngine/src/coordinate_map_manager.cu
            instantiation of "minkowski::gpu_kernel_map<minkowski::type_wrapper<uint32_t, int32_t, float>::index_type, TemplatedAllocator<char>> minkowski::detail::kernel_map_functor<coordinate_type, TemplatedAllocator, minkowski::CoordinateMapGPU, minkowski::gpu_kernel_map<minkowski::type_wrapper<uint32_t, int32_t, float>::index_type, TemplatedAllocator<char>>>::operator()(const minkowski::CoordinateMapGPU<coordinate_type, TemplatedAllocator> &, const minkowski::CoordinateMapGPU<coordinate_type, TemplatedAllocator> &, minkowski::CUDAKernelMapMode::Mode, minkowski::cpu_kernel_region<coordinate_type> &) [with coordinate_type=int32_t, TemplatedAllocator=minkowski::detail::default_allocator]" at line 753 of /home/ez48awud/Documents/implementations/LiDiff/MinkowskiEngine/src/coordinate_map_manager.cpp
            instantiation of "const minkowski::CoordinateMapManager<coordinate_type, coordinate_field_type, TemplatedAllocator, CoordinateMapType>::kernel_map_type &minkowski::CoordinateMapManager<coordinate_type, coordinate_field_type, TemplatedAllocator, CoordinateMapType>::kernel_map(const minkowski::CoordinateMapKey *, const minkowski::CoordinateMapKey *, const minkowski::CoordinateMapManager<coordinate_type, coordinate_field_type, TemplatedAllocator, CoordinateMapType>::stride_type &, const minkowski::CoordinateMapManager<coordinate_type, coordinate_field_type, TemplatedAllocator, CoordinateMapType>::stride_type &, const minkowski::CoordinateMapManager<coordinate_type, coordinate_field_type, TemplatedAllocator, CoordinateMapType>::stride_type &, minkowski::RegionType::Type, const at::Tensor &, __nv_bool, __nv_bool) [with coordinate_type=int32_t, coordinate_field_type=float, TemplatedAllocator=minkowski::detail::default_allocator, CoordinateMapType=minkowski::CoordinateMapGPU]" at line 401 of /home/ez48awud/Documents/implementations/LiDiff/MinkowskiEngine/src/coordinate_map_manager.cu

/home/ez48awud/Documents/implementations/LiDiff/MinkowskiEngine/src/kernel_region.hpp(429): warning #20014-D: calling a __host__ function from a __host__ __device__ function is not allowed
                    other.device_tensor_stride(), other.device_kernel_size(),
                                                                          ^
          detected during:
            instantiation of "minkowski::gpu_kernel_region<coordinate_type>::gpu_kernel_region(const minkowski::cpu_kernel_region<coordinate_type> &) [with coordinate_type=int32_t]" at line 205 of /home/ez48awud/Documents/implementations/LiDiff/MinkowskiEngine/src/coordinate_map_manager.cu
            instantiation of "minkowski::gpu_kernel_map<minkowski::type_wrapper<uint32_t, int32_t, float>::index_type, TemplatedAllocator<char>> minkowski::detail::kernel_map_functor<coordinate_type, TemplatedAllocator, minkowski::CoordinateMapGPU, minkowski::gpu_kernel_map<minkowski::type_wrapper<uint32_t, int32_t, float>::index_type, TemplatedAllocator<char>>>::operator()(const minkowski::CoordinateMapGPU<coordinate_type, TemplatedAllocator> &, const minkowski::CoordinateMapGPU<coordinate_type, TemplatedAllocator> &, minkowski::CUDAKernelMapMode::Mode, minkowski::cpu_kernel_region<coordinate_type> &) [with coordinate_type=int32_t, TemplatedAllocator=minkowski::detail::default_allocator]" at line 753 of /home/ez48awud/Documents/implementations/LiDiff/MinkowskiEngine/src/coordinate_map_manager.cpp
            instantiation of "const minkowski::CoordinateMapManager<coordinate_type, coordinate_field_type, TemplatedAllocator, CoordinateMapType>::kernel_map_type &minkowski::CoordinateMapManager<coordinate_type, coordinate_field_type, TemplatedAllocator, CoordinateMapType>::kernel_map(const minkowski::CoordinateMapKey *, const minkowski::CoordinateMapKey *, const minkowski::CoordinateMapManager<coordinate_type, coordinate_field_type, TemplatedAllocator, CoordinateMapType>::stride_type &, const minkowski::CoordinateMapManager<coordinate_type, coordinate_field_type, TemplatedAllocator, CoordinateMapType>::stride_type &, const minkowski::CoordinateMapManager<coordinate_type, coordinate_field_type, TemplatedAllocator, CoordinateMapType>::stride_type &, minkowski::RegionType::Type, const at::Tensor &, __nv_bool, __nv_bool) [with coordinate_type=int32_t, coordinate_field_type=float, TemplatedAllocator=minkowski::detail::default_allocator, CoordinateMapType=minkowski::CoordinateMapGPU]" at line 401 of /home/ez48awud/Documents/implementations/LiDiff/MinkowskiEngine/src/coordinate_map_manager.cu

/home/ez48awud/Documents/implementations/LiDiff/MinkowskiEngine/src/kernel_region.hpp(430): warning #20014-D: calling a __host__ function from a __host__ __device__ function is not allowed
                    other.device_dilation(), other.volume(),
                                         ^
          detected during:
            instantiation of "minkowski::gpu_kernel_region<coordinate_type>::gpu_kernel_region(const minkowski::cpu_kernel_region<coordinate_type> &) [with coordinate_type=int32_t]" at line 205 of /home/ez48awud/Documents/implementations/LiDiff/MinkowskiEngine/src/coordinate_map_manager.cu
            instantiation of "minkowski::gpu_kernel_map<minkowski::type_wrapper<uint32_t, int32_t, float>::index_type, TemplatedAllocator<char>> minkowski::detail::kernel_map_functor<coordinate_type, TemplatedAllocator, minkowski::CoordinateMapGPU, minkowski::gpu_kernel_map<minkowski::type_wrapper<uint32_t, int32_t, float>::index_type, TemplatedAllocator<char>>>::operator()(const minkowski::CoordinateMapGPU<coordinate_type, TemplatedAllocator> &, const minkowski::CoordinateMapGPU<coordinate_type, TemplatedAllocator> &, minkowski::CUDAKernelMapMode::Mode, minkowski::cpu_kernel_region<coordinate_type> &) [with coordinate_type=int32_t, TemplatedAllocator=minkowski::detail::default_allocator]" at line 753 of /home/ez48awud/Documents/implementations/LiDiff/MinkowskiEngine/src/coordinate_map_manager.cpp
            instantiation of "const minkowski::CoordinateMapManager<coordinate_type, coordinate_field_type, TemplatedAllocator, CoordinateMapType>::kernel_map_type &minkowski::CoordinateMapManager<coordinate_type, coordinate_field_type, TemplatedAllocator, CoordinateMapType>::kernel_map(const minkowski::CoordinateMapKey *, const minkowski::CoordinateMapKey *, const minkowski::CoordinateMapManager<coordinate_type, coordinate_field_type, TemplatedAllocator, CoordinateMapType>::stride_type &, const minkowski::CoordinateMapManager<coordinate_type, coordinate_field_type, TemplatedAllocator, CoordinateMapType>::stride_type &, const minkowski::CoordinateMapManager<coordinate_type, coordinate_field_type, TemplatedAllocator, CoordinateMapType>::stride_type &, minkowski::RegionType::Type, const at::Tensor &, __nv_bool, __nv_bool) [with coordinate_type=int32_t, coordinate_field_type=float, TemplatedAllocator=minkowski::detail::default_allocator, CoordinateMapType=minkowski::CoordinateMapGPU]" at line 401 of /home/ez48awud/Documents/implementations/LiDiff/MinkowskiEngine/src/coordinate_map_manager.cu

/home/ez48awud/Documents/implementations/LiDiff/MinkowskiEngine/src/kernel_region.hpp(431): warning #20014-D: calling a __host__ function from a __host__ __device__ function is not allowed
                    other.device_offset(), other.num_offset(),
                                       ^
          detected during:
            instantiation of "minkowski::gpu_kernel_region<coordinate_type>::gpu_kernel_region(const minkowski::cpu_kernel_region<coordinate_type> &) [with coordinate_type=int32_t]" at line 205 of /home/ez48awud/Documents/implementations/LiDiff/MinkowskiEngine/src/coordinate_map_manager.cu
            instantiation of "minkowski::gpu_kernel_map<minkowski::type_wrapper<uint32_t, int32_t, float>::index_type, TemplatedAllocator<char>> minkowski::detail::kernel_map_functor<coordinate_type, TemplatedAllocator, minkowski::CoordinateMapGPU, minkowski::gpu_kernel_map<minkowski::type_wrapper<uint32_t, int32_t, float>::index_type, TemplatedAllocator<char>>>::operator()(const minkowski::CoordinateMapGPU<coordinate_type, TemplatedAllocator> &, const minkowski::CoordinateMapGPU<coordinate_type, TemplatedAllocator> &, minkowski::CUDAKernelMapMode::Mode, minkowski::cpu_kernel_region<coordinate_type> &) [with coordinate_type=int32_t, TemplatedAllocator=minkowski::detail::default_allocator]" at line 753 of /home/ez48awud/Documents/implementations/LiDiff/MinkowskiEngine/src/coordinate_map_manager.cpp
            instantiation of "const minkowski::CoordinateMapManager<coordinate_type, coordinate_field_type, TemplatedAllocator, CoordinateMapType>::kernel_map_type &minkowski::CoordinateMapManager<coordinate_type, coordinate_field_type, TemplatedAllocator, CoordinateMapType>::kernel_map(const minkowski::CoordinateMapKey *, const minkowski::CoordinateMapKey *, const minkowski::CoordinateMapManager<coordinate_type, coordinate_field_type, TemplatedAllocator, CoordinateMapType>::stride_type &, const minkowski::CoordinateMapManager<coordinate_type, coordinate_field_type, TemplatedAllocator, CoordinateMapType>::stride_type &, const minkowski::CoordinateMapManager<coordinate_type, coordinate_field_type, TemplatedAllocator, CoordinateMapType>::stride_type &, minkowski::RegionType::Type, const at::Tensor &, __nv_bool, __nv_bool) [with coordinate_type=int32_t, coordinate_field_type=float, TemplatedAllocator=minkowski::detail::default_allocator, CoordinateMapType=minkowski::CoordinateMapGPU]" at line 401 of /home/ez48awud/Documents/implementations/LiDiff/MinkowskiEngine/src/coordinate_map_manager.cu

/home/ez48awud/Documents/implementations/LiDiff/MinkowskiEngine/src/coordinate_map_manager.cpp(717): warning #430-D: returning reference to local temporary
        return detail::empty_map_functor<coordinate_type, TemplatedAllocator,
               ^
          detected during instantiation of "const minkowski::CoordinateMapManager<coordinate_type, coordinate_field_type, TemplatedAllocator, CoordinateMapType>::kernel_map_type &minkowski::CoordinateMapManager<coordinate_type, coordinate_field_type, TemplatedAllocator, CoordinateMapType>::kernel_map(const minkowski::CoordinateMapKey *, const minkowski::CoordinateMapKey *, const minkowski::CoordinateMapManager<coordinate_type, coordinate_field_type, TemplatedAllocator, CoordinateMapType>::stride_type &, const minkowski::CoordinateMapManager<coordinate_type, coordinate_field_type, TemplatedAllocator, CoordinateMapType>::stride_type &, const minkowski::CoordinateMapManager<coordinate_type, coordinate_field_type, TemplatedAllocator, CoordinateMapType>::stride_type &, minkowski::RegionType::Type, const at::Tensor &, __nv_bool, __nv_bool) [with coordinate_type=int32_t, coordinate_field_type=float, TemplatedAllocator=minkowski::detail::c10_allocator, CoordinateMapType=minkowski::CoordinateMapGPU]" at line 404 of /home/ez48awud/Documents/implementations/LiDiff/MinkowskiEngine/src/coordinate_map_manager.cu

/home/ez48awud/Documents/implementations/LiDiff/MinkowskiEngine/src/kernel_region.hpp(429): warning #20011-D: calling a __host__ function("minkowski::cpu_kernel_region<int> ::device_tensor_stride() const") from a __host__ __device__ function("minkowski::gpu_kernel_region<int> ::gpu_kernel_region") is not allowed

/home/ez48awud/Documents/implementations/LiDiff/MinkowskiEngine/src/kernel_region.hpp(429): warning #20011-D: calling a __host__ function("minkowski::cpu_kernel_region<int> ::device_kernel_size() const") from a __host__ __device__ function("minkowski::gpu_kernel_region<int> ::gpu_kernel_region") is not allowed

/home/ez48awud/Documents/implementations/LiDiff/MinkowskiEngine/src/kernel_region.hpp(430): warning #20011-D: calling a __host__ function("minkowski::cpu_kernel_region<int> ::device_dilation() const") from a __host__ __device__ function("minkowski::gpu_kernel_region<int> ::gpu_kernel_region") is not allowed

/home/ez48awud/Documents/implementations/LiDiff/MinkowskiEngine/src/kernel_region.hpp(431): warning #20011-D: calling a __host__ function("minkowski::cpu_kernel_region<int> ::device_offset() const") from a __host__ __device__ function("minkowski::gpu_kernel_region<int> ::gpu_kernel_region") is not allowed

/home/ez48awud/Documents/implementations/LiDiff/MinkowskiEngine/src/coordinate_map_cpu.hpp(58): warning #177-D: variable "float_type" was declared but never referenced
    at::ScalarType const float_type =
                         ^
          detected during:
            instantiation of "std::pair<at::Tensor, at::Tensor> minkowski::CoordinateMapCPU<coordinate_type, TemplatedAllocator>::field_map(const coordinate_field_type *, minkowski::CoordinateMapCPU<coordinate_type, TemplatedAllocator>::size_type) const [with coordinate_type=int32_t, TemplatedAllocator=std::allocator, coordinate_field_type=float]" at line 329 of /home/ez48awud/Documents/implementations/LiDiff/MinkowskiEngine/src/coordinate_map_manager.cpp
            instantiation of "std::pair<at::Tensor, at::Tensor> minkowski::CoordinateMapManager<coordinate_type, coordinate_field_type, TemplatedAllocator, CoordinateMapType>::field_to_sparse_map(const minkowski::CoordinateMapKey *, const minkowski::CoordinateMapKey *) [with coordinate_type=int32_t, coordinate_field_type=float, TemplatedAllocator=std::allocator, CoordinateMapType=minkowski::CoordinateMapCPU]" at line 1451 of /home/ez48awud/Documents/implementations/LiDiff/MinkowskiEngine/src/coordinate_map_manager.cpp

Remark: The warnings can be suppressed with "-diag-suppress <warning-number>"

/home/ez48awud/Documents/implementations/LiDiff/MinkowskiEngine/src/coordinate_map_manager.cpp(717): warning #430-D: returning reference to local temporary
        return detail::empty_map_functor<coordinate_type, TemplatedAllocator,
               ^
          detected during instantiation of "const minkowski::CoordinateMapManager<coordinate_type, coordinate_field_type, TemplatedAllocator, CoordinateMapType>::kernel_map_type &minkowski::CoordinateMapManager<coordinate_type, coordinate_field_type, TemplatedAllocator, CoordinateMapType>::kernel_map(const minkowski::CoordinateMapKey *, const minkowski::CoordinateMapKey *, const minkowski::CoordinateMapManager<coordinate_type, coordinate_field_type, TemplatedAllocator, CoordinateMapType>::stride_type &, const minkowski::CoordinateMapManager<coordinate_type, coordinate_field_type, TemplatedAllocator, CoordinateMapType>::stride_type &, const minkowski::CoordinateMapManager<coordinate_type, coordinate_field_type, TemplatedAllocator, CoordinateMapType>::stride_type &, minkowski::RegionType::Type, const at::Tensor &, __nv_bool, __nv_bool) [with coordinate_type=int32_t, coordinate_field_type=float, TemplatedAllocator=std::allocator, CoordinateMapType=minkowski::CoordinateMapCPU]" at line 1451

/home/ez48awud/Documents/implementations/LiDiff/MinkowskiEngine/src/coordinate_map_manager.cpp(717): warning #430-D: returning reference to local temporary
        return detail::empty_map_functor<coordinate_type, TemplatedAllocator,
               ^
          detected during instantiation of "const minkowski::CoordinateMapManager<coordinate_type, coordinate_field_type, TemplatedAllocator, CoordinateMapType>::kernel_map_type &minkowski::CoordinateMapManager<coordinate_type, coordinate_field_type, TemplatedAllocator, CoordinateMapType>::kernel_map(const minkowski::CoordinateMapKey *, const minkowski::CoordinateMapKey *, const minkowski::CoordinateMapManager<coordinate_type, coordinate_field_type, TemplatedAllocator, CoordinateMapType>::stride_type &, const minkowski::CoordinateMapManager<coordinate_type, coordinate_field_type, TemplatedAllocator, CoordinateMapType>::stride_type &, const minkowski::CoordinateMapManager<coordinate_type, coordinate_field_type, TemplatedAllocator, CoordinateMapType>::stride_type &, minkowski::RegionType::Type, const at::Tensor &, __nv_bool, __nv_bool) [with coordinate_type=int32_t, coordinate_field_type=float, TemplatedAllocator=minkowski::detail::default_allocator, CoordinateMapType=minkowski::CoordinateMapGPU]" at line 401 of /home/ez48awud/Documents/implementations/LiDiff/MinkowskiEngine/src/coordinate_map_manager.cu

/home/ez48awud/Documents/implementations/LiDiff/MinkowskiEngine/src/kernel_region.hpp(429): warning #20014-D: calling a __host__ function from a __host__ __device__ function is not allowed
                    other.device_tensor_stride(), other.device_kernel_size(),
                                              ^
          detected during:
            instantiation of "minkowski::gpu_kernel_region<coordinate_type>::gpu_kernel_region(const minkowski::cpu_kernel_region<coordinate_type> &) [with coordinate_type=int32_t]" at line 205 of /home/ez48awud/Documents/implementations/LiDiff/MinkowskiEngine/src/coordinate_map_manager.cu
            instantiation of "minkowski::gpu_kernel_map<minkowski::type_wrapper<uint32_t, int32_t, float>::index_type, TemplatedAllocator<char>> minkowski::detail::kernel_map_functor<coordinate_type, TemplatedAllocator, minkowski::CoordinateMapGPU, minkowski::gpu_kernel_map<minkowski::type_wrapper<uint32_t, int32_t, float>::index_type, TemplatedAllocator<char>>>::operator()(const minkowski::CoordinateMapGPU<coordinate_type, TemplatedAllocator> &, const minkowski::CoordinateMapGPU<coordinate_type, TemplatedAllocator> &, minkowski::CUDAKernelMapMode::Mode, minkowski::cpu_kernel_region<coordinate_type> &) [with coordinate_type=int32_t, TemplatedAllocator=minkowski::detail::default_allocator]" at line 753 of /home/ez48awud/Documents/implementations/LiDiff/MinkowskiEngine/src/coordinate_map_manager.cpp
            instantiation of "const minkowski::CoordinateMapManager<coordinate_type, coordinate_field_type, TemplatedAllocator, CoordinateMapType>::kernel_map_type &minkowski::CoordinateMapManager<coordinate_type, coordinate_field_type, TemplatedAllocator, CoordinateMapType>::kernel_map(const minkowski::CoordinateMapKey *, const minkowski::CoordinateMapKey *, const minkowski::CoordinateMapManager<coordinate_type, coordinate_field_type, TemplatedAllocator, CoordinateMapType>::stride_type &, const minkowski::CoordinateMapManager<coordinate_type, coordinate_field_type, TemplatedAllocator, CoordinateMapType>::stride_type &, const minkowski::CoordinateMapManager<coordinate_type, coordinate_field_type, TemplatedAllocator, CoordinateMapType>::stride_type &, minkowski::RegionType::Type, const at::Tensor &, __nv_bool, __nv_bool) [with coordinate_type=int32_t, coordinate_field_type=float, TemplatedAllocator=minkowski::detail::default_allocator, CoordinateMapType=minkowski::CoordinateMapGPU]" at line 401 of /home/ez48awud/Documents/implementations/LiDiff/MinkowskiEngine/src/coordinate_map_manager.cu

/home/ez48awud/Documents/implementations/LiDiff/MinkowskiEngine/src/kernel_region.hpp(429): warning #20014-D: calling a __host__ function from a __host__ __device__ function is not allowed
                    other.device_tensor_stride(), other.device_kernel_size(),
                                                                          ^
          detected during:
            instantiation of "minkowski::gpu_kernel_region<coordinate_type>::gpu_kernel_region(const minkowski::cpu_kernel_region<coordinate_type> &) [with coordinate_type=int32_t]" at line 205 of /home/ez48awud/Documents/implementations/LiDiff/MinkowskiEngine/src/coordinate_map_manager.cu
            instantiation of "minkowski::gpu_kernel_map<minkowski::type_wrapper<uint32_t, int32_t, float>::index_type, TemplatedAllocator<char>> minkowski::detail::kernel_map_functor<coordinate_type, TemplatedAllocator, minkowski::CoordinateMapGPU, minkowski::gpu_kernel_map<minkowski::type_wrapper<uint32_t, int32_t, float>::index_type, TemplatedAllocator<char>>>::operator()(const minkowski::CoordinateMapGPU<coordinate_type, TemplatedAllocator> &, const minkowski::CoordinateMapGPU<coordinate_type, TemplatedAllocator> &, minkowski::CUDAKernelMapMode::Mode, minkowski::cpu_kernel_region<coordinate_type> &) [with coordinate_type=int32_t, TemplatedAllocator=minkowski::detail::default_allocator]" at line 753 of /home/ez48awud/Documents/implementations/LiDiff/MinkowskiEngine/src/coordinate_map_manager.cpp
            instantiation of "const minkowski::CoordinateMapManager<coordinate_type, coordinate_field_type, TemplatedAllocator, CoordinateMapType>::kernel_map_type &minkowski::CoordinateMapManager<coordinate_type, coordinate_field_type, TemplatedAllocator, CoordinateMapType>::kernel_map(const minkowski::CoordinateMapKey *, const minkowski::CoordinateMapKey *, const minkowski::CoordinateMapManager<coordinate_type, coordinate_field_type, TemplatedAllocator, CoordinateMapType>::stride_type &, const minkowski::CoordinateMapManager<coordinate_type, coordinate_field_type, TemplatedAllocator, CoordinateMapType>::stride_type &, const minkowski::CoordinateMapManager<coordinate_type, coordinate_field_type, TemplatedAllocator, CoordinateMapType>::stride_type &, minkowski::RegionType::Type, const at::Tensor &, __nv_bool, __nv_bool) [with coordinate_type=int32_t, coordinate_field_type=float, TemplatedAllocator=minkowski::detail::default_allocator, CoordinateMapType=minkowski::CoordinateMapGPU]" at line 401 of /home/ez48awud/Documents/implementations/LiDiff/MinkowskiEngine/src/coordinate_map_manager.cu

/home/ez48awud/Documents/implementations/LiDiff/MinkowskiEngine/src/kernel_region.hpp(430): warning #20014-D: calling a __host__ function from a __host__ __device__ function is not allowed
                    other.device_dilation(), other.volume(),
                                         ^
          detected during:
            instantiation of "minkowski::gpu_kernel_region<coordinate_type>::gpu_kernel_region(const minkowski::cpu_kernel_region<coordinate_type> &) [with coordinate_type=int32_t]" at line 205 of /home/ez48awud/Documents/implementations/LiDiff/MinkowskiEngine/src/coordinate_map_manager.cu
            instantiation of "minkowski::gpu_kernel_map<minkowski::type_wrapper<uint32_t, int32_t, float>::index_type, TemplatedAllocator<char>> minkowski::detail::kernel_map_functor<coordinate_type, TemplatedAllocator, minkowski::CoordinateMapGPU, minkowski::gpu_kernel_map<minkowski::type_wrapper<uint32_t, int32_t, float>::index_type, TemplatedAllocator<char>>>::operator()(const minkowski::CoordinateMapGPU<coordinate_type, TemplatedAllocator> &, const minkowski::CoordinateMapGPU<coordinate_type, TemplatedAllocator> &, minkowski::CUDAKernelMapMode::Mode, minkowski::cpu_kernel_region<coordinate_type> &) [with coordinate_type=int32_t, TemplatedAllocator=minkowski::detail::default_allocator]" at line 753 of /home/ez48awud/Documents/implementations/LiDiff/MinkowskiEngine/src/coordinate_map_manager.cpp
            instantiation of "const minkowski::CoordinateMapManager<coordinate_type, coordinate_field_type, TemplatedAllocator, CoordinateMapType>::kernel_map_type &minkowski::CoordinateMapManager<coordinate_type, coordinate_field_type, TemplatedAllocator, CoordinateMapType>::kernel_map(const minkowski::CoordinateMapKey *, const minkowski::CoordinateMapKey *, const minkowski::CoordinateMapManager<coordinate_type, coordinate_field_type, TemplatedAllocator, CoordinateMapType>::stride_type &, const minkowski::CoordinateMapManager<coordinate_type, coordinate_field_type, TemplatedAllocator, CoordinateMapType>::stride_type &, const minkowski::CoordinateMapManager<coordinate_type, coordinate_field_type, TemplatedAllocator, CoordinateMapType>::stride_type &, minkowski::RegionType::Type, const at::Tensor &, __nv_bool, __nv_bool) [with coordinate_type=int32_t, coordinate_field_type=float, TemplatedAllocator=minkowski::detail::default_allocator, CoordinateMapType=minkowski::CoordinateMapGPU]" at line 401 of /home/ez48awud/Documents/implementations/LiDiff/MinkowskiEngine/src/coordinate_map_manager.cu

/home/ez48awud/Documents/implementations/LiDiff/MinkowskiEngine/src/kernel_region.hpp(431): warning #20014-D: calling a __host__ function from a __host__ __device__ function is not allowed
                    other.device_offset(), other.num_offset(),
                                       ^
          detected during:
            instantiation of "minkowski::gpu_kernel_region<coordinate_type>::gpu_kernel_region(const minkowski::cpu_kernel_region<coordinate_type> &) [with coordinate_type=int32_t]" at line 205 of /home/ez48awud/Documents/implementations/LiDiff/MinkowskiEngine/src/coordinate_map_manager.cu
            instantiation of "minkowski::gpu_kernel_map<minkowski::type_wrapper<uint32_t, int32_t, float>::index_type, TemplatedAllocator<char>> minkowski::detail::kernel_map_functor<coordinate_type, TemplatedAllocator, minkowski::CoordinateMapGPU, minkowski::gpu_kernel_map<minkowski::type_wrapper<uint32_t, int32_t, float>::index_type, TemplatedAllocator<char>>>::operator()(const minkowski::CoordinateMapGPU<coordinate_type, TemplatedAllocator> &, const minkowski::CoordinateMapGPU<coordinate_type, TemplatedAllocator> &, minkowski::CUDAKernelMapMode::Mode, minkowski::cpu_kernel_region<coordinate_type> &) [with coordinate_type=int32_t, TemplatedAllocator=minkowski::detail::default_allocator]" at line 753 of /home/ez48awud/Documents/implementations/LiDiff/MinkowskiEngine/src/coordinate_map_manager.cpp
            instantiation of "const minkowski::CoordinateMapManager<coordinate_type, coordinate_field_type, TemplatedAllocator, CoordinateMapType>::kernel_map_type &minkowski::CoordinateMapManager<coordinate_type, coordinate_field_type, TemplatedAllocator, CoordinateMapType>::kernel_map(const minkowski::CoordinateMapKey *, const minkowski::CoordinateMapKey *, const minkowski::CoordinateMapManager<coordinate_type, coordinate_field_type, TemplatedAllocator, CoordinateMapType>::stride_type &, const minkowski::CoordinateMapManager<coordinate_type, coordinate_field_type, TemplatedAllocator, CoordinateMapType>::stride_type &, const minkowski::CoordinateMapManager<coordinate_type, coordinate_field_type, TemplatedAllocator, CoordinateMapType>::stride_type &, minkowski::RegionType::Type, const at::Tensor &, __nv_bool, __nv_bool) [with coordinate_type=int32_t, coordinate_field_type=float, TemplatedAllocator=minkowski::detail::default_allocator, CoordinateMapType=minkowski::CoordinateMapGPU]" at line 401 of /home/ez48awud/Documents/implementations/LiDiff/MinkowskiEngine/src/coordinate_map_manager.cu

/home/ez48awud/Documents/implementations/LiDiff/MinkowskiEngine/src/coordinate_map_manager.cpp(717): warning #430-D: returning reference to local temporary
        return detail::empty_map_functor<coordinate_type, TemplatedAllocator,
               ^
          detected during instantiation of "const minkowski::CoordinateMapManager<coordinate_type, coordinate_field_type, TemplatedAllocator, CoordinateMapType>::kernel_map_type &minkowski::CoordinateMapManager<coordinate_type, coordinate_field_type, TemplatedAllocator, CoordinateMapType>::kernel_map(const minkowski::CoordinateMapKey *, const minkowski::CoordinateMapKey *, const minkowski::CoordinateMapManager<coordinate_type, coordinate_field_type, TemplatedAllocator, CoordinateMapType>::stride_type &, const minkowski::CoordinateMapManager<coordinate_type, coordinate_field_type, TemplatedAllocator, CoordinateMapType>::stride_type &, const minkowski::CoordinateMapManager<coordinate_type, coordinate_field_type, TemplatedAllocator, CoordinateMapType>::stride_type &, minkowski::RegionType::Type, const at::Tensor &, __nv_bool, __nv_bool) [with coordinate_type=int32_t, coordinate_field_type=float, TemplatedAllocator=minkowski::detail::c10_allocator, CoordinateMapType=minkowski::CoordinateMapGPU]" at line 404 of /home/ez48awud/Documents/implementations/LiDiff/MinkowskiEngine/src/coordinate_map_manager.cu

/home/ez48awud/Documents/implementations/LiDiff/MinkowskiEngine/src/kernel_region.hpp(429): warning #20011-D: calling a __host__ function("minkowski::cpu_kernel_region<int> ::device_tensor_stride() const") from a __host__ __device__ function("minkowski::gpu_kernel_region<int> ::gpu_kernel_region") is not allowed

/home/ez48awud/Documents/implementations/LiDiff/MinkowskiEngine/src/kernel_region.hpp(429): warning #20011-D: calling a __host__ function("minkowski::cpu_kernel_region<int> ::device_kernel_size() const") from a __host__ __device__ function("minkowski::gpu_kernel_region<int> ::gpu_kernel_region") is not allowed

/home/ez48awud/Documents/implementations/LiDiff/MinkowskiEngine/src/kernel_region.hpp(430): warning #20011-D: calling a __host__ function("minkowski::cpu_kernel_region<int> ::device_dilation() const") from a __host__ __device__ function("minkowski::gpu_kernel_region<int> ::gpu_kernel_region") is not allowed

/home/ez48awud/Documents/implementations/LiDiff/MinkowskiEngine/src/kernel_region.hpp(431): warning #20011-D: calling a __host__ function("minkowski::cpu_kernel_region<int> ::device_offset() const") from a __host__ __device__ function("minkowski::gpu_kernel_region<int> ::gpu_kernel_region") is not allowed

/home/ez48awud/Documents/implementations/LiDiff/MinkowskiEngine/src/coordinate_map_cpu.hpp(58): warning #177-D: variable "float_type" was declared but never referenced
    at::ScalarType const float_type =
                         ^
          detected during:
            instantiation of "std::pair<at::Tensor, at::Tensor> minkowski::CoordinateMapCPU<coordinate_type, TemplatedAllocator>::field_map(const coordinate_field_type *, minkowski::CoordinateMapCPU<coordinate_type, TemplatedAllocator>::size_type) const [with coordinate_type=int32_t, TemplatedAllocator=std::allocator, coordinate_field_type=float]" at line 329 of /home/ez48awud/Documents/implementations/LiDiff/MinkowskiEngine/src/coordinate_map_manager.cpp
            instantiation of "std::pair<at::Tensor, at::Tensor> minkowski::CoordinateMapManager<coordinate_type, coordinate_field_type, TemplatedAllocator, CoordinateMapType>::field_to_sparse_map(const minkowski::CoordinateMapKey *, const minkowski::CoordinateMapKey *) [with coordinate_type=int32_t, coordinate_field_type=float, TemplatedAllocator=std::allocator, CoordinateMapType=minkowski::CoordinateMapCPU]" at line 1451 of /home/ez48awud/Documents/implementations/LiDiff/MinkowskiEngine/src/coordinate_map_manager.cpp

Remark: The warnings can be suppressed with "-diag-suppress <warning-number>"

/home/ez48awud/Documents/implementations/LiDiff/MinkowskiEngine/src/coordinate_map_manager.cpp(717): warning #430-D: returning reference to local temporary
        return detail::empty_map_functor<coordinate_type, TemplatedAllocator,
               ^
          detected during instantiation of "const minkowski::CoordinateMapManager<coordinate_type, coordinate_field_type, TemplatedAllocator, CoordinateMapType>::kernel_map_type &minkowski::CoordinateMapManager<coordinate_type, coordinate_field_type, TemplatedAllocator, CoordinateMapType>::kernel_map(const minkowski::CoordinateMapKey *, const minkowski::CoordinateMapKey *, const minkowski::CoordinateMapManager<coordinate_type, coordinate_field_type, TemplatedAllocator, CoordinateMapType>::stride_type &, const minkowski::CoordinateMapManager<coordinate_type, coordinate_field_type, TemplatedAllocator, CoordinateMapType>::stride_type &, const minkowski::CoordinateMapManager<coordinate_type, coordinate_field_type, TemplatedAllocator, CoordinateMapType>::stride_type &, minkowski::RegionType::Type, const at::Tensor &, __nv_bool, __nv_bool) [with coordinate_type=int32_t, coordinate_field_type=float, TemplatedAllocator=std::allocator, CoordinateMapType=minkowski::CoordinateMapCPU]" at line 1451

/home/ez48awud/Documents/implementations/LiDiff/MinkowskiEngine/src/coordinate_map_manager.cpp(717): warning #430-D: returning reference to local temporary
        return detail::empty_map_functor<coordinate_type, TemplatedAllocator,
               ^
          detected during instantiation of "const minkowski::CoordinateMapManager<coordinate_type, coordinate_field_type, TemplatedAllocator, CoordinateMapType>::kernel_map_type &minkowski::CoordinateMapManager<coordinate_type, coordinate_field_type, TemplatedAllocator, CoordinateMapType>::kernel_map(const minkowski::CoordinateMapKey *, const minkowski::CoordinateMapKey *, const minkowski::CoordinateMapManager<coordinate_type, coordinate_field_type, TemplatedAllocator, CoordinateMapType>::stride_type &, const minkowski::CoordinateMapManager<coordinate_type, coordinate_field_type, TemplatedAllocator, CoordinateMapType>::stride_type &, const minkowski::CoordinateMapManager<coordinate_type, coordinate_field_type, TemplatedAllocator, CoordinateMapType>::stride_type &, minkowski::RegionType::Type, const at::Tensor &, __nv_bool, __nv_bool) [with coordinate_type=int32_t, coordinate_field_type=float, TemplatedAllocator=minkowski::detail::default_allocator, CoordinateMapType=minkowski::CoordinateMapGPU]" at line 401 of /home/ez48awud/Documents/implementations/LiDiff/MinkowskiEngine/src/coordinate_map_manager.cu

/home/ez48awud/Documents/implementations/LiDiff/MinkowskiEngine/src/kernel_region.hpp(429): warning #20014-D: calling a __host__ function from a __host__ __device__ function is not allowed
                    other.device_tensor_stride(), other.device_kernel_size(),
                                              ^
          detected during:
            instantiation of "minkowski::gpu_kernel_region<coordinate_type>::gpu_kernel_region(const minkowski::cpu_kernel_region<coordinate_type> &) [with coordinate_type=int32_t]" at line 205 of /home/ez48awud/Documents/implementations/LiDiff/MinkowskiEngine/src/coordinate_map_manager.cu
            instantiation of "minkowski::gpu_kernel_map<minkowski::type_wrapper<uint32_t, int32_t, float>::index_type, TemplatedAllocator<char>> minkowski::detail::kernel_map_functor<coordinate_type, TemplatedAllocator, minkowski::CoordinateMapGPU, minkowski::gpu_kernel_map<minkowski::type_wrapper<uint32_t, int32_t, float>::index_type, TemplatedAllocator<char>>>::operator()(const minkowski::CoordinateMapGPU<coordinate_type, TemplatedAllocator> &, const minkowski::CoordinateMapGPU<coordinate_type, TemplatedAllocator> &, minkowski::CUDAKernelMapMode::Mode, minkowski::cpu_kernel_region<coordinate_type> &) [with coordinate_type=int32_t, TemplatedAllocator=minkowski::detail::default_allocator]" at line 753 of /home/ez48awud/Documents/implementations/LiDiff/MinkowskiEngine/src/coordinate_map_manager.cpp
            instantiation of "const minkowski::CoordinateMapManager<coordinate_type, coordinate_field_type, TemplatedAllocator, CoordinateMapType>::kernel_map_type &minkowski::CoordinateMapManager<coordinate_type, coordinate_field_type, TemplatedAllocator, CoordinateMapType>::kernel_map(const minkowski::CoordinateMapKey *, const minkowski::CoordinateMapKey *, const minkowski::CoordinateMapManager<coordinate_type, coordinate_field_type, TemplatedAllocator, CoordinateMapType>::stride_type &, const minkowski::CoordinateMapManager<coordinate_type, coordinate_field_type, TemplatedAllocator, CoordinateMapType>::stride_type &, const minkowski::CoordinateMapManager<coordinate_type, coordinate_field_type, TemplatedAllocator, CoordinateMapType>::stride_type &, minkowski::RegionType::Type, const at::Tensor &, __nv_bool, __nv_bool) [with coordinate_type=int32_t, coordinate_field_type=float, TemplatedAllocator=minkowski::detail::default_allocator, CoordinateMapType=minkowski::CoordinateMapGPU]" at line 401 of /home/ez48awud/Documents/implementations/LiDiff/MinkowskiEngine/src/coordinate_map_manager.cu

/home/ez48awud/Documents/implementations/LiDiff/MinkowskiEngine/src/kernel_region.hpp(429): warning #20014-D: calling a __host__ function from a __host__ __device__ function is not allowed
                    other.device_tensor_stride(), other.device_kernel_size(),
                                                                          ^
          detected during:
            instantiation of "minkowski::gpu_kernel_region<coordinate_type>::gpu_kernel_region(const minkowski::cpu_kernel_region<coordinate_type> &) [with coordinate_type=int32_t]" at line 205 of /home/ez48awud/Documents/implementations/LiDiff/MinkowskiEngine/src/coordinate_map_manager.cu
            instantiation of "minkowski::gpu_kernel_map<minkowski::type_wrapper<uint32_t, int32_t, float>::index_type, TemplatedAllocator<char>> minkowski::detail::kernel_map_functor<coordinate_type, TemplatedAllocator, minkowski::CoordinateMapGPU, minkowski::gpu_kernel_map<minkowski::type_wrapper<uint32_t, int32_t, float>::index_type, TemplatedAllocator<char>>>::operator()(const minkowski::CoordinateMapGPU<coordinate_type, TemplatedAllocator> &, const minkowski::CoordinateMapGPU<coordinate_type, TemplatedAllocator> &, minkowski::CUDAKernelMapMode::Mode, minkowski::cpu_kernel_region<coordinate_type> &) [with coordinate_type=int32_t, TemplatedAllocator=minkowski::detail::default_allocator]" at line 753 of /home/ez48awud/Documents/implementations/LiDiff/MinkowskiEngine/src/coordinate_map_manager.cpp
            instantiation of "const minkowski::CoordinateMapManager<coordinate_type, coordinate_field_type, TemplatedAllocator, CoordinateMapType>::kernel_map_type &minkowski::CoordinateMapManager<coordinate_type, coordinate_field_type, TemplatedAllocator, CoordinateMapType>::kernel_map(const minkowski::CoordinateMapKey *, const minkowski::CoordinateMapKey *, const minkowski::CoordinateMapManager<coordinate_type, coordinate_field_type, TemplatedAllocator, CoordinateMapType>::stride_type &, const minkowski::CoordinateMapManager<coordinate_type, coordinate_field_type, TemplatedAllocator, CoordinateMapType>::stride_type &, const minkowski::CoordinateMapManager<coordinate_type, coordinate_field_type, TemplatedAllocator, CoordinateMapType>::stride_type &, minkowski::RegionType::Type, const at::Tensor &, __nv_bool, __nv_bool) [with coordinate_type=int32_t, coordinate_field_type=float, TemplatedAllocator=minkowski::detail::default_allocator, CoordinateMapType=minkowski::CoordinateMapGPU]" at line 401 of /home/ez48awud/Documents/implementations/LiDiff/MinkowskiEngine/src/coordinate_map_manager.cu

/home/ez48awud/Documents/implementations/LiDiff/MinkowskiEngine/src/kernel_region.hpp(430): warning #20014-D: calling a __host__ function from a __host__ __device__ function is not allowed
                    other.device_dilation(), other.volume(),
                                         ^
          detected during:
            instantiation of "minkowski::gpu_kernel_region<coordinate_type>::gpu_kernel_region(const minkowski::cpu_kernel_region<coordinate_type> &) [with coordinate_type=int32_t]" at line 205 of /home/ez48awud/Documents/implementations/LiDiff/MinkowskiEngine/src/coordinate_map_manager.cu
            instantiation of "minkowski::gpu_kernel_map<minkowski::type_wrapper<uint32_t, int32_t, float>::index_type, TemplatedAllocator<char>> minkowski::detail::kernel_map_functor<coordinate_type, TemplatedAllocator, minkowski::CoordinateMapGPU, minkowski::gpu_kernel_map<minkowski::type_wrapper<uint32_t, int32_t, float>::index_type, TemplatedAllocator<char>>>::operator()(const minkowski::CoordinateMapGPU<coordinate_type, TemplatedAllocator> &, const minkowski::CoordinateMapGPU<coordinate_type, TemplatedAllocator> &, minkowski::CUDAKernelMapMode::Mode, minkowski::cpu_kernel_region<coordinate_type> &) [with coordinate_type=int32_t, TemplatedAllocator=minkowski::detail::default_allocator]" at line 753 of /home/ez48awud/Documents/implementations/LiDiff/MinkowskiEngine/src/coordinate_map_manager.cpp
            instantiation of "const minkowski::CoordinateMapManager<coordinate_type, coordinate_field_type, TemplatedAllocator, CoordinateMapType>::kernel_map_type &minkowski::CoordinateMapManager<coordinate_type, coordinate_field_type, TemplatedAllocator, CoordinateMapType>::kernel_map(const minkowski::CoordinateMapKey *, const minkowski::CoordinateMapKey *, const minkowski::CoordinateMapManager<coordinate_type, coordinate_field_type, TemplatedAllocator, CoordinateMapType>::stride_type &, const minkowski::CoordinateMapManager<coordinate_type, coordinate_field_type, TemplatedAllocator, CoordinateMapType>::stride_type &, const minkowski::CoordinateMapManager<coordinate_type, coordinate_field_type, TemplatedAllocator, CoordinateMapType>::stride_type &, minkowski::RegionType::Type, const at::Tensor &, __nv_bool, __nv_bool) [with coordinate_type=int32_t, coordinate_field_type=float, TemplatedAllocator=minkowski::detail::default_allocator, CoordinateMapType=minkowski::CoordinateMapGPU]" at line 401 of /home/ez48awud/Documents/implementations/LiDiff/MinkowskiEngine/src/coordinate_map_manager.cu

/home/ez48awud/Documents/implementations/LiDiff/MinkowskiEngine/src/kernel_region.hpp(431): warning #20014-D: calling a __host__ function from a __host__ __device__ function is not allowed
                    other.device_offset(), other.num_offset(),
                                       ^
          detected during:
            instantiation of "minkowski::gpu_kernel_region<coordinate_type>::gpu_kernel_region(const minkowski::cpu_kernel_region<coordinate_type> &) [with coordinate_type=int32_t]" at line 205 of /home/ez48awud/Documents/implementations/LiDiff/MinkowskiEngine/src/coordinate_map_manager.cu
            instantiation of "minkowski::gpu_kernel_map<minkowski::type_wrapper<uint32_t, int32_t, float>::index_type, TemplatedAllocator<char>> minkowski::detail::kernel_map_functor<coordinate_type, TemplatedAllocator, minkowski::CoordinateMapGPU, minkowski::gpu_kernel_map<minkowski::type_wrapper<uint32_t, int32_t, float>::index_type, TemplatedAllocator<char>>>::operator()(const minkowski::CoordinateMapGPU<coordinate_type, TemplatedAllocator> &, const minkowski::CoordinateMapGPU<coordinate_type, TemplatedAllocator> &, minkowski::CUDAKernelMapMode::Mode, minkowski::cpu_kernel_region<coordinate_type> &) [with coordinate_type=int32_t, TemplatedAllocator=minkowski::detail::default_allocator]" at line 753 of /home/ez48awud/Documents/implementations/LiDiff/MinkowskiEngine/src/coordinate_map_manager.cpp
            instantiation of "const minkowski::CoordinateMapManager<coordinate_type, coordinate_field_type, TemplatedAllocator, CoordinateMapType>::kernel_map_type &minkowski::CoordinateMapManager<coordinate_type, coordinate_field_type, TemplatedAllocator, CoordinateMapType>::kernel_map(const minkowski::CoordinateMapKey *, const minkowski::CoordinateMapKey *, const minkowski::CoordinateMapManager<coordinate_type, coordinate_field_type, TemplatedAllocator, CoordinateMapType>::stride_type &, const minkowski::CoordinateMapManager<coordinate_type, coordinate_field_type, TemplatedAllocator, CoordinateMapType>::stride_type &, const minkowski::CoordinateMapManager<coordinate_type, coordinate_field_type, TemplatedAllocator, CoordinateMapType>::stride_type &, minkowski::RegionType::Type, const at::Tensor &, __nv_bool, __nv_bool) [with coordinate_type=int32_t, coordinate_field_type=float, TemplatedAllocator=minkowski::detail::default_allocator, CoordinateMapType=minkowski::CoordinateMapGPU]" at line 401 of /home/ez48awud/Documents/implementations/LiDiff/MinkowskiEngine/src/coordinate_map_manager.cu

/home/ez48awud/Documents/implementations/LiDiff/MinkowskiEngine/src/coordinate_map_manager.cpp(717): warning #430-D: returning reference to local temporary
        return detail::empty_map_functor<coordinate_type, TemplatedAllocator,
               ^
          detected during instantiation of "const minkowski::CoordinateMapManager<coordinate_type, coordinate_field_type, TemplatedAllocator, CoordinateMapType>::kernel_map_type &minkowski::CoordinateMapManager<coordinate_type, coordinate_field_type, TemplatedAllocator, CoordinateMapType>::kernel_map(const minkowski::CoordinateMapKey *, const minkowski::CoordinateMapKey *, const minkowski::CoordinateMapManager<coordinate_type, coordinate_field_type, TemplatedAllocator, CoordinateMapType>::stride_type &, const minkowski::CoordinateMapManager<coordinate_type, coordinate_field_type, TemplatedAllocator, CoordinateMapType>::stride_type &, const minkowski::CoordinateMapManager<coordinate_type, coordinate_field_type, TemplatedAllocator, CoordinateMapType>::stride_type &, minkowski::RegionType::Type, const at::Tensor &, __nv_bool, __nv_bool) [with coordinate_type=int32_t, coordinate_field_type=float, TemplatedAllocator=minkowski::detail::c10_allocator, CoordinateMapType=minkowski::CoordinateMapGPU]" at line 404 of /home/ez48awud/Documents/implementations/LiDiff/MinkowskiEngine/src/coordinate_map_manager.cu

/home/ez48awud/Documents/implementations/LiDiff/MinkowskiEngine/src/kernel_region.hpp(429): warning #20011-D: calling a __host__ function("minkowski::cpu_kernel_region<int> ::device_tensor_stride() const") from a __host__ __device__ function("minkowski::gpu_kernel_region<int> ::gpu_kernel_region") is not allowed

/home/ez48awud/Documents/implementations/LiDiff/MinkowskiEngine/src/kernel_region.hpp(429): warning #20011-D: calling a __host__ function("minkowski::cpu_kernel_region<int> ::device_kernel_size() const") from a __host__ __device__ function("minkowski::gpu_kernel_region<int> ::gpu_kernel_region") is not allowed

/home/ez48awud/Documents/implementations/LiDiff/MinkowskiEngine/src/kernel_region.hpp(430): warning #20011-D: calling a __host__ function("minkowski::cpu_kernel_region<int> ::device_dilation() const") from a __host__ __device__ function("minkowski::gpu_kernel_region<int> ::gpu_kernel_region") is not allowed

/home/ez48awud/Documents/implementations/LiDiff/MinkowskiEngine/src/kernel_region.hpp(431): warning #20011-D: calling a __host__ function("minkowski::cpu_kernel_region<int> ::device_offset() const") from a __host__ __device__ function("minkowski::gpu_kernel_region<int> ::gpu_kernel_region") is not allowed

/home/ez48awud/Documents/implementations/LiDiff/MinkowskiEngine/src/coordinate_map_cpu.hpp(58): warning #177-D: variable "float_type" was declared but never referenced
    at::ScalarType const float_type =
                         ^
          detected during:
            instantiation of "std::pair<at::Tensor, at::Tensor> minkowski::CoordinateMapCPU<coordinate_type, TemplatedAllocator>::field_map(const coordinate_field_type *, minkowski::CoordinateMapCPU<coordinate_type, TemplatedAllocator>::size_type) const [with coordinate_type=int32_t, TemplatedAllocator=std::allocator, coordinate_field_type=float]" at line 329 of /home/ez48awud/Documents/implementations/LiDiff/MinkowskiEngine/src/coordinate_map_manager.cpp
            instantiation of "std::pair<at::Tensor, at::Tensor> minkowski::CoordinateMapManager<coordinate_type, coordinate_field_type, TemplatedAllocator, CoordinateMapType>::field_to_sparse_map(const minkowski::CoordinateMapKey *, const minkowski::CoordinateMapKey *) [with coordinate_type=int32_t, coordinate_field_type=float, TemplatedAllocator=std::allocator, CoordinateMapType=minkowski::CoordinateMapCPU]" at line 1451 of /home/ez48awud/Documents/implementations/LiDiff/MinkowskiEngine/src/coordinate_map_manager.cpp

Remark: The warnings can be suppressed with "-diag-suppress <warning-number>"

/home/ez48awud/Documents/implementations/LiDiff/MinkowskiEngine/src/coordinate_map_manager.cpp(717): warning #430-D: returning reference to local temporary
        return detail::empty_map_functor<coordinate_type, TemplatedAllocator,
               ^
          detected during instantiation of "const minkowski::CoordinateMapManager<coordinate_type, coordinate_field_type, TemplatedAllocator, CoordinateMapType>::kernel_map_type &minkowski::CoordinateMapManager<coordinate_type, coordinate_field_type, TemplatedAllocator, CoordinateMapType>::kernel_map(const minkowski::CoordinateMapKey *, const minkowski::CoordinateMapKey *, const minkowski::CoordinateMapManager<coordinate_type, coordinate_field_type, TemplatedAllocator, CoordinateMapType>::stride_type &, const minkowski::CoordinateMapManager<coordinate_type, coordinate_field_type, TemplatedAllocator, CoordinateMapType>::stride_type &, const minkowski::CoordinateMapManager<coordinate_type, coordinate_field_type, TemplatedAllocator, CoordinateMapType>::stride_type &, minkowski::RegionType::Type, const at::Tensor &, __nv_bool, __nv_bool) [with coordinate_type=int32_t, coordinate_field_type=float, TemplatedAllocator=std::allocator, CoordinateMapType=minkowski::CoordinateMapCPU]" at line 1451

/home/ez48awud/Documents/implementations/LiDiff/MinkowskiEngine/src/coordinate_map_manager.cpp(717): warning #430-D: returning reference to local temporary
        return detail::empty_map_functor<coordinate_type, TemplatedAllocator,
               ^
          detected during instantiation of "const minkowski::CoordinateMapManager<coordinate_type, coordinate_field_type, TemplatedAllocator, CoordinateMapType>::kernel_map_type &minkowski::CoordinateMapManager<coordinate_type, coordinate_field_type, TemplatedAllocator, CoordinateMapType>::kernel_map(const minkowski::CoordinateMapKey *, const minkowski::CoordinateMapKey *, const minkowski::CoordinateMapManager<coordinate_type, coordinate_field_type, TemplatedAllocator, CoordinateMapType>::stride_type &, const minkowski::CoordinateMapManager<coordinate_type, coordinate_field_type, TemplatedAllocator, CoordinateMapType>::stride_type &, const minkowski::CoordinateMapManager<coordinate_type, coordinate_field_type, TemplatedAllocator, CoordinateMapType>::stride_type &, minkowski::RegionType::Type, const at::Tensor &, __nv_bool, __nv_bool) [with coordinate_type=int32_t, coordinate_field_type=float, TemplatedAllocator=minkowski::detail::default_allocator, CoordinateMapType=minkowski::CoordinateMapGPU]" at line 401 of /home/ez48awud/Documents/implementations/LiDiff/MinkowskiEngine/src/coordinate_map_manager.cu

/home/ez48awud/Documents/implementations/LiDiff/MinkowskiEngine/src/kernel_region.hpp(429): warning #20014-D: calling a __host__ function from a __host__ __device__ function is not allowed
                    other.device_tensor_stride(), other.device_kernel_size(),
                                              ^
          detected during:
            instantiation of "minkowski::gpu_kernel_region<coordinate_type>::gpu_kernel_region(const minkowski::cpu_kernel_region<coordinate_type> &) [with coordinate_type=int32_t]" at line 205 of /home/ez48awud/Documents/implementations/LiDiff/MinkowskiEngine/src/coordinate_map_manager.cu
            instantiation of "minkowski::gpu_kernel_map<minkowski::type_wrapper<uint32_t, int32_t, float>::index_type, TemplatedAllocator<char>> minkowski::detail::kernel_map_functor<coordinate_type, TemplatedAllocator, minkowski::CoordinateMapGPU, minkowski::gpu_kernel_map<minkowski::type_wrapper<uint32_t, int32_t, float>::index_type, TemplatedAllocator<char>>>::operator()(const minkowski::CoordinateMapGPU<coordinate_type, TemplatedAllocator> &, const minkowski::CoordinateMapGPU<coordinate_type, TemplatedAllocator> &, minkowski::CUDAKernelMapMode::Mode, minkowski::cpu_kernel_region<coordinate_type> &) [with coordinate_type=int32_t, TemplatedAllocator=minkowski::detail::default_allocator]" at line 753 of /home/ez48awud/Documents/implementations/LiDiff/MinkowskiEngine/src/coordinate_map_manager.cpp
            instantiation of "const minkowski::CoordinateMapManager<coordinate_type, coordinate_field_type, TemplatedAllocator, CoordinateMapType>::kernel_map_type &minkowski::CoordinateMapManager<coordinate_type, coordinate_field_type, TemplatedAllocator, CoordinateMapType>::kernel_map(const minkowski::CoordinateMapKey *, const minkowski::CoordinateMapKey *, const minkowski::CoordinateMapManager<coordinate_type, coordinate_field_type, TemplatedAllocator, CoordinateMapType>::stride_type &, const minkowski::CoordinateMapManager<coordinate_type, coordinate_field_type, TemplatedAllocator, CoordinateMapType>::stride_type &, const minkowski::CoordinateMapManager<coordinate_type, coordinate_field_type, TemplatedAllocator, CoordinateMapType>::stride_type &, minkowski::RegionType::Type, const at::Tensor &, __nv_bool, __nv_bool) [with coordinate_type=int32_t, coordinate_field_type=float, TemplatedAllocator=minkowski::detail::default_allocator, CoordinateMapType=minkowski::CoordinateMapGPU]" at line 401 of /home/ez48awud/Documents/implementations/LiDiff/MinkowskiEngine/src/coordinate_map_manager.cu

/home/ez48awud/Documents/implementations/LiDiff/MinkowskiEngine/src/kernel_region.hpp(429): warning #20014-D: calling a __host__ function from a __host__ __device__ function is not allowed
                    other.device_tensor_stride(), other.device_kernel_size(),
                                                                          ^
          detected during:
            instantiation of "minkowski::gpu_kernel_region<coordinate_type>::gpu_kernel_region(const minkowski::cpu_kernel_region<coordinate_type> &) [with coordinate_type=int32_t]" at line 205 of /home/ez48awud/Documents/implementations/LiDiff/MinkowskiEngine/src/coordinate_map_manager.cu
            instantiation of "minkowski::gpu_kernel_map<minkowski::type_wrapper<uint32_t, int32_t, float>::index_type, TemplatedAllocator<char>> minkowski::detail::kernel_map_functor<coordinate_type, TemplatedAllocator, minkowski::CoordinateMapGPU, minkowski::gpu_kernel_map<minkowski::type_wrapper<uint32_t, int32_t, float>::index_type, TemplatedAllocator<char>>>::operator()(const minkowski::CoordinateMapGPU<coordinate_type, TemplatedAllocator> &, const minkowski::CoordinateMapGPU<coordinate_type, TemplatedAllocator> &, minkowski::CUDAKernelMapMode::Mode, minkowski::cpu_kernel_region<coordinate_type> &) [with coordinate_type=int32_t, TemplatedAllocator=minkowski::detail::default_allocator]" at line 753 of /home/ez48awud/Documents/implementations/LiDiff/MinkowskiEngine/src/coordinate_map_manager.cpp
            instantiation of "const minkowski::CoordinateMapManager<coordinate_type, coordinate_field_type, TemplatedAllocator, CoordinateMapType>::kernel_map_type &minkowski::CoordinateMapManager<coordinate_type, coordinate_field_type, TemplatedAllocator, CoordinateMapType>::kernel_map(const minkowski::CoordinateMapKey *, const minkowski::CoordinateMapKey *, const minkowski::CoordinateMapManager<coordinate_type, coordinate_field_type, TemplatedAllocator, CoordinateMapType>::stride_type &, const minkowski::CoordinateMapManager<coordinate_type, coordinate_field_type, TemplatedAllocator, CoordinateMapType>::stride_type &, const minkowski::CoordinateMapManager<coordinate_type, coordinate_field_type, TemplatedAllocator, CoordinateMapType>::stride_type &, minkowski::RegionType::Type, const at::Tensor &, __nv_bool, __nv_bool) [with coordinate_type=int32_t, coordinate_field_type=float, TemplatedAllocator=minkowski::detail::default_allocator, CoordinateMapType=minkowski::CoordinateMapGPU]" at line 401 of /home/ez48awud/Documents/implementations/LiDiff/MinkowskiEngine/src/coordinate_map_manager.cu

/home/ez48awud/Documents/implementations/LiDiff/MinkowskiEngine/src/kernel_region.hpp(430): warning #20014-D: calling a __host__ function from a __host__ __device__ function is not allowed
                    other.device_dilation(), other.volume(),
                                         ^
          detected during:
            instantiation of "minkowski::gpu_kernel_region<coordinate_type>::gpu_kernel_region(const minkowski::cpu_kernel_region<coordinate_type> &) [with coordinate_type=int32_t]" at line 205 of /home/ez48awud/Documents/implementations/LiDiff/MinkowskiEngine/src/coordinate_map_manager.cu
            instantiation of "minkowski::gpu_kernel_map<minkowski::type_wrapper<uint32_t, int32_t, float>::index_type, TemplatedAllocator<char>> minkowski::detail::kernel_map_functor<coordinate_type, TemplatedAllocator, minkowski::CoordinateMapGPU, minkowski::gpu_kernel_map<minkowski::type_wrapper<uint32_t, int32_t, float>::index_type, TemplatedAllocator<char>>>::operator()(const minkowski::CoordinateMapGPU<coordinate_type, TemplatedAllocator> &, const minkowski::CoordinateMapGPU<coordinate_type, TemplatedAllocator> &, minkowski::CUDAKernelMapMode::Mode, minkowski::cpu_kernel_region<coordinate_type> &) [with coordinate_type=int32_t, TemplatedAllocator=minkowski::detail::default_allocator]" at line 753 of /home/ez48awud/Documents/implementations/LiDiff/MinkowskiEngine/src/coordinate_map_manager.cpp
            instantiation of "const minkowski::CoordinateMapManager<coordinate_type, coordinate_field_type, TemplatedAllocator, CoordinateMapType>::kernel_map_type &minkowski::CoordinateMapManager<coordinate_type, coordinate_field_type, TemplatedAllocator, CoordinateMapType>::kernel_map(const minkowski::CoordinateMapKey *, const minkowski::CoordinateMapKey *, const minkowski::CoordinateMapManager<coordinate_type, coordinate_field_type, TemplatedAllocator, CoordinateMapType>::stride_type &, const minkowski::CoordinateMapManager<coordinate_type, coordinate_field_type, TemplatedAllocator, CoordinateMapType>::stride_type &, const minkowski::CoordinateMapManager<coordinate_type, coordinate_field_type, TemplatedAllocator, CoordinateMapType>::stride_type &, minkowski::RegionType::Type, const at::Tensor &, __nv_bool, __nv_bool) [with coordinate_type=int32_t, coordinate_field_type=float, TemplatedAllocator=minkowski::detail::default_allocator, CoordinateMapType=minkowski::CoordinateMapGPU]" at line 401 of /home/ez48awud/Documents/implementations/LiDiff/MinkowskiEngine/src/coordinate_map_manager.cu

/home/ez48awud/Documents/implementations/LiDiff/MinkowskiEngine/src/kernel_region.hpp(431): warning #20014-D: calling a __host__ function from a __host__ __device__ function is not allowed
                    other.device_offset(), other.num_offset(),
                                       ^
          detected during:
            instantiation of "minkowski::gpu_kernel_region<coordinate_type>::gpu_kernel_region(const minkowski::cpu_kernel_region<coordinate_type> &) [with coordinate_type=int32_t]" at line 205 of /home/ez48awud/Documents/implementations/LiDiff/MinkowskiEngine/src/coordinate_map_manager.cu
            instantiation of "minkowski::gpu_kernel_map<minkowski::type_wrapper<uint32_t, int32_t, float>::index_type, TemplatedAllocator<char>> minkowski::detail::kernel_map_functor<coordinate_type, TemplatedAllocator, minkowski::CoordinateMapGPU, minkowski::gpu_kernel_map<minkowski::type_wrapper<uint32_t, int32_t, float>::index_type, TemplatedAllocator<char>>>::operator()(const minkowski::CoordinateMapGPU<coordinate_type, TemplatedAllocator> &, const minkowski::CoordinateMapGPU<coordinate_type, TemplatedAllocator> &, minkowski::CUDAKernelMapMode::Mode, minkowski::cpu_kernel_region<coordinate_type> &) [with coordinate_type=int32_t, TemplatedAllocator=minkowski::detail::default_allocator]" at line 753 of /home/ez48awud/Documents/implementations/LiDiff/MinkowskiEngine/src/coordinate_map_manager.cpp
            instantiation of "const minkowski::CoordinateMapManager<coordinate_type, coordinate_field_type, TemplatedAllocator, CoordinateMapType>::kernel_map_type &minkowski::CoordinateMapManager<coordinate_type, coordinate_field_type, TemplatedAllocator, CoordinateMapType>::kernel_map(const minkowski::CoordinateMapKey *, const minkowski::CoordinateMapKey *, const minkowski::CoordinateMapManager<coordinate_type, coordinate_field_type, TemplatedAllocator, CoordinateMapType>::stride_type &, const minkowski::CoordinateMapManager<coordinate_type, coordinate_field_type, TemplatedAllocator, CoordinateMapType>::stride_type &, const minkowski::CoordinateMapManager<coordinate_type, coordinate_field_type, TemplatedAllocator, CoordinateMapType>::stride_type &, minkowski::RegionType::Type, const at::Tensor &, __nv_bool, __nv_bool) [with coordinate_type=int32_t, coordinate_field_type=float, TemplatedAllocator=minkowski::detail::default_allocator, CoordinateMapType=minkowski::CoordinateMapGPU]" at line 401 of /home/ez48awud/Documents/implementations/LiDiff/MinkowskiEngine/src/coordinate_map_manager.cu

/home/ez48awud/Documents/implementations/LiDiff/MinkowskiEngine/src/coordinate_map_manager.cpp(717): warning #430-D: returning reference to local temporary
        return detail::empty_map_functor<coordinate_type, TemplatedAllocator,
               ^
          detected during instantiation of "const minkowski::CoordinateMapManager<coordinate_type, coordinate_field_type, TemplatedAllocator, CoordinateMapType>::kernel_map_type &minkowski::CoordinateMapManager<coordinate_type, coordinate_field_type, TemplatedAllocator, CoordinateMapType>::kernel_map(const minkowski::CoordinateMapKey *, const minkowski::CoordinateMapKey *, const minkowski::CoordinateMapManager<coordinate_type, coordinate_field_type, TemplatedAllocator, CoordinateMapType>::stride_type &, const minkowski::CoordinateMapManager<coordinate_type, coordinate_field_type, TemplatedAllocator, CoordinateMapType>::stride_type &, const minkowski::CoordinateMapManager<coordinate_type, coordinate_field_type, TemplatedAllocator, CoordinateMapType>::stride_type &, minkowski::RegionType::Type, const at::Tensor &, __nv_bool, __nv_bool) [with coordinate_type=int32_t, coordinate_field_type=float, TemplatedAllocator=minkowski::detail::c10_allocator, CoordinateMapType=minkowski::CoordinateMapGPU]" at line 404 of /home/ez48awud/Documents/implementations/LiDiff/MinkowskiEngine/src/coordinate_map_manager.cu

/home/ez48awud/Documents/implementations/LiDiff/MinkowskiEngine/src/kernel_region.hpp(429): warning #20011-D: calling a __host__ function("minkowski::cpu_kernel_region<int> ::device_tensor_stride() const") from a __host__ __device__ function("minkowski::gpu_kernel_region<int> ::gpu_kernel_region") is not allowed

/home/ez48awud/Documents/implementations/LiDiff/MinkowskiEngine/src/kernel_region.hpp(429): warning #20011-D: calling a __host__ function("minkowski::cpu_kernel_region<int> ::device_kernel_size() const") from a __host__ __device__ function("minkowski::gpu_kernel_region<int> ::gpu_kernel_region") is not allowed

/home/ez48awud/Documents/implementations/LiDiff/MinkowskiEngine/src/kernel_region.hpp(430): warning #20011-D: calling a __host__ function("minkowski::cpu_kernel_region<int> ::device_dilation() const") from a __host__ __device__ function("minkowski::gpu_kernel_region<int> ::gpu_kernel_region") is not allowed

/home/ez48awud/Documents/implementations/LiDiff/MinkowskiEngine/src/kernel_region.hpp(431): warning #20011-D: calling a __host__ function("minkowski::cpu_kernel_region<int> ::device_offset() const") from a __host__ __device__ function("minkowski::gpu_kernel_region<int> ::gpu_kernel_region") is not allowed

/home/ez48awud/Documents/implementations/LiDiff/MinkowskiEngine/src/coordinate_map_cpu.hpp(58): warning #177-D: variable "float_type" was declared but never referenced
    at::ScalarType const float_type =
                         ^
          detected during:
            instantiation of "std::pair<at::Tensor, at::Tensor> minkowski::CoordinateMapCPU<coordinate_type, TemplatedAllocator>::field_map(const coordinate_field_type *, minkowski::CoordinateMapCPU<coordinate_type, TemplatedAllocator>::size_type) const [with coordinate_type=int32_t, TemplatedAllocator=std::allocator, coordinate_field_type=float]" at line 329 of /home/ez48awud/Documents/implementations/LiDiff/MinkowskiEngine/src/coordinate_map_manager.cpp
            instantiation of "std::pair<at::Tensor, at::Tensor> minkowski::CoordinateMapManager<coordinate_type, coordinate_field_type, TemplatedAllocator, CoordinateMapType>::field_to_sparse_map(const minkowski::CoordinateMapKey *, const minkowski::CoordinateMapKey *) [with coordinate_type=int32_t, coordinate_field_type=float, TemplatedAllocator=std::allocator, CoordinateMapType=minkowski::CoordinateMapCPU]" at line 1451 of /home/ez48awud/Documents/implementations/LiDiff/MinkowskiEngine/src/coordinate_map_manager.cpp

Remark: The warnings can be suppressed with "-diag-suppress <warning-number>"

/home/ez48awud/Documents/implementations/LiDiff/MinkowskiEngine/src/coordinate_map_manager.cpp(717): warning #430-D: returning reference to local temporary
        return detail::empty_map_functor<coordinate_type, TemplatedAllocator,
               ^
          detected during instantiation of "const minkowski::CoordinateMapManager<coordinate_type, coordinate_field_type, TemplatedAllocator, CoordinateMapType>::kernel_map_type &minkowski::CoordinateMapManager<coordinate_type, coordinate_field_type, TemplatedAllocator, CoordinateMapType>::kernel_map(const minkowski::CoordinateMapKey *, const minkowski::CoordinateMapKey *, const minkowski::CoordinateMapManager<coordinate_type, coordinate_field_type, TemplatedAllocator, CoordinateMapType>::stride_type &, const minkowski::CoordinateMapManager<coordinate_type, coordinate_field_type, TemplatedAllocator, CoordinateMapType>::stride_type &, const minkowski::CoordinateMapManager<coordinate_type, coordinate_field_type, TemplatedAllocator, CoordinateMapType>::stride_type &, minkowski::RegionType::Type, const at::Tensor &, __nv_bool, __nv_bool) [with coordinate_type=int32_t, coordinate_field_type=float, TemplatedAllocator=std::allocator, CoordinateMapType=minkowski::CoordinateMapCPU]" at line 1451

/home/ez48awud/Documents/implementations/LiDiff/MinkowskiEngine/src/coordinate_map_manager.cpp(717): warning #430-D: returning reference to local temporary
        return detail::empty_map_functor<coordinate_type, TemplatedAllocator,
               ^
          detected during instantiation of "const minkowski::CoordinateMapManager<coordinate_type, coordinate_field_type, TemplatedAllocator, CoordinateMapType>::kernel_map_type &minkowski::CoordinateMapManager<coordinate_type, coordinate_field_type, TemplatedAllocator, CoordinateMapType>::kernel_map(const minkowski::CoordinateMapKey *, const minkowski::CoordinateMapKey *, const minkowski::CoordinateMapManager<coordinate_type, coordinate_field_type, TemplatedAllocator, CoordinateMapType>::stride_type &, const minkowski::CoordinateMapManager<coordinate_type, coordinate_field_type, TemplatedAllocator, CoordinateMapType>::stride_type &, const minkowski::CoordinateMapManager<coordinate_type, coordinate_field_type, TemplatedAllocator, CoordinateMapType>::stride_type &, minkowski::RegionType::Type, const at::Tensor &, __nv_bool, __nv_bool) [with coordinate_type=int32_t, coordinate_field_type=float, TemplatedAllocator=minkowski::detail::default_allocator, CoordinateMapType=minkowski::CoordinateMapGPU]" at line 401 of /home/ez48awud/Documents/implementations/LiDiff/MinkowskiEngine/src/coordinate_map_manager.cu

/home/ez48awud/Documents/implementations/LiDiff/MinkowskiEngine/src/kernel_region.hpp(429): warning #20014-D: calling a __host__ function from a __host__ __device__ function is not allowed
                    other.device_tensor_stride(), other.device_kernel_size(),
                                              ^
          detected during:
            instantiation of "minkowski::gpu_kernel_region<coordinate_type>::gpu_kernel_region(const minkowski::cpu_kernel_region<coordinate_type> &) [with coordinate_type=int32_t]" at line 205 of /home/ez48awud/Documents/implementations/LiDiff/MinkowskiEngine/src/coordinate_map_manager.cu
            instantiation of "minkowski::gpu_kernel_map<minkowski::type_wrapper<uint32_t, int32_t, float>::index_type, TemplatedAllocator<char>> minkowski::detail::kernel_map_functor<coordinate_type, TemplatedAllocator, minkowski::CoordinateMapGPU, minkowski::gpu_kernel_map<minkowski::type_wrapper<uint32_t, int32_t, float>::index_type, TemplatedAllocator<char>>>::operator()(const minkowski::CoordinateMapGPU<coordinate_type, TemplatedAllocator> &, const minkowski::CoordinateMapGPU<coordinate_type, TemplatedAllocator> &, minkowski::CUDAKernelMapMode::Mode, minkowski::cpu_kernel_region<coordinate_type> &) [with coordinate_type=int32_t, TemplatedAllocator=minkowski::detail::default_allocator]" at line 753 of /home/ez48awud/Documents/implementations/LiDiff/MinkowskiEngine/src/coordinate_map_manager.cpp
            instantiation of "const minkowski::CoordinateMapManager<coordinate_type, coordinate_field_type, TemplatedAllocator, CoordinateMapType>::kernel_map_type &minkowski::CoordinateMapManager<coordinate_type, coordinate_field_type, TemplatedAllocator, CoordinateMapType>::kernel_map(const minkowski::CoordinateMapKey *, const minkowski::CoordinateMapKey *, const minkowski::CoordinateMapManager<coordinate_type, coordinate_field_type, TemplatedAllocator, CoordinateMapType>::stride_type &, const minkowski::CoordinateMapManager<coordinate_type, coordinate_field_type, TemplatedAllocator, CoordinateMapType>::stride_type &, const minkowski::CoordinateMapManager<coordinate_type, coordinate_field_type, TemplatedAllocator, CoordinateMapType>::stride_type &, minkowski::RegionType::Type, const at::Tensor &, __nv_bool, __nv_bool) [with coordinate_type=int32_t, coordinate_field_type=float, TemplatedAllocator=minkowski::detail::default_allocator, CoordinateMapType=minkowski::CoordinateMapGPU]" at line 401 of /home/ez48awud/Documents/implementations/LiDiff/MinkowskiEngine/src/coordinate_map_manager.cu

/home/ez48awud/Documents/implementations/LiDiff/MinkowskiEngine/src/kernel_region.hpp(429): warning #20014-D: calling a __host__ function from a __host__ __device__ function is not allowed
                    other.device_tensor_stride(), other.device_kernel_size(),
                                                                          ^
          detected during:
            instantiation of "minkowski::gpu_kernel_region<coordinate_type>::gpu_kernel_region(const minkowski::cpu_kernel_region<coordinate_type> &) [with coordinate_type=int32_t]" at line 205 of /home/ez48awud/Documents/implementations/LiDiff/MinkowskiEngine/src/coordinate_map_manager.cu
            instantiation of "minkowski::gpu_kernel_map<minkowski::type_wrapper<uint32_t, int32_t, float>::index_type, TemplatedAllocator<char>> minkowski::detail::kernel_map_functor<coordinate_type, TemplatedAllocator, minkowski::CoordinateMapGPU, minkowski::gpu_kernel_map<minkowski::type_wrapper<uint32_t, int32_t, float>::index_type, TemplatedAllocator<char>>>::operator()(const minkowski::CoordinateMapGPU<coordinate_type, TemplatedAllocator> &, const minkowski::CoordinateMapGPU<coordinate_type, TemplatedAllocator> &, minkowski::CUDAKernelMapMode::Mode, minkowski::cpu_kernel_region<coordinate_type> &) [with coordinate_type=int32_t, TemplatedAllocator=minkowski::detail::default_allocator]" at line 753 of /home/ez48awud/Documents/implementations/LiDiff/MinkowskiEngine/src/coordinate_map_manager.cpp
            instantiation of "const minkowski::CoordinateMapManager<coordinate_type, coordinate_field_type, TemplatedAllocator, CoordinateMapType>::kernel_map_type &minkowski::CoordinateMapManager<coordinate_type, coordinate_field_type, TemplatedAllocator, CoordinateMapType>::kernel_map(const minkowski::CoordinateMapKey *, const minkowski::CoordinateMapKey *, const minkowski::CoordinateMapManager<coordinate_type, coordinate_field_type, TemplatedAllocator, CoordinateMapType>::stride_type &, const minkowski::CoordinateMapManager<coordinate_type, coordinate_field_type, TemplatedAllocator, CoordinateMapType>::stride_type &, const minkowski::CoordinateMapManager<coordinate_type, coordinate_field_type, TemplatedAllocator, CoordinateMapType>::stride_type &, minkowski::RegionType::Type, const at::Tensor &, __nv_bool, __nv_bool) [with coordinate_type=int32_t, coordinate_field_type=float, TemplatedAllocator=minkowski::detail::default_allocator, CoordinateMapType=minkowski::CoordinateMapGPU]" at line 401 of /home/ez48awud/Documents/implementations/LiDiff/MinkowskiEngine/src/coordinate_map_manager.cu

/home/ez48awud/Documents/implementations/LiDiff/MinkowskiEngine/src/kernel_region.hpp(430): warning #20014-D: calling a __host__ function from a __host__ __device__ function is not allowed
                    other.device_dilation(), other.volume(),
                                         ^
          detected during:
            instantiation of "minkowski::gpu_kernel_region<coordinate_type>::gpu_kernel_region(const minkowski::cpu_kernel_region<coordinate_type> &) [with coordinate_type=int32_t]" at line 205 of /home/ez48awud/Documents/implementations/LiDiff/MinkowskiEngine/src/coordinate_map_manager.cu
            instantiation of "minkowski::gpu_kernel_map<minkowski::type_wrapper<uint32_t, int32_t, float>::index_type, TemplatedAllocator<char>> minkowski::detail::kernel_map_functor<coordinate_type, TemplatedAllocator, minkowski::CoordinateMapGPU, minkowski::gpu_kernel_map<minkowski::type_wrapper<uint32_t, int32_t, float>::index_type, TemplatedAllocator<char>>>::operator()(const minkowski::CoordinateMapGPU<coordinate_type, TemplatedAllocator> &, const minkowski::CoordinateMapGPU<coordinate_type, TemplatedAllocator> &, minkowski::CUDAKernelMapMode::Mode, minkowski::cpu_kernel_region<coordinate_type> &) [with coordinate_type=int32_t, TemplatedAllocator=minkowski::detail::default_allocator]" at line 753 of /home/ez48awud/Documents/implementations/LiDiff/MinkowskiEngine/src/coordinate_map_manager.cpp
            instantiation of "const minkowski::CoordinateMapManager<coordinate_type, coordinate_field_type, TemplatedAllocator, CoordinateMapType>::kernel_map_type &minkowski::CoordinateMapManager<coordinate_type, coordinate_field_type, TemplatedAllocator, CoordinateMapType>::kernel_map(const minkowski::CoordinateMapKey *, const minkowski::CoordinateMapKey *, const minkowski::CoordinateMapManager<coordinate_type, coordinate_field_type, TemplatedAllocator, CoordinateMapType>::stride_type &, const minkowski::CoordinateMapManager<coordinate_type, coordinate_field_type, TemplatedAllocator, CoordinateMapType>::stride_type &, const minkowski::CoordinateMapManager<coordinate_type, coordinate_field_type, TemplatedAllocator, CoordinateMapType>::stride_type &, minkowski::RegionType::Type, const at::Tensor &, __nv_bool, __nv_bool) [with coordinate_type=int32_t, coordinate_field_type=float, TemplatedAllocator=minkowski::detail::default_allocator, CoordinateMapType=minkowski::CoordinateMapGPU]" at line 401 of /home/ez48awud/Documents/implementations/LiDiff/MinkowskiEngine/src/coordinate_map_manager.cu

/home/ez48awud/Documents/implementations/LiDiff/MinkowskiEngine/src/kernel_region.hpp(431): warning #20014-D: calling a __host__ function from a __host__ __device__ function is not allowed
                    other.device_offset(), other.num_offset(),
                                       ^
          detected during:
            instantiation of "minkowski::gpu_kernel_region<coordinate_type>::gpu_kernel_region(const minkowski::cpu_kernel_region<coordinate_type> &) [with coordinate_type=int32_t]" at line 205 of /home/ez48awud/Documents/implementations/LiDiff/MinkowskiEngine/src/coordinate_map_manager.cu
            instantiation of "minkowski::gpu_kernel_map<minkowski::type_wrapper<uint32_t, int32_t, float>::index_type, TemplatedAllocator<char>> minkowski::detail::kernel_map_functor<coordinate_type, TemplatedAllocator, minkowski::CoordinateMapGPU, minkowski::gpu_kernel_map<minkowski::type_wrapper<uint32_t, int32_t, float>::index_type, TemplatedAllocator<char>>>::operator()(const minkowski::CoordinateMapGPU<coordinate_type, TemplatedAllocator> &, const minkowski::CoordinateMapGPU<coordinate_type, TemplatedAllocator> &, minkowski::CUDAKernelMapMode::Mode, minkowski::cpu_kernel_region<coordinate_type> &) [with coordinate_type=int32_t, TemplatedAllocator=minkowski::detail::default_allocator]" at line 753 of /home/ez48awud/Documents/implementations/LiDiff/MinkowskiEngine/src/coordinate_map_manager.cpp
            instantiation of "const minkowski::CoordinateMapManager<coordinate_type, coordinate_field_type, TemplatedAllocator, CoordinateMapType>::kernel_map_type &minkowski::CoordinateMapManager<coordinate_type, coordinate_field_type, TemplatedAllocator, CoordinateMapType>::kernel_map(const minkowski::CoordinateMapKey *, const minkowski::CoordinateMapKey *, const minkowski::CoordinateMapManager<coordinate_type, coordinate_field_type, TemplatedAllocator, CoordinateMapType>::stride_type &, const minkowski::CoordinateMapManager<coordinate_type, coordinate_field_type, TemplatedAllocator, CoordinateMapType>::stride_type &, const minkowski::CoordinateMapManager<coordinate_type, coordinate_field_type, TemplatedAllocator, CoordinateMapType>::stride_type &, minkowski::RegionType::Type, const at::Tensor &, __nv_bool, __nv_bool) [with coordinate_type=int32_t, coordinate_field_type=float, TemplatedAllocator=minkowski::detail::default_allocator, CoordinateMapType=minkowski::CoordinateMapGPU]" at line 401 of /home/ez48awud/Documents/implementations/LiDiff/MinkowskiEngine/src/coordinate_map_manager.cu

/home/ez48awud/Documents/implementations/LiDiff/MinkowskiEngine/src/coordinate_map_manager.cpp(717): warning #430-D: returning reference to local temporary
        return detail::empty_map_functor<coordinate_type, TemplatedAllocator,
               ^
          detected during instantiation of "const minkowski::CoordinateMapManager<coordinate_type, coordinate_field_type, TemplatedAllocator, CoordinateMapType>::kernel_map_type &minkowski::CoordinateMapManager<coordinate_type, coordinate_field_type, TemplatedAllocator, CoordinateMapType>::kernel_map(const minkowski::CoordinateMapKey *, const minkowski::CoordinateMapKey *, const minkowski::CoordinateMapManager<coordinate_type, coordinate_field_type, TemplatedAllocator, CoordinateMapType>::stride_type &, const minkowski::CoordinateMapManager<coordinate_type, coordinate_field_type, TemplatedAllocator, CoordinateMapType>::stride_type &, const minkowski::CoordinateMapManager<coordinate_type, coordinate_field_type, TemplatedAllocator, CoordinateMapType>::stride_type &, minkowski::RegionType::Type, const at::Tensor &, __nv_bool, __nv_bool) [with coordinate_type=int32_t, coordinate_field_type=float, TemplatedAllocator=minkowski::detail::c10_allocator, CoordinateMapType=minkowski::CoordinateMapGPU]" at line 404 of /home/ez48awud/Documents/implementations/LiDiff/MinkowskiEngine/src/coordinate_map_manager.cu

/home/ez48awud/Documents/implementations/LiDiff/MinkowskiEngine/src/kernel_region.hpp(429): warning #20011-D: calling a __host__ function("minkowski::cpu_kernel_region<int> ::device_tensor_stride() const") from a __host__ __device__ function("minkowski::gpu_kernel_region<int> ::gpu_kernel_region") is not allowed

/home/ez48awud/Documents/implementations/LiDiff/MinkowskiEngine/src/kernel_region.hpp(429): warning #20011-D: calling a __host__ function("minkowski::cpu_kernel_region<int> ::device_kernel_size() const") from a __host__ __device__ function("minkowski::gpu_kernel_region<int> ::gpu_kernel_region") is not allowed

/home/ez48awud/Documents/implementations/LiDiff/MinkowskiEngine/src/kernel_region.hpp(430): warning #20011-D: calling a __host__ function("minkowski::cpu_kernel_region<int> ::device_dilation() const") from a __host__ __device__ function("minkowski::gpu_kernel_region<int> ::gpu_kernel_region") is not allowed

/home/ez48awud/Documents/implementations/LiDiff/MinkowskiEngine/src/kernel_region.hpp(431): warning #20011-D: calling a __host__ function("minkowski::cpu_kernel_region<int> ::device_offset() const") from a __host__ __device__ function("minkowski::gpu_kernel_region<int> ::gpu_kernel_region") is not allowed

/home/ez48awud/Documents/implementations/LiDiff/MinkowskiEngine/src/coordinate_map_cpu.hpp(58): warning #177-D: variable "float_type" was declared but never referenced
    at::ScalarType const float_type =
                         ^
          detected during:
            instantiation of "std::pair<at::Tensor, at::Tensor> minkowski::CoordinateMapCPU<coordinate_type, TemplatedAllocator>::field_map(const coordinate_field_type *, minkowski::CoordinateMapCPU<coordinate_type, TemplatedAllocator>::size_type) const [with coordinate_type=int32_t, TemplatedAllocator=std::allocator, coordinate_field_type=float]" at line 329 of /home/ez48awud/Documents/implementations/LiDiff/MinkowskiEngine/src/coordinate_map_manager.cpp
            instantiation of "std::pair<at::Tensor, at::Tensor> minkowski::CoordinateMapManager<coordinate_type, coordinate_field_type, TemplatedAllocator, CoordinateMapType>::field_to_sparse_map(const minkowski::CoordinateMapKey *, const minkowski::CoordinateMapKey *) [with coordinate_type=int32_t, coordinate_field_type=float, TemplatedAllocator=std::allocator, CoordinateMapType=minkowski::CoordinateMapCPU]" at line 1451 of /home/ez48awud/Documents/implementations/LiDiff/MinkowskiEngine/src/coordinate_map_manager.cpp

Remark: The warnings can be suppressed with "-diag-suppress <warning-number>"

/home/ez48awud/Documents/implementations/LiDiff/MinkowskiEngine/src/coordinate_map_manager.cpp(717): warning #430-D: returning reference to local temporary
        return detail::empty_map_functor<coordinate_type, TemplatedAllocator,
               ^
          detected during instantiation of "const minkowski::CoordinateMapManager<coordinate_type, coordinate_field_type, TemplatedAllocator, CoordinateMapType>::kernel_map_type &minkowski::CoordinateMapManager<coordinate_type, coordinate_field_type, TemplatedAllocator, CoordinateMapType>::kernel_map(const minkowski::CoordinateMapKey *, const minkowski::CoordinateMapKey *, const minkowski::CoordinateMapManager<coordinate_type, coordinate_field_type, TemplatedAllocator, CoordinateMapType>::stride_type &, const minkowski::CoordinateMapManager<coordinate_type, coordinate_field_type, TemplatedAllocator, CoordinateMapType>::stride_type &, const minkowski::CoordinateMapManager<coordinate_type, coordinate_field_type, TemplatedAllocator, CoordinateMapType>::stride_type &, minkowski::RegionType::Type, const at::Tensor &, __nv_bool, __nv_bool) [with coordinate_type=int32_t, coordinate_field_type=float, TemplatedAllocator=std::allocator, CoordinateMapType=minkowski::CoordinateMapCPU]" at line 1451

/home/ez48awud/Documents/implementations/LiDiff/MinkowskiEngine/src/coordinate_map_manager.cpp(717): warning #430-D: returning reference to local temporary
        return detail::empty_map_functor<coordinate_type, TemplatedAllocator,
               ^
          detected during instantiation of "const minkowski::CoordinateMapManager<coordinate_type, coordinate_field_type, TemplatedAllocator, CoordinateMapType>::kernel_map_type &minkowski::CoordinateMapManager<coordinate_type, coordinate_field_type, TemplatedAllocator, CoordinateMapType>::kernel_map(const minkowski::CoordinateMapKey *, const minkowski::CoordinateMapKey *, const minkowski::CoordinateMapManager<coordinate_type, coordinate_field_type, TemplatedAllocator, CoordinateMapType>::stride_type &, const minkowski::CoordinateMapManager<coordinate_type, coordinate_field_type, TemplatedAllocator, CoordinateMapType>::stride_type &, const minkowski::CoordinateMapManager<coordinate_type, coordinate_field_type, TemplatedAllocator, CoordinateMapType>::stride_type &, minkowski::RegionType::Type, const at::Tensor &, __nv_bool, __nv_bool) [with coordinate_type=int32_t, coordinate_field_type=float, TemplatedAllocator=minkowski::detail::default_allocator, CoordinateMapType=minkowski::CoordinateMapGPU]" at line 401 of /home/ez48awud/Documents/implementations/LiDiff/MinkowskiEngine/src/coordinate_map_manager.cu

/home/ez48awud/Documents/implementations/LiDiff/MinkowskiEngine/src/kernel_region.hpp(429): warning #20014-D: calling a __host__ function from a __host__ __device__ function is not allowed
                    other.device_tensor_stride(), other.device_kernel_size(),
                                              ^
          detected during:
            instantiation of "minkowski::gpu_kernel_region<coordinate_type>::gpu_kernel_region(const minkowski::cpu_kernel_region<coordinate_type> &) [with coordinate_type=int32_t]" at line 205 of /home/ez48awud/Documents/implementations/LiDiff/MinkowskiEngine/src/coordinate_map_manager.cu
            instantiation of "minkowski::gpu_kernel_map<minkowski::type_wrapper<uint32_t, int32_t, float>::index_type, TemplatedAllocator<char>> minkowski::detail::kernel_map_functor<coordinate_type, TemplatedAllocator, minkowski::CoordinateMapGPU, minkowski::gpu_kernel_map<minkowski::type_wrapper<uint32_t, int32_t, float>::index_type, TemplatedAllocator<char>>>::operator()(const minkowski::CoordinateMapGPU<coordinate_type, TemplatedAllocator> &, const minkowski::CoordinateMapGPU<coordinate_type, TemplatedAllocator> &, minkowski::CUDAKernelMapMode::Mode, minkowski::cpu_kernel_region<coordinate_type> &) [with coordinate_type=int32_t, TemplatedAllocator=minkowski::detail::default_allocator]" at line 753 of /home/ez48awud/Documents/implementations/LiDiff/MinkowskiEngine/src/coordinate_map_manager.cpp
            instantiation of "const minkowski::CoordinateMapManager<coordinate_type, coordinate_field_type, TemplatedAllocator, CoordinateMapType>::kernel_map_type &minkowski::CoordinateMapManager<coordinate_type, coordinate_field_type, TemplatedAllocator, CoordinateMapType>::kernel_map(const minkowski::CoordinateMapKey *, const minkowski::CoordinateMapKey *, const minkowski::CoordinateMapManager<coordinate_type, coordinate_field_type, TemplatedAllocator, CoordinateMapType>::stride_type &, const minkowski::CoordinateMapManager<coordinate_type, coordinate_field_type, TemplatedAllocator, CoordinateMapType>::stride_type &, const minkowski::CoordinateMapManager<coordinate_type, coordinate_field_type, TemplatedAllocator, CoordinateMapType>::stride_type &, minkowski::RegionType::Type, const at::Tensor &, __nv_bool, __nv_bool) [with coordinate_type=int32_t, coordinate_field_type=float, TemplatedAllocator=minkowski::detail::default_allocator, CoordinateMapType=minkowski::CoordinateMapGPU]" at line 401 of /home/ez48awud/Documents/implementations/LiDiff/MinkowskiEngine/src/coordinate_map_manager.cu

/home/ez48awud/Documents/implementations/LiDiff/MinkowskiEngine/src/kernel_region.hpp(429): warning #20014-D: calling a __host__ function from a __host__ __device__ function is not allowed
                    other.device_tensor_stride(), other.device_kernel_size(),
                                                                          ^
          detected during:
            instantiation of "minkowski::gpu_kernel_region<coordinate_type>::gpu_kernel_region(const minkowski::cpu_kernel_region<coordinate_type> &) [with coordinate_type=int32_t]" at line 205 of /home/ez48awud/Documents/implementations/LiDiff/MinkowskiEngine/src/coordinate_map_manager.cu
            instantiation of "minkowski::gpu_kernel_map<minkowski::type_wrapper<uint32_t, int32_t, float>::index_type, TemplatedAllocator<char>> minkowski::detail::kernel_map_functor<coordinate_type, TemplatedAllocator, minkowski::CoordinateMapGPU, minkowski::gpu_kernel_map<minkowski::type_wrapper<uint32_t, int32_t, float>::index_type, TemplatedAllocator<char>>>::operator()(const minkowski::CoordinateMapGPU<coordinate_type, TemplatedAllocator> &, const minkowski::CoordinateMapGPU<coordinate_type, TemplatedAllocator> &, minkowski::CUDAKernelMapMode::Mode, minkowski::cpu_kernel_region<coordinate_type> &) [with coordinate_type=int32_t, TemplatedAllocator=minkowski::detail::default_allocator]" at line 753 of /home/ez48awud/Documents/implementations/LiDiff/MinkowskiEngine/src/coordinate_map_manager.cpp
            instantiation of "const minkowski::CoordinateMapManager<coordinate_type, coordinate_field_type, TemplatedAllocator, CoordinateMapType>::kernel_map_type &minkowski::CoordinateMapManager<coordinate_type, coordinate_field_type, TemplatedAllocator, CoordinateMapType>::kernel_map(const minkowski::CoordinateMapKey *, const minkowski::CoordinateMapKey *, const minkowski::CoordinateMapManager<coordinate_type, coordinate_field_type, TemplatedAllocator, CoordinateMapType>::stride_type &, const minkowski::CoordinateMapManager<coordinate_type, coordinate_field_type, TemplatedAllocator, CoordinateMapType>::stride_type &, const minkowski::CoordinateMapManager<coordinate_type, coordinate_field_type, TemplatedAllocator, CoordinateMapType>::stride_type &, minkowski::RegionType::Type, const at::Tensor &, __nv_bool, __nv_bool) [with coordinate_type=int32_t, coordinate_field_type=float, TemplatedAllocator=minkowski::detail::default_allocator, CoordinateMapType=minkowski::CoordinateMapGPU]" at line 401 of /home/ez48awud/Documents/implementations/LiDiff/MinkowskiEngine/src/coordinate_map_manager.cu

/home/ez48awud/Documents/implementations/LiDiff/MinkowskiEngine/src/kernel_region.hpp(430): warning #20014-D: calling a __host__ function from a __host__ __device__ function is not allowed
                    other.device_dilation(), other.volume(),
                                         ^
          detected during:
            instantiation of "minkowski::gpu_kernel_region<coordinate_type>::gpu_kernel_region(const minkowski::cpu_kernel_region<coordinate_type> &) [with coordinate_type=int32_t]" at line 205 of /home/ez48awud/Documents/implementations/LiDiff/MinkowskiEngine/src/coordinate_map_manager.cu
            instantiation of "minkowski::gpu_kernel_map<minkowski::type_wrapper<uint32_t, int32_t, float>::index_type, TemplatedAllocator<char>> minkowski::detail::kernel_map_functor<coordinate_type, TemplatedAllocator, minkowski::CoordinateMapGPU, minkowski::gpu_kernel_map<minkowski::type_wrapper<uint32_t, int32_t, float>::index_type, TemplatedAllocator<char>>>::operator()(const minkowski::CoordinateMapGPU<coordinate_type, TemplatedAllocator> &, const minkowski::CoordinateMapGPU<coordinate_type, TemplatedAllocator> &, minkowski::CUDAKernelMapMode::Mode, minkowski::cpu_kernel_region<coordinate_type> &) [with coordinate_type=int32_t, TemplatedAllocator=minkowski::detail::default_allocator]" at line 753 of /home/ez48awud/Documents/implementations/LiDiff/MinkowskiEngine/src/coordinate_map_manager.cpp
            instantiation of "const minkowski::CoordinateMapManager<coordinate_type, coordinate_field_type, TemplatedAllocator, CoordinateMapType>::kernel_map_type &minkowski::CoordinateMapManager<coordinate_type, coordinate_field_type, TemplatedAllocator, CoordinateMapType>::kernel_map(const minkowski::CoordinateMapKey *, const minkowski::CoordinateMapKey *, const minkowski::CoordinateMapManager<coordinate_type, coordinate_field_type, TemplatedAllocator, CoordinateMapType>::stride_type &, const minkowski::CoordinateMapManager<coordinate_type, coordinate_field_type, TemplatedAllocator, CoordinateMapType>::stride_type &, const minkowski::CoordinateMapManager<coordinate_type, coordinate_field_type, TemplatedAllocator, CoordinateMapType>::stride_type &, minkowski::RegionType::Type, const at::Tensor &, __nv_bool, __nv_bool) [with coordinate_type=int32_t, coordinate_field_type=float, TemplatedAllocator=minkowski::detail::default_allocator, CoordinateMapType=minkowski::CoordinateMapGPU]" at line 401 of /home/ez48awud/Documents/implementations/LiDiff/MinkowskiEngine/src/coordinate_map_manager.cu

/home/ez48awud/Documents/implementations/LiDiff/MinkowskiEngine/src/kernel_region.hpp(431): warning #20014-D: calling a __host__ function from a __host__ __device__ function is not allowed
                    other.device_offset(), other.num_offset(),
                                       ^
          detected during:
            instantiation of "minkowski::gpu_kernel_region<coordinate_type>::gpu_kernel_region(const minkowski::cpu_kernel_region<coordinate_type> &) [with coordinate_type=int32_t]" at line 205 of /home/ez48awud/Documents/implementations/LiDiff/MinkowskiEngine/src/coordinate_map_manager.cu
            instantiation of "minkowski::gpu_kernel_map<minkowski::type_wrapper<uint32_t, int32_t, float>::index_type, TemplatedAllocator<char>> minkowski::detail::kernel_map_functor<coordinate_type, TemplatedAllocator, minkowski::CoordinateMapGPU, minkowski::gpu_kernel_map<minkowski::type_wrapper<uint32_t, int32_t, float>::index_type, TemplatedAllocator<char>>>::operator()(const minkowski::CoordinateMapGPU<coordinate_type, TemplatedAllocator> &, const minkowski::CoordinateMapGPU<coordinate_type, TemplatedAllocator> &, minkowski::CUDAKernelMapMode::Mode, minkowski::cpu_kernel_region<coordinate_type> &) [with coordinate_type=int32_t, TemplatedAllocator=minkowski::detail::default_allocator]" at line 753 of /home/ez48awud/Documents/implementations/LiDiff/MinkowskiEngine/src/coordinate_map_manager.cpp
            instantiation of "const minkowski::CoordinateMapManager<coordinate_type, coordinate_field_type, TemplatedAllocator, CoordinateMapType>::kernel_map_type &minkowski::CoordinateMapManager<coordinate_type, coordinate_field_type, TemplatedAllocator, CoordinateMapType>::kernel_map(const minkowski::CoordinateMapKey *, const minkowski::CoordinateMapKey *, const minkowski::CoordinateMapManager<coordinate_type, coordinate_field_type, TemplatedAllocator, CoordinateMapType>::stride_type &, const minkowski::CoordinateMapManager<coordinate_type, coordinate_field_type, TemplatedAllocator, CoordinateMapType>::stride_type &, const minkowski::CoordinateMapManager<coordinate_type, coordinate_field_type, TemplatedAllocator, CoordinateMapType>::stride_type &, minkowski::RegionType::Type, const at::Tensor &, __nv_bool, __nv_bool) [with coordinate_type=int32_t, coordinate_field_type=float, TemplatedAllocator=minkowski::detail::default_allocator, CoordinateMapType=minkowski::CoordinateMapGPU]" at line 401 of /home/ez48awud/Documents/implementations/LiDiff/MinkowskiEngine/src/coordinate_map_manager.cu

/home/ez48awud/Documents/implementations/LiDiff/MinkowskiEngine/src/coordinate_map_manager.cpp(717): warning #430-D: returning reference to local temporary
        return detail::empty_map_functor<coordinate_type, TemplatedAllocator,
               ^
          detected during instantiation of "const minkowski::CoordinateMapManager<coordinate_type, coordinate_field_type, TemplatedAllocator, CoordinateMapType>::kernel_map_type &minkowski::CoordinateMapManager<coordinate_type, coordinate_field_type, TemplatedAllocator, CoordinateMapType>::kernel_map(const minkowski::CoordinateMapKey *, const minkowski::CoordinateMapKey *, const minkowski::CoordinateMapManager<coordinate_type, coordinate_field_type, TemplatedAllocator, CoordinateMapType>::stride_type &, const minkowski::CoordinateMapManager<coordinate_type, coordinate_field_type, TemplatedAllocator, CoordinateMapType>::stride_type &, const minkowski::CoordinateMapManager<coordinate_type, coordinate_field_type, TemplatedAllocator, CoordinateMapType>::stride_type &, minkowski::RegionType::Type, const at::Tensor &, __nv_bool, __nv_bool) [with coordinate_type=int32_t, coordinate_field_type=float, TemplatedAllocator=minkowski::detail::c10_allocator, CoordinateMapType=minkowski::CoordinateMapGPU]" at line 404 of /home/ez48awud/Documents/implementations/LiDiff/MinkowskiEngine/src/coordinate_map_manager.cu

/home/ez48awud/Documents/implementations/LiDiff/MinkowskiEngine/src/kernel_region.hpp(429): warning #20011-D: calling a __host__ function("minkowski::cpu_kernel_region<int> ::device_tensor_stride() const") from a __host__ __device__ function("minkowski::gpu_kernel_region<int> ::gpu_kernel_region") is not allowed

/home/ez48awud/Documents/implementations/LiDiff/MinkowskiEngine/src/kernel_region.hpp(429): warning #20011-D: calling a __host__ function("minkowski::cpu_kernel_region<int> ::device_kernel_size() const") from a __host__ __device__ function("minkowski::gpu_kernel_region<int> ::gpu_kernel_region") is not allowed

/home/ez48awud/Documents/implementations/LiDiff/MinkowskiEngine/src/kernel_region.hpp(430): warning #20011-D: calling a __host__ function("minkowski::cpu_kernel_region<int> ::device_dilation() const") from a __host__ __device__ function("minkowski::gpu_kernel_region<int> ::gpu_kernel_region") is not allowed

/home/ez48awud/Documents/implementations/LiDiff/MinkowskiEngine/src/kernel_region.hpp(431): warning #20011-D: calling a __host__ function("minkowski::cpu_kernel_region<int> ::device_offset() const") from a __host__ __device__ function("minkowski::gpu_kernel_region<int> ::gpu_kernel_region") is not allowed

/home/ez48awud/Documents/implementations/LiDiff/MinkowskiEngine/src/coordinate_map_cpu.hpp(58): warning #177-D: variable "float_type" was declared but never referenced
    at::ScalarType const float_type =
                         ^
          detected during:
            instantiation of "std::pair<at::Tensor, at::Tensor> minkowski::CoordinateMapCPU<coordinate_type, TemplatedAllocator>::field_map(const coordinate_field_type *, minkowski::CoordinateMapCPU<coordinate_type, TemplatedAllocator>::size_type) const [with coordinate_type=int32_t, TemplatedAllocator=std::allocator, coordinate_field_type=float]" at line 329 of /home/ez48awud/Documents/implementations/LiDiff/MinkowskiEngine/src/coordinate_map_manager.cpp
            instantiation of "std::pair<at::Tensor, at::Tensor> minkowski::CoordinateMapManager<coordinate_type, coordinate_field_type, TemplatedAllocator, CoordinateMapType>::field_to_sparse_map(const minkowski::CoordinateMapKey *, const minkowski::CoordinateMapKey *) [with coordinate_type=int32_t, coordinate_field_type=float, TemplatedAllocator=std::allocator, CoordinateMapType=minkowski::CoordinateMapCPU]" at line 1451 of /home/ez48awud/Documents/implementations/LiDiff/MinkowskiEngine/src/coordinate_map_manager.cpp

Remark: The warnings can be suppressed with "-diag-suppress <warning-number>"

/home/ez48awud/Documents/implementations/LiDiff/MinkowskiEngine/src/coordinate_map_manager.cpp(717): warning #430-D: returning reference to local temporary
        return detail::empty_map_functor<coordinate_type, TemplatedAllocator,
               ^
          detected during instantiation of "const minkowski::CoordinateMapManager<coordinate_type, coordinate_field_type, TemplatedAllocator, CoordinateMapType>::kernel_map_type &minkowski::CoordinateMapManager<coordinate_type, coordinate_field_type, TemplatedAllocator, CoordinateMapType>::kernel_map(const minkowski::CoordinateMapKey *, const minkowski::CoordinateMapKey *, const minkowski::CoordinateMapManager<coordinate_type, coordinate_field_type, TemplatedAllocator, CoordinateMapType>::stride_type &, const minkowski::CoordinateMapManager<coordinate_type, coordinate_field_type, TemplatedAllocator, CoordinateMapType>::stride_type &, const minkowski::CoordinateMapManager<coordinate_type, coordinate_field_type, TemplatedAllocator, CoordinateMapType>::stride_type &, minkowski::RegionType::Type, const at::Tensor &, __nv_bool, __nv_bool) [with coordinate_type=int32_t, coordinate_field_type=float, TemplatedAllocator=std::allocator, CoordinateMapType=minkowski::CoordinateMapCPU]" at line 1451

/home/ez48awud/Documents/implementations/LiDiff/MinkowskiEngine/src/coordinate_map_manager.cpp(717): warning #430-D: returning reference to local temporary
        return detail::empty_map_functor<coordinate_type, TemplatedAllocator,
               ^
          detected during instantiation of "const minkowski::CoordinateMapManager<coordinate_type, coordinate_field_type, TemplatedAllocator, CoordinateMapType>::kernel_map_type &minkowski::CoordinateMapManager<coordinate_type, coordinate_field_type, TemplatedAllocator, CoordinateMapType>::kernel_map(const minkowski::CoordinateMapKey *, const minkowski::CoordinateMapKey *, const minkowski::CoordinateMapManager<coordinate_type, coordinate_field_type, TemplatedAllocator, CoordinateMapType>::stride_type &, const minkowski::CoordinateMapManager<coordinate_type, coordinate_field_type, TemplatedAllocator, CoordinateMapType>::stride_type &, const minkowski::CoordinateMapManager<coordinate_type, coordinate_field_type, TemplatedAllocator, CoordinateMapType>::stride_type &, minkowski::RegionType::Type, const at::Tensor &, __nv_bool, __nv_bool) [with coordinate_type=int32_t, coordinate_field_type=float, TemplatedAllocator=minkowski::detail::default_allocator, CoordinateMapType=minkowski::CoordinateMapGPU]" at line 401 of /home/ez48awud/Documents/implementations/LiDiff/MinkowskiEngine/src/coordinate_map_manager.cu

/home/ez48awud/Documents/implementations/LiDiff/MinkowskiEngine/src/kernel_region.hpp(429): warning #20014-D: calling a __host__ function from a __host__ __device__ function is not allowed
                    other.device_tensor_stride(), other.device_kernel_size(),
                                              ^
          detected during:
            instantiation of "minkowski::gpu_kernel_region<coordinate_type>::gpu_kernel_region(const minkowski::cpu_kernel_region<coordinate_type> &) [with coordinate_type=int32_t]" at line 205 of /home/ez48awud/Documents/implementations/LiDiff/MinkowskiEngine/src/coordinate_map_manager.cu
            instantiation of "minkowski::gpu_kernel_map<minkowski::type_wrapper<uint32_t, int32_t, float>::index_type, TemplatedAllocator<char>> minkowski::detail::kernel_map_functor<coordinate_type, TemplatedAllocator, minkowski::CoordinateMapGPU, minkowski::gpu_kernel_map<minkowski::type_wrapper<uint32_t, int32_t, float>::index_type, TemplatedAllocator<char>>>::operator()(const minkowski::CoordinateMapGPU<coordinate_type, TemplatedAllocator> &, const minkowski::CoordinateMapGPU<coordinate_type, TemplatedAllocator> &, minkowski::CUDAKernelMapMode::Mode, minkowski::cpu_kernel_region<coordinate_type> &) [with coordinate_type=int32_t, TemplatedAllocator=minkowski::detail::default_allocator]" at line 753 of /home/ez48awud/Documents/implementations/LiDiff/MinkowskiEngine/src/coordinate_map_manager.cpp
            instantiation of "const minkowski::CoordinateMapManager<coordinate_type, coordinate_field_type, TemplatedAllocator, CoordinateMapType>::kernel_map_type &minkowski::CoordinateMapManager<coordinate_type, coordinate_field_type, TemplatedAllocator, CoordinateMapType>::kernel_map(const minkowski::CoordinateMapKey *, const minkowski::CoordinateMapKey *, const minkowski::CoordinateMapManager<coordinate_type, coordinate_field_type, TemplatedAllocator, CoordinateMapType>::stride_type &, const minkowski::CoordinateMapManager<coordinate_type, coordinate_field_type, TemplatedAllocator, CoordinateMapType>::stride_type &, const minkowski::CoordinateMapManager<coordinate_type, coordinate_field_type, TemplatedAllocator, CoordinateMapType>::stride_type &, minkowski::RegionType::Type, const at::Tensor &, __nv_bool, __nv_bool) [with coordinate_type=int32_t, coordinate_field_type=float, TemplatedAllocator=minkowski::detail::default_allocator, CoordinateMapType=minkowski::CoordinateMapGPU]" at line 401 of /home/ez48awud/Documents/implementations/LiDiff/MinkowskiEngine/src/coordinate_map_manager.cu

/home/ez48awud/Documents/implementations/LiDiff/MinkowskiEngine/src/kernel_region.hpp(429): warning #20014-D: calling a __host__ function from a __host__ __device__ function is not allowed
                    other.device_tensor_stride(), other.device_kernel_size(),
                                                                          ^
          detected during:
            instantiation of "minkowski::gpu_kernel_region<coordinate_type>::gpu_kernel_region(const minkowski::cpu_kernel_region<coordinate_type> &) [with coordinate_type=int32_t]" at line 205 of /home/ez48awud/Documents/implementations/LiDiff/MinkowskiEngine/src/coordinate_map_manager.cu
            instantiation of "minkowski::gpu_kernel_map<minkowski::type_wrapper<uint32_t, int32_t, float>::index_type, TemplatedAllocator<char>> minkowski::detail::kernel_map_functor<coordinate_type, TemplatedAllocator, minkowski::CoordinateMapGPU, minkowski::gpu_kernel_map<minkowski::type_wrapper<uint32_t, int32_t, float>::index_type, TemplatedAllocator<char>>>::operator()(const minkowski::CoordinateMapGPU<coordinate_type, TemplatedAllocator> &, const minkowski::CoordinateMapGPU<coordinate_type, TemplatedAllocator> &, minkowski::CUDAKernelMapMode::Mode, minkowski::cpu_kernel_region<coordinate_type> &) [with coordinate_type=int32_t, TemplatedAllocator=minkowski::detail::default_allocator]" at line 753 of /home/ez48awud/Documents/implementations/LiDiff/MinkowskiEngine/src/coordinate_map_manager.cpp
            instantiation of "const minkowski::CoordinateMapManager<coordinate_type, coordinate_field_type, TemplatedAllocator, CoordinateMapType>::kernel_map_type &minkowski::CoordinateMapManager<coordinate_type, coordinate_field_type, TemplatedAllocator, CoordinateMapType>::kernel_map(const minkowski::CoordinateMapKey *, const minkowski::CoordinateMapKey *, const minkowski::CoordinateMapManager<coordinate_type, coordinate_field_type, TemplatedAllocator, CoordinateMapType>::stride_type &, const minkowski::CoordinateMapManager<coordinate_type, coordinate_field_type, TemplatedAllocator, CoordinateMapType>::stride_type &, const minkowski::CoordinateMapManager<coordinate_type, coordinate_field_type, TemplatedAllocator, CoordinateMapType>::stride_type &, minkowski::RegionType::Type, const at::Tensor &, __nv_bool, __nv_bool) [with coordinate_type=int32_t, coordinate_field_type=float, TemplatedAllocator=minkowski::detail::default_allocator, CoordinateMapType=minkowski::CoordinateMapGPU]" at line 401 of /home/ez48awud/Documents/implementations/LiDiff/MinkowskiEngine/src/coordinate_map_manager.cu

/home/ez48awud/Documents/implementations/LiDiff/MinkowskiEngine/src/kernel_region.hpp(430): warning #20014-D: calling a __host__ function from a __host__ __device__ function is not allowed
                    other.device_dilation(), other.volume(),
                                         ^
          detected during:
            instantiation of "minkowski::gpu_kernel_region<coordinate_type>::gpu_kernel_region(const minkowski::cpu_kernel_region<coordinate_type> &) [with coordinate_type=int32_t]" at line 205 of /home/ez48awud/Documents/implementations/LiDiff/MinkowskiEngine/src/coordinate_map_manager.cu
            instantiation of "minkowski::gpu_kernel_map<minkowski::type_wrapper<uint32_t, int32_t, float>::index_type, TemplatedAllocator<char>> minkowski::detail::kernel_map_functor<coordinate_type, TemplatedAllocator, minkowski::CoordinateMapGPU, minkowski::gpu_kernel_map<minkowski::type_wrapper<uint32_t, int32_t, float>::index_type, TemplatedAllocator<char>>>::operator()(const minkowski::CoordinateMapGPU<coordinate_type, TemplatedAllocator> &, const minkowski::CoordinateMapGPU<coordinate_type, TemplatedAllocator> &, minkowski::CUDAKernelMapMode::Mode, minkowski::cpu_kernel_region<coordinate_type> &) [with coordinate_type=int32_t, TemplatedAllocator=minkowski::detail::default_allocator]" at line 753 of /home/ez48awud/Documents/implementations/LiDiff/MinkowskiEngine/src/coordinate_map_manager.cpp
            instantiation of "const minkowski::CoordinateMapManager<coordinate_type, coordinate_field_type, TemplatedAllocator, CoordinateMapType>::kernel_map_type &minkowski::CoordinateMapManager<coordinate_type, coordinate_field_type, TemplatedAllocator, CoordinateMapType>::kernel_map(const minkowski::CoordinateMapKey *, const minkowski::CoordinateMapKey *, const minkowski::CoordinateMapManager<coordinate_type, coordinate_field_type, TemplatedAllocator, CoordinateMapType>::stride_type &, const minkowski::CoordinateMapManager<coordinate_type, coordinate_field_type, TemplatedAllocator, CoordinateMapType>::stride_type &, const minkowski::CoordinateMapManager<coordinate_type, coordinate_field_type, TemplatedAllocator, CoordinateMapType>::stride_type &, minkowski::RegionType::Type, const at::Tensor &, __nv_bool, __nv_bool) [with coordinate_type=int32_t, coordinate_field_type=float, TemplatedAllocator=minkowski::detail::default_allocator, CoordinateMapType=minkowski::CoordinateMapGPU]" at line 401 of /home/ez48awud/Documents/implementations/LiDiff/MinkowskiEngine/src/coordinate_map_manager.cu

/home/ez48awud/Documents/implementations/LiDiff/MinkowskiEngine/src/kernel_region.hpp(431): warning #20014-D: calling a __host__ function from a __host__ __device__ function is not allowed
                    other.device_offset(), other.num_offset(),
                                       ^
          detected during:
            instantiation of "minkowski::gpu_kernel_region<coordinate_type>::gpu_kernel_region(const minkowski::cpu_kernel_region<coordinate_type> &) [with coordinate_type=int32_t]" at line 205 of /home/ez48awud/Documents/implementations/LiDiff/MinkowskiEngine/src/coordinate_map_manager.cu
            instantiation of "minkowski::gpu_kernel_map<minkowski::type_wrapper<uint32_t, int32_t, float>::index_type, TemplatedAllocator<char>> minkowski::detail::kernel_map_functor<coordinate_type, TemplatedAllocator, minkowski::CoordinateMapGPU, minkowski::gpu_kernel_map<minkowski::type_wrapper<uint32_t, int32_t, float>::index_type, TemplatedAllocator<char>>>::operator()(const minkowski::CoordinateMapGPU<coordinate_type, TemplatedAllocator> &, const minkowski::CoordinateMapGPU<coordinate_type, TemplatedAllocator> &, minkowski::CUDAKernelMapMode::Mode, minkowski::cpu_kernel_region<coordinate_type> &) [with coordinate_type=int32_t, TemplatedAllocator=minkowski::detail::default_allocator]" at line 753 of /home/ez48awud/Documents/implementations/LiDiff/MinkowskiEngine/src/coordinate_map_manager.cpp
            instantiation of "const minkowski::CoordinateMapManager<coordinate_type, coordinate_field_type, TemplatedAllocator, CoordinateMapType>::kernel_map_type &minkowski::CoordinateMapManager<coordinate_type, coordinate_field_type, TemplatedAllocator, CoordinateMapType>::kernel_map(const minkowski::CoordinateMapKey *, const minkowski::CoordinateMapKey *, const minkowski::CoordinateMapManager<coordinate_type, coordinate_field_type, TemplatedAllocator, CoordinateMapType>::stride_type &, const minkowski::CoordinateMapManager<coordinate_type, coordinate_field_type, TemplatedAllocator, CoordinateMapType>::stride_type &, const minkowski::CoordinateMapManager<coordinate_type, coordinate_field_type, TemplatedAllocator, CoordinateMapType>::stride_type &, minkowski::RegionType::Type, const at::Tensor &, __nv_bool, __nv_bool) [with coordinate_type=int32_t, coordinate_field_type=float, TemplatedAllocator=minkowski::detail::default_allocator, CoordinateMapType=minkowski::CoordinateMapGPU]" at line 401 of /home/ez48awud/Documents/implementations/LiDiff/MinkowskiEngine/src/coordinate_map_manager.cu

/home/ez48awud/Documents/implementations/LiDiff/MinkowskiEngine/src/coordinate_map_manager.cpp(717): warning #430-D: returning reference to local temporary
        return detail::empty_map_functor<coordinate_type, TemplatedAllocator,
               ^
          detected during instantiation of "const minkowski::CoordinateMapManager<coordinate_type, coordinate_field_type, TemplatedAllocator, CoordinateMapType>::kernel_map_type &minkowski::CoordinateMapManager<coordinate_type, coordinate_field_type, TemplatedAllocator, CoordinateMapType>::kernel_map(const minkowski::CoordinateMapKey *, const minkowski::CoordinateMapKey *, const minkowski::CoordinateMapManager<coordinate_type, coordinate_field_type, TemplatedAllocator, CoordinateMapType>::stride_type &, const minkowski::CoordinateMapManager<coordinate_type, coordinate_field_type, TemplatedAllocator, CoordinateMapType>::stride_type &, const minkowski::CoordinateMapManager<coordinate_type, coordinate_field_type, TemplatedAllocator, CoordinateMapType>::stride_type &, minkowski::RegionType::Type, const at::Tensor &, __nv_bool, __nv_bool) [with coordinate_type=int32_t, coordinate_field_type=float, TemplatedAllocator=minkowski::detail::c10_allocator, CoordinateMapType=minkowski::CoordinateMapGPU]" at line 404 of /home/ez48awud/Documents/implementations/LiDiff/MinkowskiEngine/src/coordinate_map_manager.cu

/home/ez48awud/Documents/implementations/LiDiff/MinkowskiEngine/src/kernel_region.hpp(429): warning #20011-D: calling a __host__ function("minkowski::cpu_kernel_region<int> ::device_tensor_stride() const") from a __host__ __device__ function("minkowski::gpu_kernel_region<int> ::gpu_kernel_region") is not allowed

/home/ez48awud/Documents/implementations/LiDiff/MinkowskiEngine/src/kernel_region.hpp(429): warning #20011-D: calling a __host__ function("minkowski::cpu_kernel_region<int> ::device_kernel_size() const") from a __host__ __device__ function("minkowski::gpu_kernel_region<int> ::gpu_kernel_region") is not allowed

/home/ez48awud/Documents/implementations/LiDiff/MinkowskiEngine/src/kernel_region.hpp(430): warning #20011-D: calling a __host__ function("minkowski::cpu_kernel_region<int> ::device_dilation() const") from a __host__ __device__ function("minkowski::gpu_kernel_region<int> ::gpu_kernel_region") is not allowed

/home/ez48awud/Documents/implementations/LiDiff/MinkowskiEngine/src/kernel_region.hpp(431): warning #20011-D: calling a __host__ function("minkowski::cpu_kernel_region<int> ::device_offset() const") from a __host__ __device__ function("minkowski::gpu_kernel_region<int> ::gpu_kernel_region") is not allowed

/home/ez48awud/Documents/implementations/LiDiff/MinkowskiEngine/src/coordinate_map_cpu.hpp(58): warning #177-D: variable "float_type" was declared but never referenced
    at::ScalarType const float_type =
                         ^
          detected during:
            instantiation of "std::pair<at::Tensor, at::Tensor> minkowski::CoordinateMapCPU<coordinate_type, TemplatedAllocator>::field_map(const coordinate_field_type *, minkowski::CoordinateMapCPU<coordinate_type, TemplatedAllocator>::size_type) const [with coordinate_type=int32_t, TemplatedAllocator=std::allocator, coordinate_field_type=float]" at line 329 of /home/ez48awud/Documents/implementations/LiDiff/MinkowskiEngine/src/coordinate_map_manager.cpp
            instantiation of "std::pair<at::Tensor, at::Tensor> minkowski::CoordinateMapManager<coordinate_type, coordinate_field_type, TemplatedAllocator, CoordinateMapType>::field_to_sparse_map(const minkowski::CoordinateMapKey *, const minkowski::CoordinateMapKey *) [with coordinate_type=int32_t, coordinate_field_type=float, TemplatedAllocator=std::allocator, CoordinateMapType=minkowski::CoordinateMapCPU]" at line 1451 of /home/ez48awud/Documents/implementations/LiDiff/MinkowskiEngine/src/coordinate_map_manager.cpp

Remark: The warnings can be suppressed with "-diag-suppress <warning-number>"

/home/ez48awud/Documents/implementations/LiDiff/MinkowskiEngine/src/coordinate_map_manager.cpp(717): warning #430-D: returning reference to local temporary
        return detail::empty_map_functor<coordinate_type, TemplatedAllocator,
               ^
          detected during instantiation of "const minkowski::CoordinateMapManager<coordinate_type, coordinate_field_type, TemplatedAllocator, CoordinateMapType>::kernel_map_type &minkowski::CoordinateMapManager<coordinate_type, coordinate_field_type, TemplatedAllocator, CoordinateMapType>::kernel_map(const minkowski::CoordinateMapKey *, const minkowski::CoordinateMapKey *, const minkowski::CoordinateMapManager<coordinate_type, coordinate_field_type, TemplatedAllocator, CoordinateMapType>::stride_type &, const minkowski::CoordinateMapManager<coordinate_type, coordinate_field_type, TemplatedAllocator, CoordinateMapType>::stride_type &, const minkowski::CoordinateMapManager<coordinate_type, coordinate_field_type, TemplatedAllocator, CoordinateMapType>::stride_type &, minkowski::RegionType::Type, const at::Tensor &, __nv_bool, __nv_bool) [with coordinate_type=int32_t, coordinate_field_type=float, TemplatedAllocator=std::allocator, CoordinateMapType=minkowski::CoordinateMapCPU]" at line 1451

/home/ez48awud/Documents/implementations/LiDiff/MinkowskiEngine/src/coordinate_map_manager.cpp(717): warning #430-D: returning reference to local temporary
        return detail::empty_map_functor<coordinate_type, TemplatedAllocator,
               ^
          detected during instantiation of "const minkowski::CoordinateMapManager<coordinate_type, coordinate_field_type, TemplatedAllocator, CoordinateMapType>::kernel_map_type &minkowski::CoordinateMapManager<coordinate_type, coordinate_field_type, TemplatedAllocator, CoordinateMapType>::kernel_map(const minkowski::CoordinateMapKey *, const minkowski::CoordinateMapKey *, const minkowski::CoordinateMapManager<coordinate_type, coordinate_field_type, TemplatedAllocator, CoordinateMapType>::stride_type &, const minkowski::CoordinateMapManager<coordinate_type, coordinate_field_type, TemplatedAllocator, CoordinateMapType>::stride_type &, const minkowski::CoordinateMapManager<coordinate_type, coordinate_field_type, TemplatedAllocator, CoordinateMapType>::stride_type &, minkowski::RegionType::Type, const at::Tensor &, __nv_bool, __nv_bool) [with coordinate_type=int32_t, coordinate_field_type=float, TemplatedAllocator=minkowski::detail::default_allocator, CoordinateMapType=minkowski::CoordinateMapGPU]" at line 401 of /home/ez48awud/Documents/implementations/LiDiff/MinkowskiEngine/src/coordinate_map_manager.cu

/home/ez48awud/Documents/implementations/LiDiff/MinkowskiEngine/src/kernel_region.hpp(429): warning #20014-D: calling a __host__ function from a __host__ __device__ function is not allowed
                    other.device_tensor_stride(), other.device_kernel_size(),
                                              ^
          detected during:
            instantiation of "minkowski::gpu_kernel_region<coordinate_type>::gpu_kernel_region(const minkowski::cpu_kernel_region<coordinate_type> &) [with coordinate_type=int32_t]" at line 205 of /home/ez48awud/Documents/implementations/LiDiff/MinkowskiEngine/src/coordinate_map_manager.cu
            instantiation of "minkowski::gpu_kernel_map<minkowski::type_wrapper<uint32_t, int32_t, float>::index_type, TemplatedAllocator<char>> minkowski::detail::kernel_map_functor<coordinate_type, TemplatedAllocator, minkowski::CoordinateMapGPU, minkowski::gpu_kernel_map<minkowski::type_wrapper<uint32_t, int32_t, float>::index_type, TemplatedAllocator<char>>>::operator()(const minkowski::CoordinateMapGPU<coordinate_type, TemplatedAllocator> &, const minkowski::CoordinateMapGPU<coordinate_type, TemplatedAllocator> &, minkowski::CUDAKernelMapMode::Mode, minkowski::cpu_kernel_region<coordinate_type> &) [with coordinate_type=int32_t, TemplatedAllocator=minkowski::detail::default_allocator]" at line 753 of /home/ez48awud/Documents/implementations/LiDiff/MinkowskiEngine/src/coordinate_map_manager.cpp
            instantiation of "const minkowski::CoordinateMapManager<coordinate_type, coordinate_field_type, TemplatedAllocator, CoordinateMapType>::kernel_map_type &minkowski::CoordinateMapManager<coordinate_type, coordinate_field_type, TemplatedAllocator, CoordinateMapType>::kernel_map(const minkowski::CoordinateMapKey *, const minkowski::CoordinateMapKey *, const minkowski::CoordinateMapManager<coordinate_type, coordinate_field_type, TemplatedAllocator, CoordinateMapType>::stride_type &, const minkowski::CoordinateMapManager<coordinate_type, coordinate_field_type, TemplatedAllocator, CoordinateMapType>::stride_type &, const minkowski::CoordinateMapManager<coordinate_type, coordinate_field_type, TemplatedAllocator, CoordinateMapType>::stride_type &, minkowski::RegionType::Type, const at::Tensor &, __nv_bool, __nv_bool) [with coordinate_type=int32_t, coordinate_field_type=float, TemplatedAllocator=minkowski::detail::default_allocator, CoordinateMapType=minkowski::CoordinateMapGPU]" at line 401 of /home/ez48awud/Documents/implementations/LiDiff/MinkowskiEngine/src/coordinate_map_manager.cu

/home/ez48awud/Documents/implementations/LiDiff/MinkowskiEngine/src/kernel_region.hpp(429): warning #20014-D: calling a __host__ function from a __host__ __device__ function is not allowed
                    other.device_tensor_stride(), other.device_kernel_size(),
                                                                          ^
          detected during:
            instantiation of "minkowski::gpu_kernel_region<coordinate_type>::gpu_kernel_region(const minkowski::cpu_kernel_region<coordinate_type> &) [with coordinate_type=int32_t]" at line 205 of /home/ez48awud/Documents/implementations/LiDiff/MinkowskiEngine/src/coordinate_map_manager.cu
            instantiation of "minkowski::gpu_kernel_map<minkowski::type_wrapper<uint32_t, int32_t, float>::index_type, TemplatedAllocator<char>> minkowski::detail::kernel_map_functor<coordinate_type, TemplatedAllocator, minkowski::CoordinateMapGPU, minkowski::gpu_kernel_map<minkowski::type_wrapper<uint32_t, int32_t, float>::index_type, TemplatedAllocator<char>>>::operator()(const minkowski::CoordinateMapGPU<coordinate_type, TemplatedAllocator> &, const minkowski::CoordinateMapGPU<coordinate_type, TemplatedAllocator> &, minkowski::CUDAKernelMapMode::Mode, minkowski::cpu_kernel_region<coordinate_type> &) [with coordinate_type=int32_t, TemplatedAllocator=minkowski::detail::default_allocator]" at line 753 of /home/ez48awud/Documents/implementations/LiDiff/MinkowskiEngine/src/coordinate_map_manager.cpp
            instantiation of "const minkowski::CoordinateMapManager<coordinate_type, coordinate_field_type, TemplatedAllocator, CoordinateMapType>::kernel_map_type &minkowski::CoordinateMapManager<coordinate_type, coordinate_field_type, TemplatedAllocator, CoordinateMapType>::kernel_map(const minkowski::CoordinateMapKey *, const minkowski::CoordinateMapKey *, const minkowski::CoordinateMapManager<coordinate_type, coordinate_field_type, TemplatedAllocator, CoordinateMapType>::stride_type &, const minkowski::CoordinateMapManager<coordinate_type, coordinate_field_type, TemplatedAllocator, CoordinateMapType>::stride_type &, const minkowski::CoordinateMapManager<coordinate_type, coordinate_field_type, TemplatedAllocator, CoordinateMapType>::stride_type &, minkowski::RegionType::Type, const at::Tensor &, __nv_bool, __nv_bool) [with coordinate_type=int32_t, coordinate_field_type=float, TemplatedAllocator=minkowski::detail::default_allocator, CoordinateMapType=minkowski::CoordinateMapGPU]" at line 401 of /home/ez48awud/Documents/implementations/LiDiff/MinkowskiEngine/src/coordinate_map_manager.cu

/home/ez48awud/Documents/implementations/LiDiff/MinkowskiEngine/src/kernel_region.hpp(430): warning #20014-D: calling a __host__ function from a __host__ __device__ function is not allowed
                    other.device_dilation(), other.volume(),
                                         ^
          detected during:
            instantiation of "minkowski::gpu_kernel_region<coordinate_type>::gpu_kernel_region(const minkowski::cpu_kernel_region<coordinate_type> &) [with coordinate_type=int32_t]" at line 205 of /home/ez48awud/Documents/implementations/LiDiff/MinkowskiEngine/src/coordinate_map_manager.cu
            instantiation of "minkowski::gpu_kernel_map<minkowski::type_wrapper<uint32_t, int32_t, float>::index_type, TemplatedAllocator<char>> minkowski::detail::kernel_map_functor<coordinate_type, TemplatedAllocator, minkowski::CoordinateMapGPU, minkowski::gpu_kernel_map<minkowski::type_wrapper<uint32_t, int32_t, float>::index_type, TemplatedAllocator<char>>>::operator()(const minkowski::CoordinateMapGPU<coordinate_type, TemplatedAllocator> &, const minkowski::CoordinateMapGPU<coordinate_type, TemplatedAllocator> &, minkowski::CUDAKernelMapMode::Mode, minkowski::cpu_kernel_region<coordinate_type> &) [with coordinate_type=int32_t, TemplatedAllocator=minkowski::detail::default_allocator]" at line 753 of /home/ez48awud/Documents/implementations/LiDiff/MinkowskiEngine/src/coordinate_map_manager.cpp
            instantiation of "const minkowski::CoordinateMapManager<coordinate_type, coordinate_field_type, TemplatedAllocator, CoordinateMapType>::kernel_map_type &minkowski::CoordinateMapManager<coordinate_type, coordinate_field_type, TemplatedAllocator, CoordinateMapType>::kernel_map(const minkowski::CoordinateMapKey *, const minkowski::CoordinateMapKey *, const minkowski::CoordinateMapManager<coordinate_type, coordinate_field_type, TemplatedAllocator, CoordinateMapType>::stride_type &, const minkowski::CoordinateMapManager<coordinate_type, coordinate_field_type, TemplatedAllocator, CoordinateMapType>::stride_type &, const minkowski::CoordinateMapManager<coordinate_type, coordinate_field_type, TemplatedAllocator, CoordinateMapType>::stride_type &, minkowski::RegionType::Type, const at::Tensor &, __nv_bool, __nv_bool) [with coordinate_type=int32_t, coordinate_field_type=float, TemplatedAllocator=minkowski::detail::default_allocator, CoordinateMapType=minkowski::CoordinateMapGPU]" at line 401 of /home/ez48awud/Documents/implementations/LiDiff/MinkowskiEngine/src/coordinate_map_manager.cu

/home/ez48awud/Documents/implementations/LiDiff/MinkowskiEngine/src/kernel_region.hpp(431): warning #20014-D: calling a __host__ function from a __host__ __device__ function is not allowed
                    other.device_offset(), other.num_offset(),
                                       ^
          detected during:
            instantiation of "minkowski::gpu_kernel_region<coordinate_type>::gpu_kernel_region(const minkowski::cpu_kernel_region<coordinate_type> &) [with coordinate_type=int32_t]" at line 205 of /home/ez48awud/Documents/implementations/LiDiff/MinkowskiEngine/src/coordinate_map_manager.cu
            instantiation of "minkowski::gpu_kernel_map<minkowski::type_wrapper<uint32_t, int32_t, float>::index_type, TemplatedAllocator<char>> minkowski::detail::kernel_map_functor<coordinate_type, TemplatedAllocator, minkowski::CoordinateMapGPU, minkowski::gpu_kernel_map<minkowski::type_wrapper<uint32_t, int32_t, float>::index_type, TemplatedAllocator<char>>>::operator()(const minkowski::CoordinateMapGPU<coordinate_type, TemplatedAllocator> &, const minkowski::CoordinateMapGPU<coordinate_type, TemplatedAllocator> &, minkowski::CUDAKernelMapMode::Mode, minkowski::cpu_kernel_region<coordinate_type> &) [with coordinate_type=int32_t, TemplatedAllocator=minkowski::detail::default_allocator]" at line 753 of /home/ez48awud/Documents/implementations/LiDiff/MinkowskiEngine/src/coordinate_map_manager.cpp
            instantiation of "const minkowski::CoordinateMapManager<coordinate_type, coordinate_field_type, TemplatedAllocator, CoordinateMapType>::kernel_map_type &minkowski::CoordinateMapManager<coordinate_type, coordinate_field_type, TemplatedAllocator, CoordinateMapType>::kernel_map(const minkowski::CoordinateMapKey *, const minkowski::CoordinateMapKey *, const minkowski::CoordinateMapManager<coordinate_type, coordinate_field_type, TemplatedAllocator, CoordinateMapType>::stride_type &, const minkowski::CoordinateMapManager<coordinate_type, coordinate_field_type, TemplatedAllocator, CoordinateMapType>::stride_type &, const minkowski::CoordinateMapManager<coordinate_type, coordinate_field_type, TemplatedAllocator, CoordinateMapType>::stride_type &, minkowski::RegionType::Type, const at::Tensor &, __nv_bool, __nv_bool) [with coordinate_type=int32_t, coordinate_field_type=float, TemplatedAllocator=minkowski::detail::default_allocator, CoordinateMapType=minkowski::CoordinateMapGPU]" at line 401 of /home/ez48awud/Documents/implementations/LiDiff/MinkowskiEngine/src/coordinate_map_manager.cu

/home/ez48awud/Documents/implementations/LiDiff/MinkowskiEngine/src/coordinate_map_manager.cpp(717): warning #430-D: returning reference to local temporary
        return detail::empty_map_functor<coordinate_type, TemplatedAllocator,
               ^
          detected during instantiation of "const minkowski::CoordinateMapManager<coordinate_type, coordinate_field_type, TemplatedAllocator, CoordinateMapType>::kernel_map_type &minkowski::CoordinateMapManager<coordinate_type, coordinate_field_type, TemplatedAllocator, CoordinateMapType>::kernel_map(const minkowski::CoordinateMapKey *, const minkowski::CoordinateMapKey *, const minkowski::CoordinateMapManager<coordinate_type, coordinate_field_type, TemplatedAllocator, CoordinateMapType>::stride_type &, const minkowski::CoordinateMapManager<coordinate_type, coordinate_field_type, TemplatedAllocator, CoordinateMapType>::stride_type &, const minkowski::CoordinateMapManager<coordinate_type, coordinate_field_type, TemplatedAllocator, CoordinateMapType>::stride_type &, minkowski::RegionType::Type, const at::Tensor &, __nv_bool, __nv_bool) [with coordinate_type=int32_t, coordinate_field_type=float, TemplatedAllocator=minkowski::detail::c10_allocator, CoordinateMapType=minkowski::CoordinateMapGPU]" at line 404 of /home/ez48awud/Documents/implementations/LiDiff/MinkowskiEngine/src/coordinate_map_manager.cu

/home/ez48awud/Documents/implementations/LiDiff/MinkowskiEngine/src/kernel_region.hpp(429): warning #20011-D: calling a __host__ function("minkowski::cpu_kernel_region<int> ::device_tensor_stride() const") from a __host__ __device__ function("minkowski::gpu_kernel_region<int> ::gpu_kernel_region") is not allowed

/home/ez48awud/Documents/implementations/LiDiff/MinkowskiEngine/src/kernel_region.hpp(429): warning #20011-D: calling a __host__ function("minkowski::cpu_kernel_region<int> ::device_kernel_size() const") from a __host__ __device__ function("minkowski::gpu_kernel_region<int> ::gpu_kernel_region") is not allowed

/home/ez48awud/Documents/implementations/LiDiff/MinkowskiEngine/src/kernel_region.hpp(430): warning #20011-D: calling a __host__ function("minkowski::cpu_kernel_region<int> ::device_dilation() const") from a __host__ __device__ function("minkowski::gpu_kernel_region<int> ::gpu_kernel_region") is not allowed

/home/ez48awud/Documents/implementations/LiDiff/MinkowskiEngine/src/kernel_region.hpp(431): warning #20011-D: calling a __host__ function("minkowski::cpu_kernel_region<int> ::device_offset() const") from a __host__ __device__ function("minkowski::gpu_kernel_region<int> ::gpu_kernel_region") is not allowed

/home/ez48awud/Documents/implementations/LiDiff/MinkowskiEngine/src/coordinate_map_cpu.hpp(58): warning #177-D: variable "float_type" was declared but never referenced
    at::ScalarType const float_type =
                         ^
          detected during:
            instantiation of "std::pair<at::Tensor, at::Tensor> minkowski::CoordinateMapCPU<coordinate_type, TemplatedAllocator>::field_map(const coordinate_field_type *, minkowski::CoordinateMapCPU<coordinate_type, TemplatedAllocator>::size_type) const [with coordinate_type=int32_t, TemplatedAllocator=std::allocator, coordinate_field_type=float]" at line 329 of /home/ez48awud/Documents/implementations/LiDiff/MinkowskiEngine/src/coordinate_map_manager.cpp
            instantiation of "std::pair<at::Tensor, at::Tensor> minkowski::CoordinateMapManager<coordinate_type, coordinate_field_type, TemplatedAllocator, CoordinateMapType>::field_to_sparse_map(const minkowski::CoordinateMapKey *, const minkowski::CoordinateMapKey *) [with coordinate_type=int32_t, coordinate_field_type=float, TemplatedAllocator=std::allocator, CoordinateMapType=minkowski::CoordinateMapCPU]" at line 1451 of /home/ez48awud/Documents/implementations/LiDiff/MinkowskiEngine/src/coordinate_map_manager.cpp

Remark: The warnings can be suppressed with "-diag-suppress <warning-number>"

/home/ez48awud/Documents/implementations/LiDiff/MinkowskiEngine/src/coordinate_map_manager.cpp(717): warning #430-D: returning reference to local temporary
        return detail::empty_map_functor<coordinate_type, TemplatedAllocator,
               ^
          detected during instantiation of "const minkowski::CoordinateMapManager<coordinate_type, coordinate_field_type, TemplatedAllocator, CoordinateMapType>::kernel_map_type &minkowski::CoordinateMapManager<coordinate_type, coordinate_field_type, TemplatedAllocator, CoordinateMapType>::kernel_map(const minkowski::CoordinateMapKey *, const minkowski::CoordinateMapKey *, const minkowski::CoordinateMapManager<coordinate_type, coordinate_field_type, TemplatedAllocator, CoordinateMapType>::stride_type &, const minkowski::CoordinateMapManager<coordinate_type, coordinate_field_type, TemplatedAllocator, CoordinateMapType>::stride_type &, const minkowski::CoordinateMapManager<coordinate_type, coordinate_field_type, TemplatedAllocator, CoordinateMapType>::stride_type &, minkowski::RegionType::Type, const at::Tensor &, __nv_bool, __nv_bool) [with coordinate_type=int32_t, coordinate_field_type=float, TemplatedAllocator=std::allocator, CoordinateMapType=minkowski::CoordinateMapCPU]" at line 1451

/home/ez48awud/Documents/implementations/LiDiff/MinkowskiEngine/src/coordinate_map_manager.cpp(717): warning #430-D: returning reference to local temporary
        return detail::empty_map_functor<coordinate_type, TemplatedAllocator,
               ^
          detected during instantiation of "const minkowski::CoordinateMapManager<coordinate_type, coordinate_field_type, TemplatedAllocator, CoordinateMapType>::kernel_map_type &minkowski::CoordinateMapManager<coordinate_type, coordinate_field_type, TemplatedAllocator, CoordinateMapType>::kernel_map(const minkowski::CoordinateMapKey *, const minkowski::CoordinateMapKey *, const minkowski::CoordinateMapManager<coordinate_type, coordinate_field_type, TemplatedAllocator, CoordinateMapType>::stride_type &, const minkowski::CoordinateMapManager<coordinate_type, coordinate_field_type, TemplatedAllocator, CoordinateMapType>::stride_type &, const minkowski::CoordinateMapManager<coordinate_type, coordinate_field_type, TemplatedAllocator, CoordinateMapType>::stride_type &, minkowski::RegionType::Type, const at::Tensor &, __nv_bool, __nv_bool) [with coordinate_type=int32_t, coordinate_field_type=float, TemplatedAllocator=minkowski::detail::default_allocator, CoordinateMapType=minkowski::CoordinateMapGPU]" at line 401 of /home/ez48awud/Documents/implementations/LiDiff/MinkowskiEngine/src/coordinate_map_manager.cu

/home/ez48awud/Documents/implementations/LiDiff/MinkowskiEngine/src/kernel_region.hpp(429): warning #20014-D: calling a __host__ function from a __host__ __device__ function is not allowed
                    other.device_tensor_stride(), other.device_kernel_size(),
                                              ^
          detected during:
            instantiation of "minkowski::gpu_kernel_region<coordinate_type>::gpu_kernel_region(const minkowski::cpu_kernel_region<coordinate_type> &) [with coordinate_type=int32_t]" at line 205 of /home/ez48awud/Documents/implementations/LiDiff/MinkowskiEngine/src/coordinate_map_manager.cu
            instantiation of "minkowski::gpu_kernel_map<minkowski::type_wrapper<uint32_t, int32_t, float>::index_type, TemplatedAllocator<char>> minkowski::detail::kernel_map_functor<coordinate_type, TemplatedAllocator, minkowski::CoordinateMapGPU, minkowski::gpu_kernel_map<minkowski::type_wrapper<uint32_t, int32_t, float>::index_type, TemplatedAllocator<char>>>::operator()(const minkowski::CoordinateMapGPU<coordinate_type, TemplatedAllocator> &, const minkowski::CoordinateMapGPU<coordinate_type, TemplatedAllocator> &, minkowski::CUDAKernelMapMode::Mode, minkowski::cpu_kernel_region<coordinate_type> &) [with coordinate_type=int32_t, TemplatedAllocator=minkowski::detail::default_allocator]" at line 753 of /home/ez48awud/Documents/implementations/LiDiff/MinkowskiEngine/src/coordinate_map_manager.cpp
            instantiation of "const minkowski::CoordinateMapManager<coordinate_type, coordinate_field_type, TemplatedAllocator, CoordinateMapType>::kernel_map_type &minkowski::CoordinateMapManager<coordinate_type, coordinate_field_type, TemplatedAllocator, CoordinateMapType>::kernel_map(const minkowski::CoordinateMapKey *, const minkowski::CoordinateMapKey *, const minkowski::CoordinateMapManager<coordinate_type, coordinate_field_type, TemplatedAllocator, CoordinateMapType>::stride_type &, const minkowski::CoordinateMapManager<coordinate_type, coordinate_field_type, TemplatedAllocator, CoordinateMapType>::stride_type &, const minkowski::CoordinateMapManager<coordinate_type, coordinate_field_type, TemplatedAllocator, CoordinateMapType>::stride_type &, minkowski::RegionType::Type, const at::Tensor &, __nv_bool, __nv_bool) [with coordinate_type=int32_t, coordinate_field_type=float, TemplatedAllocator=minkowski::detail::default_allocator, CoordinateMapType=minkowski::CoordinateMapGPU]" at line 401 of /home/ez48awud/Documents/implementations/LiDiff/MinkowskiEngine/src/coordinate_map_manager.cu

/home/ez48awud/Documents/implementations/LiDiff/MinkowskiEngine/src/kernel_region.hpp(429): warning #20014-D: calling a __host__ function from a __host__ __device__ function is not allowed
                    other.device_tensor_stride(), other.device_kernel_size(),
                                                                          ^
          detected during:
            instantiation of "minkowski::gpu_kernel_region<coordinate_type>::gpu_kernel_region(const minkowski::cpu_kernel_region<coordinate_type> &) [with coordinate_type=int32_t]" at line 205 of /home/ez48awud/Documents/implementations/LiDiff/MinkowskiEngine/src/coordinate_map_manager.cu
            instantiation of "minkowski::gpu_kernel_map<minkowski::type_wrapper<uint32_t, int32_t, float>::index_type, TemplatedAllocator<char>> minkowski::detail::kernel_map_functor<coordinate_type, TemplatedAllocator, minkowski::CoordinateMapGPU, minkowski::gpu_kernel_map<minkowski::type_wrapper<uint32_t, int32_t, float>::index_type, TemplatedAllocator<char>>>::operator()(const minkowski::CoordinateMapGPU<coordinate_type, TemplatedAllocator> &, const minkowski::CoordinateMapGPU<coordinate_type, TemplatedAllocator> &, minkowski::CUDAKernelMapMode::Mode, minkowski::cpu_kernel_region<coordinate_type> &) [with coordinate_type=int32_t, TemplatedAllocator=minkowski::detail::default_allocator]" at line 753 of /home/ez48awud/Documents/implementations/LiDiff/MinkowskiEngine/src/coordinate_map_manager.cpp
            instantiation of "const minkowski::CoordinateMapManager<coordinate_type, coordinate_field_type, TemplatedAllocator, CoordinateMapType>::kernel_map_type &minkowski::CoordinateMapManager<coordinate_type, coordinate_field_type, TemplatedAllocator, CoordinateMapType>::kernel_map(const minkowski::CoordinateMapKey *, const minkowski::CoordinateMapKey *, const minkowski::CoordinateMapManager<coordinate_type, coordinate_field_type, TemplatedAllocator, CoordinateMapType>::stride_type &, const minkowski::CoordinateMapManager<coordinate_type, coordinate_field_type, TemplatedAllocator, CoordinateMapType>::stride_type &, const minkowski::CoordinateMapManager<coordinate_type, coordinate_field_type, TemplatedAllocator, CoordinateMapType>::stride_type &, minkowski::RegionType::Type, const at::Tensor &, __nv_bool, __nv_bool) [with coordinate_type=int32_t, coordinate_field_type=float, TemplatedAllocator=minkowski::detail::default_allocator, CoordinateMapType=minkowski::CoordinateMapGPU]" at line 401 of /home/ez48awud/Documents/implementations/LiDiff/MinkowskiEngine/src/coordinate_map_manager.cu

/home/ez48awud/Documents/implementations/LiDiff/MinkowskiEngine/src/kernel_region.hpp(430): warning #20014-D: calling a __host__ function from a __host__ __device__ function is not allowed
                    other.device_dilation(), other.volume(),
                                         ^
          detected during:
            instantiation of "minkowski::gpu_kernel_region<coordinate_type>::gpu_kernel_region(const minkowski::cpu_kernel_region<coordinate_type> &) [with coordinate_type=int32_t]" at line 205 of /home/ez48awud/Documents/implementations/LiDiff/MinkowskiEngine/src/coordinate_map_manager.cu
            instantiation of "minkowski::gpu_kernel_map<minkowski::type_wrapper<uint32_t, int32_t, float>::index_type, TemplatedAllocator<char>> minkowski::detail::kernel_map_functor<coordinate_type, TemplatedAllocator, minkowski::CoordinateMapGPU, minkowski::gpu_kernel_map<minkowski::type_wrapper<uint32_t, int32_t, float>::index_type, TemplatedAllocator<char>>>::operator()(const minkowski::CoordinateMapGPU<coordinate_type, TemplatedAllocator> &, const minkowski::CoordinateMapGPU<coordinate_type, TemplatedAllocator> &, minkowski::CUDAKernelMapMode::Mode, minkowski::cpu_kernel_region<coordinate_type> &) [with coordinate_type=int32_t, TemplatedAllocator=minkowski::detail::default_allocator]" at line 753 of /home/ez48awud/Documents/implementations/LiDiff/MinkowskiEngine/src/coordinate_map_manager.cpp
            instantiation of "const minkowski::CoordinateMapManager<coordinate_type, coordinate_field_type, TemplatedAllocator, CoordinateMapType>::kernel_map_type &minkowski::CoordinateMapManager<coordinate_type, coordinate_field_type, TemplatedAllocator, CoordinateMapType>::kernel_map(const minkowski::CoordinateMapKey *, const minkowski::CoordinateMapKey *, const minkowski::CoordinateMapManager<coordinate_type, coordinate_field_type, TemplatedAllocator, CoordinateMapType>::stride_type &, const minkowski::CoordinateMapManager<coordinate_type, coordinate_field_type, TemplatedAllocator, CoordinateMapType>::stride_type &, const minkowski::CoordinateMapManager<coordinate_type, coordinate_field_type, TemplatedAllocator, CoordinateMapType>::stride_type &, minkowski::RegionType::Type, const at::Tensor &, __nv_bool, __nv_bool) [with coordinate_type=int32_t, coordinate_field_type=float, TemplatedAllocator=minkowski::detail::default_allocator, CoordinateMapType=minkowski::CoordinateMapGPU]" at line 401 of /home/ez48awud/Documents/implementations/LiDiff/MinkowskiEngine/src/coordinate_map_manager.cu

/home/ez48awud/Documents/implementations/LiDiff/MinkowskiEngine/src/kernel_region.hpp(431): warning #20014-D: calling a __host__ function from a __host__ __device__ function is not allowed
                    other.device_offset(), other.num_offset(),
                                       ^
          detected during:
            instantiation of "minkowski::gpu_kernel_region<coordinate_type>::gpu_kernel_region(const minkowski::cpu_kernel_region<coordinate_type> &) [with coordinate_type=int32_t]" at line 205 of /home/ez48awud/Documents/implementations/LiDiff/MinkowskiEngine/src/coordinate_map_manager.cu
            instantiation of "minkowski::gpu_kernel_map<minkowski::type_wrapper<uint32_t, int32_t, float>::index_type, TemplatedAllocator<char>> minkowski::detail::kernel_map_functor<coordinate_type, TemplatedAllocator, minkowski::CoordinateMapGPU, minkowski::gpu_kernel_map<minkowski::type_wrapper<uint32_t, int32_t, float>::index_type, TemplatedAllocator<char>>>::operator()(const minkowski::CoordinateMapGPU<coordinate_type, TemplatedAllocator> &, const minkowski::CoordinateMapGPU<coordinate_type, TemplatedAllocator> &, minkowski::CUDAKernelMapMode::Mode, minkowski::cpu_kernel_region<coordinate_type> &) [with coordinate_type=int32_t, TemplatedAllocator=minkowski::detail::default_allocator]" at line 753 of /home/ez48awud/Documents/implementations/LiDiff/MinkowskiEngine/src/coordinate_map_manager.cpp
            instantiation of "const minkowski::CoordinateMapManager<coordinate_type, coordinate_field_type, TemplatedAllocator, CoordinateMapType>::kernel_map_type &minkowski::CoordinateMapManager<coordinate_type, coordinate_field_type, TemplatedAllocator, CoordinateMapType>::kernel_map(const minkowski::CoordinateMapKey *, const minkowski::CoordinateMapKey *, const minkowski::CoordinateMapManager<coordinate_type, coordinate_field_type, TemplatedAllocator, CoordinateMapType>::stride_type &, const minkowski::CoordinateMapManager<coordinate_type, coordinate_field_type, TemplatedAllocator, CoordinateMapType>::stride_type &, const minkowski::CoordinateMapManager<coordinate_type, coordinate_field_type, TemplatedAllocator, CoordinateMapType>::stride_type &, minkowski::RegionType::Type, const at::Tensor &, __nv_bool, __nv_bool) [with coordinate_type=int32_t, coordinate_field_type=float, TemplatedAllocator=minkowski::detail::default_allocator, CoordinateMapType=minkowski::CoordinateMapGPU]" at line 401 of /home/ez48awud/Documents/implementations/LiDiff/MinkowskiEngine/src/coordinate_map_manager.cu

/home/ez48awud/Documents/implementations/LiDiff/MinkowskiEngine/src/coordinate_map_manager.cpp(717): warning #430-D: returning reference to local temporary
        return detail::empty_map_functor<coordinate_type, TemplatedAllocator,
               ^
          detected during instantiation of "const minkowski::CoordinateMapManager<coordinate_type, coordinate_field_type, TemplatedAllocator, CoordinateMapType>::kernel_map_type &minkowski::CoordinateMapManager<coordinate_type, coordinate_field_type, TemplatedAllocator, CoordinateMapType>::kernel_map(const minkowski::CoordinateMapKey *, const minkowski::CoordinateMapKey *, const minkowski::CoordinateMapManager<coordinate_type, coordinate_field_type, TemplatedAllocator, CoordinateMapType>::stride_type &, const minkowski::CoordinateMapManager<coordinate_type, coordinate_field_type, TemplatedAllocator, CoordinateMapType>::stride_type &, const minkowski::CoordinateMapManager<coordinate_type, coordinate_field_type, TemplatedAllocator, CoordinateMapType>::stride_type &, minkowski::RegionType::Type, const at::Tensor &, __nv_bool, __nv_bool) [with coordinate_type=int32_t, coordinate_field_type=float, TemplatedAllocator=minkowski::detail::c10_allocator, CoordinateMapType=minkowski::CoordinateMapGPU]" at line 404 of /home/ez48awud/Documents/implementations/LiDiff/MinkowskiEngine/src/coordinate_map_manager.cu

/home/ez48awud/Documents/implementations/LiDiff/MinkowskiEngine/src/kernel_region.hpp(429): warning #20011-D: calling a __host__ function("minkowski::cpu_kernel_region<int> ::device_tensor_stride() const") from a __host__ __device__ function("minkowski::gpu_kernel_region<int> ::gpu_kernel_region") is not allowed

/home/ez48awud/Documents/implementations/LiDiff/MinkowskiEngine/src/kernel_region.hpp(429): warning #20011-D: calling a __host__ function("minkowski::cpu_kernel_region<int> ::device_kernel_size() const") from a __host__ __device__ function("minkowski::gpu_kernel_region<int> ::gpu_kernel_region") is not allowed

/home/ez48awud/Documents/implementations/LiDiff/MinkowskiEngine/src/kernel_region.hpp(430): warning #20011-D: calling a __host__ function("minkowski::cpu_kernel_region<int> ::device_dilation() const") from a __host__ __device__ function("minkowski::gpu_kernel_region<int> ::gpu_kernel_region") is not allowed

/home/ez48awud/Documents/implementations/LiDiff/MinkowskiEngine/src/kernel_region.hpp(431): warning #20011-D: calling a __host__ function("minkowski::cpu_kernel_region<int> ::device_offset() const") from a __host__ __device__ function("minkowski::gpu_kernel_region<int> ::gpu_kernel_region") is not allowed

/home/ez48awud/Documents/implementations/LiDiff/MinkowskiEngine/src/utils.hpp:206:38: warning: 'template<class _Category, class _Tp, class _Distance, class _Pointer, class _Reference> struct std::iterator' is deprecated [-Wdeprecated-declarations]
  206 |   class iterator
      |                                      ^       
/home/ez48awud/miniconda3/envs/lidiff_hpc/lib/gcc/x86_64-conda-linux-gnu/13.2.0/include/c++/bits/stl_iterator_base_types.h:127:27: note: declared here
  127 |     struct _GLIBCXX17_DEPRECATED iterator
      |                           ^~~~~~~~
/home/ez48awud/Documents/implementations/LiDiff/MinkowskiEngine/src/coordinate_map_manager.cpp: In instantiation of 'const minkowski::CoordinateMapManager<coordinate_type, coordinate_field_type, TemplatedAllocator, CoordinateMapType>::kernel_map_type& minkowski::CoordinateMapManager<coordinate_type, coordinate_field_type, TemplatedAllocator, CoordinateMapType>::kernel_map(const minkowski::CoordinateMapKey*, const minkowski::CoordinateMapKey*, const stride_type&, const stride_type&, const stride_type&, minkowski::RegionType::Type, const at::Tensor&, bool, bool) [with coordinate_type = int; coordinate_field_type = float; TemplatedAllocator = std::allocator; CoordinateMapType = minkowski::CoordinateMapCPU; kernel_map_type = minkowski::cpu_kernel_map; stride_type = std::vector<unsigned int, std::allocator<unsigned int> >]':
/home/ez48awud/Documents/implementations/LiDiff/MinkowskiEngine/src/coordinate_map_manager.cpp:1451:16:   required from here
/home/ez48awud/Documents/implementations/LiDiff/MinkowskiEngine/src/coordinate_map_manager.cpp:717:260: warning: returning reference to temporary [-Wreturn-local-addr]
  717 |       return detail::empty_map_functor<coordinate_type, TemplatedAllocator,
      |                                                                                                                                                                                                                                                                    ^
/home/ez48awud/Documents/implementations/LiDiff/MinkowskiEngine/src/coordinate_map_manager.cpp: In instantiation of 'const minkowski::CoordinateMapManager<coordinate_type, coordinate_field_type, TemplatedAllocator, CoordinateMapType>::kernel_map_type& minkowski::CoordinateMapManager<coordinate_type, coordinate_field_type, TemplatedAllocator, CoordinateMapType>::kernel_map(const minkowski::CoordinateMapKey*, const minkowski::CoordinateMapKey*, const stride_type&, const stride_type&, const stride_type&, minkowski::RegionType::Type, const at::Tensor&, bool, bool) [with coordinate_type = int; coordinate_field_type = float; TemplatedAllocator = minkowski::detail::default_allocator; CoordinateMapType = minkowski::CoordinateMapGPU; kernel_map_type = minkowski::gpu_kernel_map<unsigned int, minkowski::detail::default_allocator<char> >; stride_type = std::vector<unsigned int, std::allocator<unsigned int> >]':
/home/ez48awud/Documents/implementations/LiDiff/MinkowskiEngine/src/coordinate_map_manager.cu:401:16:   required from here
/home/ez48awud/Documents/implementations/LiDiff/MinkowskiEngine/src/coordinate_map_manager.cpp:717:260: warning: returning reference to temporary [-Wreturn-local-addr]
/home/ez48awud/Documents/implementations/LiDiff/MinkowskiEngine/src/coordinate_map_manager.cpp: In instantiation of 'const minkowski::CoordinateMapManager<coordinate_type, coordinate_field_type, TemplatedAllocator, CoordinateMapType>::kernel_map_type& minkowski::CoordinateMapManager<coordinate_type, coordinate_field_type, TemplatedAllocator, CoordinateMapType>::kernel_map(const minkowski::CoordinateMapKey*, const minkowski::CoordinateMapKey*, const stride_type&, const stride_type&, const stride_type&, minkowski::RegionType::Type, const at::Tensor&, bool, bool) [with coordinate_type = int; coordinate_field_type = float; TemplatedAllocator = minkowski::detail::c10_allocator; CoordinateMapType = minkowski::CoordinateMapGPU; kernel_map_type = minkowski::gpu_kernel_map<unsigned int, minkowski::detail::c10_allocator<char> >; stride_type = std::vector<unsigned int, std::allocator<unsigned int> >]':
/home/ez48awud/Documents/implementations/LiDiff/MinkowskiEngine/src/coordinate_map_manager.cu:404:16:   required from here
/home/ez48awud/Documents/implementations/LiDiff/MinkowskiEngine/src/coordinate_map_manager.cpp:717:260: warning: returning reference to temporary [-Wreturn-local-addr]
[10/21] /home/ez48awud/miniconda3/envs/lidiff_hpc/bin/nvcc --generate-dependencies-with-compile --dependency-output /home/ez48awud/Documents/implementations/LiDiff/MinkowskiEngine/build/temp.linux-x86_64-cpython-310/home/ez48awud/Documents/implementations/LiDiff/MinkowskiEngine/src/coordinate_map_gpu.o.d -DNVTX_DISABLE -I/home/ez48awud/miniconda3/envs/lidiff_hpc/lib/python3.10/site-packages/torch/include -I/home/ez48awud/miniconda3/envs/lidiff_hpc/lib/python3.10/site-packages/torch/include/torch/csrc/api/include -I/home/ez48awud/miniconda3/envs/lidiff_hpc/include -I/home/ez48awud/Documents/implementations/LiDiff/MinkowskiEngine/src -I/home/ez48awud/Documents/implementations/LiDiff/MinkowskiEngine/src/3rdparty -I/home/ez48awud/miniconda3/envs/lidiff_hpc/include/python3.10 -c -c /home/ez48awud/Documents/implementations/LiDiff/MinkowskiEngine/src/coordinate_map_gpu.cu -o /home/ez48awud/Documents/implementations/LiDiff/MinkowskiEngine/build/temp.linux-x86_64-cpython-310/home/ez48awud/Documents/implementations/LiDiff/MinkowskiEngine/src/coordinate_map_gpu.o -D__CUDA_NO_HALF_OPERATORS__ -D__CUDA_NO_HALF_CONVERSIONS__ -D__CUDA_NO_BFLOAT16_CONVERSIONS__ -D__CUDA_NO_HALF2_OPERATORS__ --expt-relaxed-constexpr --compiler-options ''"'"'-fPIC'"'"'' --expt-relaxed-constexpr --expt-extended-lambda -O3 -Xcompiler=-fno-gnu-unique -Xcompiler -fdiagnostics-color=always -DTORCH_API_INCLUDE_EXTENSION_H -DTORCH_EXTENSION_NAME=_C -gencode=arch=compute_100,code=sm_100 -gencode=arch=compute_103,code=sm_103 -gencode=arch=compute_110,code=sm_110 -gencode=arch=compute_120,code=sm_120 -gencode=arch=compute_121,code=compute_121 -gencode=arch=compute_121,code=sm_121 -gencode=arch=compute_75,code=sm_75 -gencode=arch=compute_80,code=sm_80 -gencode=arch=compute_86,code=sm_86 -gencode=arch=compute_89,code=sm_89 -gencode=arch=compute_90,code=sm_90 -ccbin /home/ez48awud/miniconda3/envs/lidiff_hpc/bin/x86_64-conda-linux-gnu-c++ -std=c++17
/home/ez48awud/Documents/implementations/LiDiff/MinkowskiEngine/src/kernel_region.hpp(429): warning #20014-D: calling a __host__ function from a __host__ __device__ function is not allowed
                    other.device_tensor_stride(), other.device_kernel_size(),
                                              ^
          detected during:
            instantiation of "minkowski::gpu_kernel_region<coordinate_type>::gpu_kernel_region(const minkowski::cpu_kernel_region<coordinate_type> &) [with coordinate_type=int32_t]" at line 627 of /home/ez48awud/Documents/implementations/LiDiff/MinkowskiEngine/src/coordinate_map_gpu.cu
            instantiation of "minkowski::CoordinateMapGPU<coordinate_type, TemplatedAllocator>::self_type minkowski::CoordinateMapGPU<coordinate_type, TemplatedAllocator>::stride_region(minkowski::cpu_kernel_region<coordinate_type> &, const minkowski::CoordinateMapGPU<coordinate_type, TemplatedAllocator>::stride_type &) const [with coordinate_type=int32_t, TemplatedAllocator=minkowski::detail::default_allocator]" at line 2462 of /home/ez48awud/Documents/implementations/LiDiff/MinkowskiEngine/src/coordinate_map_gpu.cu

Remark: The warnings can be suppressed with "-diag-suppress <warning-number>"

/home/ez48awud/Documents/implementations/LiDiff/MinkowskiEngine/src/kernel_region.hpp(429): warning #20014-D: calling a __host__ function from a __host__ __device__ function is not allowed
                    other.device_tensor_stride(), other.device_kernel_size(),
                                                                          ^
          detected during:
            instantiation of "minkowski::gpu_kernel_region<coordinate_type>::gpu_kernel_region(const minkowski::cpu_kernel_region<coordinate_type> &) [with coordinate_type=int32_t]" at line 627 of /home/ez48awud/Documents/implementations/LiDiff/MinkowskiEngine/src/coordinate_map_gpu.cu
            instantiation of "minkowski::CoordinateMapGPU<coordinate_type, TemplatedAllocator>::self_type minkowski::CoordinateMapGPU<coordinate_type, TemplatedAllocator>::stride_region(minkowski::cpu_kernel_region<coordinate_type> &, const minkowski::CoordinateMapGPU<coordinate_type, TemplatedAllocator>::stride_type &) const [with coordinate_type=int32_t, TemplatedAllocator=minkowski::detail::default_allocator]" at line 2462 of /home/ez48awud/Documents/implementations/LiDiff/MinkowskiEngine/src/coordinate_map_gpu.cu

/home/ez48awud/Documents/implementations/LiDiff/MinkowskiEngine/src/kernel_region.hpp(430): warning #20014-D: calling a __host__ function from a __host__ __device__ function is not allowed
                    other.device_dilation(), other.volume(),
                                         ^
          detected during:
            instantiation of "minkowski::gpu_kernel_region<coordinate_type>::gpu_kernel_region(const minkowski::cpu_kernel_region<coordinate_type> &) [with coordinate_type=int32_t]" at line 627 of /home/ez48awud/Documents/implementations/LiDiff/MinkowskiEngine/src/coordinate_map_gpu.cu
            instantiation of "minkowski::CoordinateMapGPU<coordinate_type, TemplatedAllocator>::self_type minkowski::CoordinateMapGPU<coordinate_type, TemplatedAllocator>::stride_region(minkowski::cpu_kernel_region<coordinate_type> &, const minkowski::CoordinateMapGPU<coordinate_type, TemplatedAllocator>::stride_type &) const [with coordinate_type=int32_t, TemplatedAllocator=minkowski::detail::default_allocator]" at line 2462 of /home/ez48awud/Documents/implementations/LiDiff/MinkowskiEngine/src/coordinate_map_gpu.cu

/home/ez48awud/Documents/implementations/LiDiff/MinkowskiEngine/src/kernel_region.hpp(431): warning #20014-D: calling a __host__ function from a __host__ __device__ function is not allowed
                    other.device_offset(), other.num_offset(),
                                       ^
          detected during:
            instantiation of "minkowski::gpu_kernel_region<coordinate_type>::gpu_kernel_region(const minkowski::cpu_kernel_region<coordinate_type> &) [with coordinate_type=int32_t]" at line 627 of /home/ez48awud/Documents/implementations/LiDiff/MinkowskiEngine/src/coordinate_map_gpu.cu
            instantiation of "minkowski::CoordinateMapGPU<coordinate_type, TemplatedAllocator>::self_type minkowski::CoordinateMapGPU<coordinate_type, TemplatedAllocator>::stride_region(minkowski::cpu_kernel_region<coordinate_type> &, const minkowski::CoordinateMapGPU<coordinate_type, TemplatedAllocator>::stride_type &) const [with coordinate_type=int32_t, TemplatedAllocator=minkowski::detail::default_allocator]" at line 2462 of /home/ez48awud/Documents/implementations/LiDiff/MinkowskiEngine/src/coordinate_map_gpu.cu

/home/ez48awud/Documents/implementations/LiDiff/MinkowskiEngine/src/kernel_region.hpp(429): warning #20011-D: calling a __host__ function("minkowski::cpu_kernel_region<int> ::device_tensor_stride() const") from a __host__ __device__ function("minkowski::gpu_kernel_region<int> ::gpu_kernel_region") is not allowed

/home/ez48awud/Documents/implementations/LiDiff/MinkowskiEngine/src/kernel_region.hpp(429): warning #20011-D: calling a __host__ function("minkowski::cpu_kernel_region<int> ::device_kernel_size() const") from a __host__ __device__ function("minkowski::gpu_kernel_region<int> ::gpu_kernel_region") is not allowed

/home/ez48awud/Documents/implementations/LiDiff/MinkowskiEngine/src/kernel_region.hpp(430): warning #20011-D: calling a __host__ function("minkowski::cpu_kernel_region<int> ::device_dilation() const") from a __host__ __device__ function("minkowski::gpu_kernel_region<int> ::gpu_kernel_region") is not allowed

/home/ez48awud/Documents/implementations/LiDiff/MinkowskiEngine/src/kernel_region.hpp(431): warning #20011-D: calling a __host__ function("minkowski::cpu_kernel_region<int> ::device_offset() const") from a __host__ __device__ function("minkowski::gpu_kernel_region<int> ::gpu_kernel_region") is not allowed

/home/ez48awud/Documents/implementations/LiDiff/MinkowskiEngine/src/kernel_region.hpp(429): warning #20014-D: calling a __host__ function from a __host__ __device__ function is not allowed
                    other.device_tensor_stride(), other.device_kernel_size(),
                                              ^
          detected during:
            instantiation of "minkowski::gpu_kernel_region<coordinate_type>::gpu_kernel_region(const minkowski::cpu_kernel_region<coordinate_type> &) [with coordinate_type=int32_t]" at line 627 of /home/ez48awud/Documents/implementations/LiDiff/MinkowskiEngine/src/coordinate_map_gpu.cu
            instantiation of "minkowski::CoordinateMapGPU<coordinate_type, TemplatedAllocator>::self_type minkowski::CoordinateMapGPU<coordinate_type, TemplatedAllocator>::stride_region(minkowski::cpu_kernel_region<coordinate_type> &, const minkowski::CoordinateMapGPU<coordinate_type, TemplatedAllocator>::stride_type &) const [with coordinate_type=int32_t, TemplatedAllocator=minkowski::detail::default_allocator]" at line 2462 of /home/ez48awud/Documents/implementations/LiDiff/MinkowskiEngine/src/coordinate_map_gpu.cu

Remark: The warnings can be suppressed with "-diag-suppress <warning-number>"

/home/ez48awud/Documents/implementations/LiDiff/MinkowskiEngine/src/kernel_region.hpp(429): warning #20014-D: calling a __host__ function from a __host__ __device__ function is not allowed
                    other.device_tensor_stride(), other.device_kernel_size(),
                                                                          ^
          detected during:
            instantiation of "minkowski::gpu_kernel_region<coordinate_type>::gpu_kernel_region(const minkowski::cpu_kernel_region<coordinate_type> &) [with coordinate_type=int32_t]" at line 627 of /home/ez48awud/Documents/implementations/LiDiff/MinkowskiEngine/src/coordinate_map_gpu.cu
            instantiation of "minkowski::CoordinateMapGPU<coordinate_type, TemplatedAllocator>::self_type minkowski::CoordinateMapGPU<coordinate_type, TemplatedAllocator>::stride_region(minkowski::cpu_kernel_region<coordinate_type> &, const minkowski::CoordinateMapGPU<coordinate_type, TemplatedAllocator>::stride_type &) const [with coordinate_type=int32_t, TemplatedAllocator=minkowski::detail::default_allocator]" at line 2462 of /home/ez48awud/Documents/implementations/LiDiff/MinkowskiEngine/src/coordinate_map_gpu.cu

/home/ez48awud/Documents/implementations/LiDiff/MinkowskiEngine/src/kernel_region.hpp(430): warning #20014-D: calling a __host__ function from a __host__ __device__ function is not allowed
                    other.device_dilation(), other.volume(),
                                         ^
          detected during:
            instantiation of "minkowski::gpu_kernel_region<coordinate_type>::gpu_kernel_region(const minkowski::cpu_kernel_region<coordinate_type> &) [with coordinate_type=int32_t]" at line 627 of /home/ez48awud/Documents/implementations/LiDiff/MinkowskiEngine/src/coordinate_map_gpu.cu
            instantiation of "minkowski::CoordinateMapGPU<coordinate_type, TemplatedAllocator>::self_type minkowski::CoordinateMapGPU<coordinate_type, TemplatedAllocator>::stride_region(minkowski::cpu_kernel_region<coordinate_type> &, const minkowski::CoordinateMapGPU<coordinate_type, TemplatedAllocator>::stride_type &) const [with coordinate_type=int32_t, TemplatedAllocator=minkowski::detail::default_allocator]" at line 2462 of /home/ez48awud/Documents/implementations/LiDiff/MinkowskiEngine/src/coordinate_map_gpu.cu

/home/ez48awud/Documents/implementations/LiDiff/MinkowskiEngine/src/kernel_region.hpp(431): warning #20014-D: calling a __host__ function from a __host__ __device__ function is not allowed
                    other.device_offset(), other.num_offset(),
                                       ^
          detected during:
            instantiation of "minkowski::gpu_kernel_region<coordinate_type>::gpu_kernel_region(const minkowski::cpu_kernel_region<coordinate_type> &) [with coordinate_type=int32_t]" at line 627 of /home/ez48awud/Documents/implementations/LiDiff/MinkowskiEngine/src/coordinate_map_gpu.cu
            instantiation of "minkowski::CoordinateMapGPU<coordinate_type, TemplatedAllocator>::self_type minkowski::CoordinateMapGPU<coordinate_type, TemplatedAllocator>::stride_region(minkowski::cpu_kernel_region<coordinate_type> &, const minkowski::CoordinateMapGPU<coordinate_type, TemplatedAllocator>::stride_type &) const [with coordinate_type=int32_t, TemplatedAllocator=minkowski::detail::default_allocator]" at line 2462 of /home/ez48awud/Documents/implementations/LiDiff/MinkowskiEngine/src/coordinate_map_gpu.cu

/home/ez48awud/Documents/implementations/LiDiff/MinkowskiEngine/src/kernel_region.hpp(429): warning #20011-D: calling a __host__ function("minkowski::cpu_kernel_region<int> ::device_tensor_stride() const") from a __host__ __device__ function("minkowski::gpu_kernel_region<int> ::gpu_kernel_region") is not allowed

/home/ez48awud/Documents/implementations/LiDiff/MinkowskiEngine/src/kernel_region.hpp(429): warning #20011-D: calling a __host__ function("minkowski::cpu_kernel_region<int> ::device_kernel_size() const") from a __host__ __device__ function("minkowski::gpu_kernel_region<int> ::gpu_kernel_region") is not allowed

/home/ez48awud/Documents/implementations/LiDiff/MinkowskiEngine/src/kernel_region.hpp(430): warning #20011-D: calling a __host__ function("minkowski::cpu_kernel_region<int> ::device_dilation() const") from a __host__ __device__ function("minkowski::gpu_kernel_region<int> ::gpu_kernel_region") is not allowed

/home/ez48awud/Documents/implementations/LiDiff/MinkowskiEngine/src/kernel_region.hpp(431): warning #20011-D: calling a __host__ function("minkowski::cpu_kernel_region<int> ::device_offset() const") from a __host__ __device__ function("minkowski::gpu_kernel_region<int> ::gpu_kernel_region") is not allowed

/home/ez48awud/Documents/implementations/LiDiff/MinkowskiEngine/src/kernel_region.hpp(429): warning #20014-D: calling a __host__ function from a __host__ __device__ function is not allowed
                    other.device_tensor_stride(), other.device_kernel_size(),
                                              ^
          detected during:
            instantiation of "minkowski::gpu_kernel_region<coordinate_type>::gpu_kernel_region(const minkowski::cpu_kernel_region<coordinate_type> &) [with coordinate_type=int32_t]" at line 627 of /home/ez48awud/Documents/implementations/LiDiff/MinkowskiEngine/src/coordinate_map_gpu.cu
            instantiation of "minkowski::CoordinateMapGPU<coordinate_type, TemplatedAllocator>::self_type minkowski::CoordinateMapGPU<coordinate_type, TemplatedAllocator>::stride_region(minkowski::cpu_kernel_region<coordinate_type> &, const minkowski::CoordinateMapGPU<coordinate_type, TemplatedAllocator>::stride_type &) const [with coordinate_type=int32_t, TemplatedAllocator=minkowski::detail::default_allocator]" at line 2462 of /home/ez48awud/Documents/implementations/LiDiff/MinkowskiEngine/src/coordinate_map_gpu.cu

Remark: The warnings can be suppressed with "-diag-suppress <warning-number>"

/home/ez48awud/Documents/implementations/LiDiff/MinkowskiEngine/src/kernel_region.hpp(429): warning #20014-D: calling a __host__ function from a __host__ __device__ function is not allowed
                    other.device_tensor_stride(), other.device_kernel_size(),
                                                                          ^
          detected during:
            instantiation of "minkowski::gpu_kernel_region<coordinate_type>::gpu_kernel_region(const minkowski::cpu_kernel_region<coordinate_type> &) [with coordinate_type=int32_t]" at line 627 of /home/ez48awud/Documents/implementations/LiDiff/MinkowskiEngine/src/coordinate_map_gpu.cu
            instantiation of "minkowski::CoordinateMapGPU<coordinate_type, TemplatedAllocator>::self_type minkowski::CoordinateMapGPU<coordinate_type, TemplatedAllocator>::stride_region(minkowski::cpu_kernel_region<coordinate_type> &, const minkowski::CoordinateMapGPU<coordinate_type, TemplatedAllocator>::stride_type &) const [with coordinate_type=int32_t, TemplatedAllocator=minkowski::detail::default_allocator]" at line 2462 of /home/ez48awud/Documents/implementations/LiDiff/MinkowskiEngine/src/coordinate_map_gpu.cu

/home/ez48awud/Documents/implementations/LiDiff/MinkowskiEngine/src/kernel_region.hpp(430): warning #20014-D: calling a __host__ function from a __host__ __device__ function is not allowed
                    other.device_dilation(), other.volume(),
                                         ^
          detected during:
            instantiation of "minkowski::gpu_kernel_region<coordinate_type>::gpu_kernel_region(const minkowski::cpu_kernel_region<coordinate_type> &) [with coordinate_type=int32_t]" at line 627 of /home/ez48awud/Documents/implementations/LiDiff/MinkowskiEngine/src/coordinate_map_gpu.cu
            instantiation of "minkowski::CoordinateMapGPU<coordinate_type, TemplatedAllocator>::self_type minkowski::CoordinateMapGPU<coordinate_type, TemplatedAllocator>::stride_region(minkowski::cpu_kernel_region<coordinate_type> &, const minkowski::CoordinateMapGPU<coordinate_type, TemplatedAllocator>::stride_type &) const [with coordinate_type=int32_t, TemplatedAllocator=minkowski::detail::default_allocator]" at line 2462 of /home/ez48awud/Documents/implementations/LiDiff/MinkowskiEngine/src/coordinate_map_gpu.cu

/home/ez48awud/Documents/implementations/LiDiff/MinkowskiEngine/src/kernel_region.hpp(431): warning #20014-D: calling a __host__ function from a __host__ __device__ function is not allowed
                    other.device_offset(), other.num_offset(),
                                       ^
          detected during:
            instantiation of "minkowski::gpu_kernel_region<coordinate_type>::gpu_kernel_region(const minkowski::cpu_kernel_region<coordinate_type> &) [with coordinate_type=int32_t]" at line 627 of /home/ez48awud/Documents/implementations/LiDiff/MinkowskiEngine/src/coordinate_map_gpu.cu
            instantiation of "minkowski::CoordinateMapGPU<coordinate_type, TemplatedAllocator>::self_type minkowski::CoordinateMapGPU<coordinate_type, TemplatedAllocator>::stride_region(minkowski::cpu_kernel_region<coordinate_type> &, const minkowski::CoordinateMapGPU<coordinate_type, TemplatedAllocator>::stride_type &) const [with coordinate_type=int32_t, TemplatedAllocator=minkowski::detail::default_allocator]" at line 2462 of /home/ez48awud/Documents/implementations/LiDiff/MinkowskiEngine/src/coordinate_map_gpu.cu

/home/ez48awud/Documents/implementations/LiDiff/MinkowskiEngine/src/kernel_region.hpp(429): warning #20011-D: calling a __host__ function("minkowski::cpu_kernel_region<int> ::device_tensor_stride() const") from a __host__ __device__ function("minkowski::gpu_kernel_region<int> ::gpu_kernel_region") is not allowed

/home/ez48awud/Documents/implementations/LiDiff/MinkowskiEngine/src/kernel_region.hpp(429): warning #20011-D: calling a __host__ function("minkowski::cpu_kernel_region<int> ::device_kernel_size() const") from a __host__ __device__ function("minkowski::gpu_kernel_region<int> ::gpu_kernel_region") is not allowed

/home/ez48awud/Documents/implementations/LiDiff/MinkowskiEngine/src/kernel_region.hpp(430): warning #20011-D: calling a __host__ function("minkowski::cpu_kernel_region<int> ::device_dilation() const") from a __host__ __device__ function("minkowski::gpu_kernel_region<int> ::gpu_kernel_region") is not allowed

/home/ez48awud/Documents/implementations/LiDiff/MinkowskiEngine/src/kernel_region.hpp(431): warning #20011-D: calling a __host__ function("minkowski::cpu_kernel_region<int> ::device_offset() const") from a __host__ __device__ function("minkowski::gpu_kernel_region<int> ::gpu_kernel_region") is not allowed

/home/ez48awud/Documents/implementations/LiDiff/MinkowskiEngine/src/kernel_region.hpp(429): warning #20014-D: calling a __host__ function from a __host__ __device__ function is not allowed
                    other.device_tensor_stride(), other.device_kernel_size(),
                                              ^
          detected during:
            instantiation of "minkowski::gpu_kernel_region<coordinate_type>::gpu_kernel_region(const minkowski::cpu_kernel_region<coordinate_type> &) [with coordinate_type=int32_t]" at line 627 of /home/ez48awud/Documents/implementations/LiDiff/MinkowskiEngine/src/coordinate_map_gpu.cu
            instantiation of "minkowski::CoordinateMapGPU<coordinate_type, TemplatedAllocator>::self_type minkowski::CoordinateMapGPU<coordinate_type, TemplatedAllocator>::stride_region(minkowski::cpu_kernel_region<coordinate_type> &, const minkowski::CoordinateMapGPU<coordinate_type, TemplatedAllocator>::stride_type &) const [with coordinate_type=int32_t, TemplatedAllocator=minkowski::detail::default_allocator]" at line 2462 of /home/ez48awud/Documents/implementations/LiDiff/MinkowskiEngine/src/coordinate_map_gpu.cu

Remark: The warnings can be suppressed with "-diag-suppress <warning-number>"

/home/ez48awud/Documents/implementations/LiDiff/MinkowskiEngine/src/kernel_region.hpp(429): warning #20014-D: calling a __host__ function from a __host__ __device__ function is not allowed
                    other.device_tensor_stride(), other.device_kernel_size(),
                                                                          ^
          detected during:
            instantiation of "minkowski::gpu_kernel_region<coordinate_type>::gpu_kernel_region(const minkowski::cpu_kernel_region<coordinate_type> &) [with coordinate_type=int32_t]" at line 627 of /home/ez48awud/Documents/implementations/LiDiff/MinkowskiEngine/src/coordinate_map_gpu.cu
            instantiation of "minkowski::CoordinateMapGPU<coordinate_type, TemplatedAllocator>::self_type minkowski::CoordinateMapGPU<coordinate_type, TemplatedAllocator>::stride_region(minkowski::cpu_kernel_region<coordinate_type> &, const minkowski::CoordinateMapGPU<coordinate_type, TemplatedAllocator>::stride_type &) const [with coordinate_type=int32_t, TemplatedAllocator=minkowski::detail::default_allocator]" at line 2462 of /home/ez48awud/Documents/implementations/LiDiff/MinkowskiEngine/src/coordinate_map_gpu.cu

/home/ez48awud/Documents/implementations/LiDiff/MinkowskiEngine/src/kernel_region.hpp(430): warning #20014-D: calling a __host__ function from a __host__ __device__ function is not allowed
                    other.device_dilation(), other.volume(),
                                         ^
          detected during:
            instantiation of "minkowski::gpu_kernel_region<coordinate_type>::gpu_kernel_region(const minkowski::cpu_kernel_region<coordinate_type> &) [with coordinate_type=int32_t]" at line 627 of /home/ez48awud/Documents/implementations/LiDiff/MinkowskiEngine/src/coordinate_map_gpu.cu
            instantiation of "minkowski::CoordinateMapGPU<coordinate_type, TemplatedAllocator>::self_type minkowski::CoordinateMapGPU<coordinate_type, TemplatedAllocator>::stride_region(minkowski::cpu_kernel_region<coordinate_type> &, const minkowski::CoordinateMapGPU<coordinate_type, TemplatedAllocator>::stride_type &) const [with coordinate_type=int32_t, TemplatedAllocator=minkowski::detail::default_allocator]" at line 2462 of /home/ez48awud/Documents/implementations/LiDiff/MinkowskiEngine/src/coordinate_map_gpu.cu

/home/ez48awud/Documents/implementations/LiDiff/MinkowskiEngine/src/kernel_region.hpp(431): warning #20014-D: calling a __host__ function from a __host__ __device__ function is not allowed
                    other.device_offset(), other.num_offset(),
                                       ^
          detected during:
            instantiation of "minkowski::gpu_kernel_region<coordinate_type>::gpu_kernel_region(const minkowski::cpu_kernel_region<coordinate_type> &) [with coordinate_type=int32_t]" at line 627 of /home/ez48awud/Documents/implementations/LiDiff/MinkowskiEngine/src/coordinate_map_gpu.cu
            instantiation of "minkowski::CoordinateMapGPU<coordinate_type, TemplatedAllocator>::self_type minkowski::CoordinateMapGPU<coordinate_type, TemplatedAllocator>::stride_region(minkowski::cpu_kernel_region<coordinate_type> &, const minkowski::CoordinateMapGPU<coordinate_type, TemplatedAllocator>::stride_type &) const [with coordinate_type=int32_t, TemplatedAllocator=minkowski::detail::default_allocator]" at line 2462 of /home/ez48awud/Documents/implementations/LiDiff/MinkowskiEngine/src/coordinate_map_gpu.cu

/home/ez48awud/Documents/implementations/LiDiff/MinkowskiEngine/src/kernel_region.hpp(429): warning #20011-D: calling a __host__ function("minkowski::cpu_kernel_region<int> ::device_tensor_stride() const") from a __host__ __device__ function("minkowski::gpu_kernel_region<int> ::gpu_kernel_region") is not allowed

/home/ez48awud/Documents/implementations/LiDiff/MinkowskiEngine/src/kernel_region.hpp(429): warning #20011-D: calling a __host__ function("minkowski::cpu_kernel_region<int> ::device_kernel_size() const") from a __host__ __device__ function("minkowski::gpu_kernel_region<int> ::gpu_kernel_region") is not allowed

/home/ez48awud/Documents/implementations/LiDiff/MinkowskiEngine/src/kernel_region.hpp(430): warning #20011-D: calling a __host__ function("minkowski::cpu_kernel_region<int> ::device_dilation() const") from a __host__ __device__ function("minkowski::gpu_kernel_region<int> ::gpu_kernel_region") is not allowed

/home/ez48awud/Documents/implementations/LiDiff/MinkowskiEngine/src/kernel_region.hpp(431): warning #20011-D: calling a __host__ function("minkowski::cpu_kernel_region<int> ::device_offset() const") from a __host__ __device__ function("minkowski::gpu_kernel_region<int> ::gpu_kernel_region") is not allowed

/home/ez48awud/Documents/implementations/LiDiff/MinkowskiEngine/src/kernel_region.hpp(429): warning #20014-D: calling a __host__ function from a __host__ __device__ function is not allowed
                    other.device_tensor_stride(), other.device_kernel_size(),
                                              ^
          detected during:
            instantiation of "minkowski::gpu_kernel_region<coordinate_type>::gpu_kernel_region(const minkowski::cpu_kernel_region<coordinate_type> &) [with coordinate_type=int32_t]" at line 627 of /home/ez48awud/Documents/implementations/LiDiff/MinkowskiEngine/src/coordinate_map_gpu.cu
            instantiation of "minkowski::CoordinateMapGPU<coordinate_type, TemplatedAllocator>::self_type minkowski::CoordinateMapGPU<coordinate_type, TemplatedAllocator>::stride_region(minkowski::cpu_kernel_region<coordinate_type> &, const minkowski::CoordinateMapGPU<coordinate_type, TemplatedAllocator>::stride_type &) const [with coordinate_type=int32_t, TemplatedAllocator=minkowski::detail::default_allocator]" at line 2462 of /home/ez48awud/Documents/implementations/LiDiff/MinkowskiEngine/src/coordinate_map_gpu.cu

Remark: The warnings can be suppressed with "-diag-suppress <warning-number>"

/home/ez48awud/Documents/implementations/LiDiff/MinkowskiEngine/src/kernel_region.hpp(429): warning #20014-D: calling a __host__ function from a __host__ __device__ function is not allowed
                    other.device_tensor_stride(), other.device_kernel_size(),
                                                                          ^
          detected during:
            instantiation of "minkowski::gpu_kernel_region<coordinate_type>::gpu_kernel_region(const minkowski::cpu_kernel_region<coordinate_type> &) [with coordinate_type=int32_t]" at line 627 of /home/ez48awud/Documents/implementations/LiDiff/MinkowskiEngine/src/coordinate_map_gpu.cu
            instantiation of "minkowski::CoordinateMapGPU<coordinate_type, TemplatedAllocator>::self_type minkowski::CoordinateMapGPU<coordinate_type, TemplatedAllocator>::stride_region(minkowski::cpu_kernel_region<coordinate_type> &, const minkowski::CoordinateMapGPU<coordinate_type, TemplatedAllocator>::stride_type &) const [with coordinate_type=int32_t, TemplatedAllocator=minkowski::detail::default_allocator]" at line 2462 of /home/ez48awud/Documents/implementations/LiDiff/MinkowskiEngine/src/coordinate_map_gpu.cu

/home/ez48awud/Documents/implementations/LiDiff/MinkowskiEngine/src/kernel_region.hpp(430): warning #20014-D: calling a __host__ function from a __host__ __device__ function is not allowed
                    other.device_dilation(), other.volume(),
                                         ^
          detected during:
            instantiation of "minkowski::gpu_kernel_region<coordinate_type>::gpu_kernel_region(const minkowski::cpu_kernel_region<coordinate_type> &) [with coordinate_type=int32_t]" at line 627 of /home/ez48awud/Documents/implementations/LiDiff/MinkowskiEngine/src/coordinate_map_gpu.cu
            instantiation of "minkowski::CoordinateMapGPU<coordinate_type, TemplatedAllocator>::self_type minkowski::CoordinateMapGPU<coordinate_type, TemplatedAllocator>::stride_region(minkowski::cpu_kernel_region<coordinate_type> &, const minkowski::CoordinateMapGPU<coordinate_type, TemplatedAllocator>::stride_type &) const [with coordinate_type=int32_t, TemplatedAllocator=minkowski::detail::default_allocator]" at line 2462 of /home/ez48awud/Documents/implementations/LiDiff/MinkowskiEngine/src/coordinate_map_gpu.cu

/home/ez48awud/Documents/implementations/LiDiff/MinkowskiEngine/src/kernel_region.hpp(431): warning #20014-D: calling a __host__ function from a __host__ __device__ function is not allowed
                    other.device_offset(), other.num_offset(),
                                       ^
          detected during:
            instantiation of "minkowski::gpu_kernel_region<coordinate_type>::gpu_kernel_region(const minkowski::cpu_kernel_region<coordinate_type> &) [with coordinate_type=int32_t]" at line 627 of /home/ez48awud/Documents/implementations/LiDiff/MinkowskiEngine/src/coordinate_map_gpu.cu
            instantiation of "minkowski::CoordinateMapGPU<coordinate_type, TemplatedAllocator>::self_type minkowski::CoordinateMapGPU<coordinate_type, TemplatedAllocator>::stride_region(minkowski::cpu_kernel_region<coordinate_type> &, const minkowski::CoordinateMapGPU<coordinate_type, TemplatedAllocator>::stride_type &) const [with coordinate_type=int32_t, TemplatedAllocator=minkowski::detail::default_allocator]" at line 2462 of /home/ez48awud/Documents/implementations/LiDiff/MinkowskiEngine/src/coordinate_map_gpu.cu

/home/ez48awud/Documents/implementations/LiDiff/MinkowskiEngine/src/kernel_region.hpp(429): warning #20011-D: calling a __host__ function("minkowski::cpu_kernel_region<int> ::device_tensor_stride() const") from a __host__ __device__ function("minkowski::gpu_kernel_region<int> ::gpu_kernel_region") is not allowed

/home/ez48awud/Documents/implementations/LiDiff/MinkowskiEngine/src/kernel_region.hpp(429): warning #20011-D: calling a __host__ function("minkowski::cpu_kernel_region<int> ::device_kernel_size() const") from a __host__ __device__ function("minkowski::gpu_kernel_region<int> ::gpu_kernel_region") is not allowed

/home/ez48awud/Documents/implementations/LiDiff/MinkowskiEngine/src/kernel_region.hpp(430): warning #20011-D: calling a __host__ function("minkowski::cpu_kernel_region<int> ::device_dilation() const") from a __host__ __device__ function("minkowski::gpu_kernel_region<int> ::gpu_kernel_region") is not allowed

/home/ez48awud/Documents/implementations/LiDiff/MinkowskiEngine/src/kernel_region.hpp(431): warning #20011-D: calling a __host__ function("minkowski::cpu_kernel_region<int> ::device_offset() const") from a __host__ __device__ function("minkowski::gpu_kernel_region<int> ::gpu_kernel_region") is not allowed

/home/ez48awud/Documents/implementations/LiDiff/MinkowskiEngine/src/kernel_region.hpp(429): warning #20014-D: calling a __host__ function from a __host__ __device__ function is not allowed
                    other.device_tensor_stride(), other.device_kernel_size(),
                                              ^
          detected during:
            instantiation of "minkowski::gpu_kernel_region<coordinate_type>::gpu_kernel_region(const minkowski::cpu_kernel_region<coordinate_type> &) [with coordinate_type=int32_t]" at line 627 of /home/ez48awud/Documents/implementations/LiDiff/MinkowskiEngine/src/coordinate_map_gpu.cu
            instantiation of "minkowski::CoordinateMapGPU<coordinate_type, TemplatedAllocator>::self_type minkowski::CoordinateMapGPU<coordinate_type, TemplatedAllocator>::stride_region(minkowski::cpu_kernel_region<coordinate_type> &, const minkowski::CoordinateMapGPU<coordinate_type, TemplatedAllocator>::stride_type &) const [with coordinate_type=int32_t, TemplatedAllocator=minkowski::detail::default_allocator]" at line 2462 of /home/ez48awud/Documents/implementations/LiDiff/MinkowskiEngine/src/coordinate_map_gpu.cu

Remark: The warnings can be suppressed with "-diag-suppress <warning-number>"

/home/ez48awud/Documents/implementations/LiDiff/MinkowskiEngine/src/kernel_region.hpp(429): warning #20014-D: calling a __host__ function from a __host__ __device__ function is not allowed
                    other.device_tensor_stride(), other.device_kernel_size(),
                                                                          ^
          detected during:
            instantiation of "minkowski::gpu_kernel_region<coordinate_type>::gpu_kernel_region(const minkowski::cpu_kernel_region<coordinate_type> &) [with coordinate_type=int32_t]" at line 627 of /home/ez48awud/Documents/implementations/LiDiff/MinkowskiEngine/src/coordinate_map_gpu.cu
            instantiation of "minkowski::CoordinateMapGPU<coordinate_type, TemplatedAllocator>::self_type minkowski::CoordinateMapGPU<coordinate_type, TemplatedAllocator>::stride_region(minkowski::cpu_kernel_region<coordinate_type> &, const minkowski::CoordinateMapGPU<coordinate_type, TemplatedAllocator>::stride_type &) const [with coordinate_type=int32_t, TemplatedAllocator=minkowski::detail::default_allocator]" at line 2462 of /home/ez48awud/Documents/implementations/LiDiff/MinkowskiEngine/src/coordinate_map_gpu.cu

/home/ez48awud/Documents/implementations/LiDiff/MinkowskiEngine/src/kernel_region.hpp(430): warning #20014-D: calling a __host__ function from a __host__ __device__ function is not allowed
                    other.device_dilation(), other.volume(),
                                         ^
          detected during:
            instantiation of "minkowski::gpu_kernel_region<coordinate_type>::gpu_kernel_region(const minkowski::cpu_kernel_region<coordinate_type> &) [with coordinate_type=int32_t]" at line 627 of /home/ez48awud/Documents/implementations/LiDiff/MinkowskiEngine/src/coordinate_map_gpu.cu
            instantiation of "minkowski::CoordinateMapGPU<coordinate_type, TemplatedAllocator>::self_type minkowski::CoordinateMapGPU<coordinate_type, TemplatedAllocator>::stride_region(minkowski::cpu_kernel_region<coordinate_type> &, const minkowski::CoordinateMapGPU<coordinate_type, TemplatedAllocator>::stride_type &) const [with coordinate_type=int32_t, TemplatedAllocator=minkowski::detail::default_allocator]" at line 2462 of /home/ez48awud/Documents/implementations/LiDiff/MinkowskiEngine/src/coordinate_map_gpu.cu

/home/ez48awud/Documents/implementations/LiDiff/MinkowskiEngine/src/kernel_region.hpp(431): warning #20014-D: calling a __host__ function from a __host__ __device__ function is not allowed
                    other.device_offset(), other.num_offset(),
                                       ^
          detected during:
            instantiation of "minkowski::gpu_kernel_region<coordinate_type>::gpu_kernel_region(const minkowski::cpu_kernel_region<coordinate_type> &) [with coordinate_type=int32_t]" at line 627 of /home/ez48awud/Documents/implementations/LiDiff/MinkowskiEngine/src/coordinate_map_gpu.cu
            instantiation of "minkowski::CoordinateMapGPU<coordinate_type, TemplatedAllocator>::self_type minkowski::CoordinateMapGPU<coordinate_type, TemplatedAllocator>::stride_region(minkowski::cpu_kernel_region<coordinate_type> &, const minkowski::CoordinateMapGPU<coordinate_type, TemplatedAllocator>::stride_type &) const [with coordinate_type=int32_t, TemplatedAllocator=minkowski::detail::default_allocator]" at line 2462 of /home/ez48awud/Documents/implementations/LiDiff/MinkowskiEngine/src/coordinate_map_gpu.cu

/home/ez48awud/Documents/implementations/LiDiff/MinkowskiEngine/src/kernel_region.hpp(429): warning #20011-D: calling a __host__ function("minkowski::cpu_kernel_region<int> ::device_tensor_stride() const") from a __host__ __device__ function("minkowski::gpu_kernel_region<int> ::gpu_kernel_region") is not allowed

/home/ez48awud/Documents/implementations/LiDiff/MinkowskiEngine/src/kernel_region.hpp(429): warning #20011-D: calling a __host__ function("minkowski::cpu_kernel_region<int> ::device_kernel_size() const") from a __host__ __device__ function("minkowski::gpu_kernel_region<int> ::gpu_kernel_region") is not allowed

/home/ez48awud/Documents/implementations/LiDiff/MinkowskiEngine/src/kernel_region.hpp(430): warning #20011-D: calling a __host__ function("minkowski::cpu_kernel_region<int> ::device_dilation() const") from a __host__ __device__ function("minkowski::gpu_kernel_region<int> ::gpu_kernel_region") is not allowed

/home/ez48awud/Documents/implementations/LiDiff/MinkowskiEngine/src/kernel_region.hpp(431): warning #20011-D: calling a __host__ function("minkowski::cpu_kernel_region<int> ::device_offset() const") from a __host__ __device__ function("minkowski::gpu_kernel_region<int> ::gpu_kernel_region") is not allowed

/home/ez48awud/Documents/implementations/LiDiff/MinkowskiEngine/src/kernel_region.hpp(429): warning #20014-D: calling a __host__ function from a __host__ __device__ function is not allowed
                    other.device_tensor_stride(), other.device_kernel_size(),
                                              ^
          detected during:
            instantiation of "minkowski::gpu_kernel_region<coordinate_type>::gpu_kernel_region(const minkowski::cpu_kernel_region<coordinate_type> &) [with coordinate_type=int32_t]" at line 627 of /home/ez48awud/Documents/implementations/LiDiff/MinkowskiEngine/src/coordinate_map_gpu.cu
            instantiation of "minkowski::CoordinateMapGPU<coordinate_type, TemplatedAllocator>::self_type minkowski::CoordinateMapGPU<coordinate_type, TemplatedAllocator>::stride_region(minkowski::cpu_kernel_region<coordinate_type> &, const minkowski::CoordinateMapGPU<coordinate_type, TemplatedAllocator>::stride_type &) const [with coordinate_type=int32_t, TemplatedAllocator=minkowski::detail::default_allocator]" at line 2462 of /home/ez48awud/Documents/implementations/LiDiff/MinkowskiEngine/src/coordinate_map_gpu.cu

Remark: The warnings can be suppressed with "-diag-suppress <warning-number>"

/home/ez48awud/Documents/implementations/LiDiff/MinkowskiEngine/src/kernel_region.hpp(429): warning #20014-D: calling a __host__ function from a __host__ __device__ function is not allowed
                    other.device_tensor_stride(), other.device_kernel_size(),
                                                                          ^
          detected during:
            instantiation of "minkowski::gpu_kernel_region<coordinate_type>::gpu_kernel_region(const minkowski::cpu_kernel_region<coordinate_type> &) [with coordinate_type=int32_t]" at line 627 of /home/ez48awud/Documents/implementations/LiDiff/MinkowskiEngine/src/coordinate_map_gpu.cu
            instantiation of "minkowski::CoordinateMapGPU<coordinate_type, TemplatedAllocator>::self_type minkowski::CoordinateMapGPU<coordinate_type, TemplatedAllocator>::stride_region(minkowski::cpu_kernel_region<coordinate_type> &, const minkowski::CoordinateMapGPU<coordinate_type, TemplatedAllocator>::stride_type &) const [with coordinate_type=int32_t, TemplatedAllocator=minkowski::detail::default_allocator]" at line 2462 of /home/ez48awud/Documents/implementations/LiDiff/MinkowskiEngine/src/coordinate_map_gpu.cu

/home/ez48awud/Documents/implementations/LiDiff/MinkowskiEngine/src/kernel_region.hpp(430): warning #20014-D: calling a __host__ function from a __host__ __device__ function is not allowed
                    other.device_dilation(), other.volume(),
                                         ^
          detected during:
            instantiation of "minkowski::gpu_kernel_region<coordinate_type>::gpu_kernel_region(const minkowski::cpu_kernel_region<coordinate_type> &) [with coordinate_type=int32_t]" at line 627 of /home/ez48awud/Documents/implementations/LiDiff/MinkowskiEngine/src/coordinate_map_gpu.cu
            instantiation of "minkowski::CoordinateMapGPU<coordinate_type, TemplatedAllocator>::self_type minkowski::CoordinateMapGPU<coordinate_type, TemplatedAllocator>::stride_region(minkowski::cpu_kernel_region<coordinate_type> &, const minkowski::CoordinateMapGPU<coordinate_type, TemplatedAllocator>::stride_type &) const [with coordinate_type=int32_t, TemplatedAllocator=minkowski::detail::default_allocator]" at line 2462 of /home/ez48awud/Documents/implementations/LiDiff/MinkowskiEngine/src/coordinate_map_gpu.cu

/home/ez48awud/Documents/implementations/LiDiff/MinkowskiEngine/src/kernel_region.hpp(431): warning #20014-D: calling a __host__ function from a __host__ __device__ function is not allowed
                    other.device_offset(), other.num_offset(),
                                       ^
          detected during:
            instantiation of "minkowski::gpu_kernel_region<coordinate_type>::gpu_kernel_region(const minkowski::cpu_kernel_region<coordinate_type> &) [with coordinate_type=int32_t]" at line 627 of /home/ez48awud/Documents/implementations/LiDiff/MinkowskiEngine/src/coordinate_map_gpu.cu
            instantiation of "minkowski::CoordinateMapGPU<coordinate_type, TemplatedAllocator>::self_type minkowski::CoordinateMapGPU<coordinate_type, TemplatedAllocator>::stride_region(minkowski::cpu_kernel_region<coordinate_type> &, const minkowski::CoordinateMapGPU<coordinate_type, TemplatedAllocator>::stride_type &) const [with coordinate_type=int32_t, TemplatedAllocator=minkowski::detail::default_allocator]" at line 2462 of /home/ez48awud/Documents/implementations/LiDiff/MinkowskiEngine/src/coordinate_map_gpu.cu

/home/ez48awud/Documents/implementations/LiDiff/MinkowskiEngine/src/kernel_region.hpp(429): warning #20011-D: calling a __host__ function("minkowski::cpu_kernel_region<int> ::device_tensor_stride() const") from a __host__ __device__ function("minkowski::gpu_kernel_region<int> ::gpu_kernel_region") is not allowed

/home/ez48awud/Documents/implementations/LiDiff/MinkowskiEngine/src/kernel_region.hpp(429): warning #20011-D: calling a __host__ function("minkowski::cpu_kernel_region<int> ::device_kernel_size() const") from a __host__ __device__ function("minkowski::gpu_kernel_region<int> ::gpu_kernel_region") is not allowed

/home/ez48awud/Documents/implementations/LiDiff/MinkowskiEngine/src/kernel_region.hpp(430): warning #20011-D: calling a __host__ function("minkowski::cpu_kernel_region<int> ::device_dilation() const") from a __host__ __device__ function("minkowski::gpu_kernel_region<int> ::gpu_kernel_region") is not allowed

/home/ez48awud/Documents/implementations/LiDiff/MinkowskiEngine/src/kernel_region.hpp(431): warning #20011-D: calling a __host__ function("minkowski::cpu_kernel_region<int> ::device_offset() const") from a __host__ __device__ function("minkowski::gpu_kernel_region<int> ::gpu_kernel_region") is not allowed

/home/ez48awud/Documents/implementations/LiDiff/MinkowskiEngine/src/kernel_region.hpp(429): warning #20014-D: calling a __host__ function from a __host__ __device__ function is not allowed
                    other.device_tensor_stride(), other.device_kernel_size(),
                                              ^
          detected during:
            instantiation of "minkowski::gpu_kernel_region<coordinate_type>::gpu_kernel_region(const minkowski::cpu_kernel_region<coordinate_type> &) [with coordinate_type=int32_t]" at line 627 of /home/ez48awud/Documents/implementations/LiDiff/MinkowskiEngine/src/coordinate_map_gpu.cu
            instantiation of "minkowski::CoordinateMapGPU<coordinate_type, TemplatedAllocator>::self_type minkowski::CoordinateMapGPU<coordinate_type, TemplatedAllocator>::stride_region(minkowski::cpu_kernel_region<coordinate_type> &, const minkowski::CoordinateMapGPU<coordinate_type, TemplatedAllocator>::stride_type &) const [with coordinate_type=int32_t, TemplatedAllocator=minkowski::detail::default_allocator]" at line 2462 of /home/ez48awud/Documents/implementations/LiDiff/MinkowskiEngine/src/coordinate_map_gpu.cu

Remark: The warnings can be suppressed with "-diag-suppress <warning-number>"

/home/ez48awud/Documents/implementations/LiDiff/MinkowskiEngine/src/kernel_region.hpp(429): warning #20014-D: calling a __host__ function from a __host__ __device__ function is not allowed
                    other.device_tensor_stride(), other.device_kernel_size(),
                                                                          ^
          detected during:
            instantiation of "minkowski::gpu_kernel_region<coordinate_type>::gpu_kernel_region(const minkowski::cpu_kernel_region<coordinate_type> &) [with coordinate_type=int32_t]" at line 627 of /home/ez48awud/Documents/implementations/LiDiff/MinkowskiEngine/src/coordinate_map_gpu.cu
            instantiation of "minkowski::CoordinateMapGPU<coordinate_type, TemplatedAllocator>::self_type minkowski::CoordinateMapGPU<coordinate_type, TemplatedAllocator>::stride_region(minkowski::cpu_kernel_region<coordinate_type> &, const minkowski::CoordinateMapGPU<coordinate_type, TemplatedAllocator>::stride_type &) const [with coordinate_type=int32_t, TemplatedAllocator=minkowski::detail::default_allocator]" at line 2462 of /home/ez48awud/Documents/implementations/LiDiff/MinkowskiEngine/src/coordinate_map_gpu.cu

/home/ez48awud/Documents/implementations/LiDiff/MinkowskiEngine/src/kernel_region.hpp(430): warning #20014-D: calling a __host__ function from a __host__ __device__ function is not allowed
                    other.device_dilation(), other.volume(),
                                         ^
          detected during:
            instantiation of "minkowski::gpu_kernel_region<coordinate_type>::gpu_kernel_region(const minkowski::cpu_kernel_region<coordinate_type> &) [with coordinate_type=int32_t]" at line 627 of /home/ez48awud/Documents/implementations/LiDiff/MinkowskiEngine/src/coordinate_map_gpu.cu
            instantiation of "minkowski::CoordinateMapGPU<coordinate_type, TemplatedAllocator>::self_type minkowski::CoordinateMapGPU<coordinate_type, TemplatedAllocator>::stride_region(minkowski::cpu_kernel_region<coordinate_type> &, const minkowski::CoordinateMapGPU<coordinate_type, TemplatedAllocator>::stride_type &) const [with coordinate_type=int32_t, TemplatedAllocator=minkowski::detail::default_allocator]" at line 2462 of /home/ez48awud/Documents/implementations/LiDiff/MinkowskiEngine/src/coordinate_map_gpu.cu

/home/ez48awud/Documents/implementations/LiDiff/MinkowskiEngine/src/kernel_region.hpp(431): warning #20014-D: calling a __host__ function from a __host__ __device__ function is not allowed
                    other.device_offset(), other.num_offset(),
                                       ^
          detected during:
            instantiation of "minkowski::gpu_kernel_region<coordinate_type>::gpu_kernel_region(const minkowski::cpu_kernel_region<coordinate_type> &) [with coordinate_type=int32_t]" at line 627 of /home/ez48awud/Documents/implementations/LiDiff/MinkowskiEngine/src/coordinate_map_gpu.cu
            instantiation of "minkowski::CoordinateMapGPU<coordinate_type, TemplatedAllocator>::self_type minkowski::CoordinateMapGPU<coordinate_type, TemplatedAllocator>::stride_region(minkowski::cpu_kernel_region<coordinate_type> &, const minkowski::CoordinateMapGPU<coordinate_type, TemplatedAllocator>::stride_type &) const [with coordinate_type=int32_t, TemplatedAllocator=minkowski::detail::default_allocator]" at line 2462 of /home/ez48awud/Documents/implementations/LiDiff/MinkowskiEngine/src/coordinate_map_gpu.cu

/home/ez48awud/Documents/implementations/LiDiff/MinkowskiEngine/src/kernel_region.hpp(429): warning #20011-D: calling a __host__ function("minkowski::cpu_kernel_region<int> ::device_tensor_stride() const") from a __host__ __device__ function("minkowski::gpu_kernel_region<int> ::gpu_kernel_region") is not allowed

/home/ez48awud/Documents/implementations/LiDiff/MinkowskiEngine/src/kernel_region.hpp(429): warning #20011-D: calling a __host__ function("minkowski::cpu_kernel_region<int> ::device_kernel_size() const") from a __host__ __device__ function("minkowski::gpu_kernel_region<int> ::gpu_kernel_region") is not allowed

/home/ez48awud/Documents/implementations/LiDiff/MinkowskiEngine/src/kernel_region.hpp(430): warning #20011-D: calling a __host__ function("minkowski::cpu_kernel_region<int> ::device_dilation() const") from a __host__ __device__ function("minkowski::gpu_kernel_region<int> ::gpu_kernel_region") is not allowed

/home/ez48awud/Documents/implementations/LiDiff/MinkowskiEngine/src/kernel_region.hpp(431): warning #20011-D: calling a __host__ function("minkowski::cpu_kernel_region<int> ::device_offset() const") from a __host__ __device__ function("minkowski::gpu_kernel_region<int> ::gpu_kernel_region") is not allowed

/home/ez48awud/Documents/implementations/LiDiff/MinkowskiEngine/src/kernel_region.hpp(429): warning #20014-D: calling a __host__ function from a __host__ __device__ function is not allowed
                    other.device_tensor_stride(), other.device_kernel_size(),
                                              ^
          detected during:
            instantiation of "minkowski::gpu_kernel_region<coordinate_type>::gpu_kernel_region(const minkowski::cpu_kernel_region<coordinate_type> &) [with coordinate_type=int32_t]" at line 627 of /home/ez48awud/Documents/implementations/LiDiff/MinkowskiEngine/src/coordinate_map_gpu.cu
            instantiation of "minkowski::CoordinateMapGPU<coordinate_type, TemplatedAllocator>::self_type minkowski::CoordinateMapGPU<coordinate_type, TemplatedAllocator>::stride_region(minkowski::cpu_kernel_region<coordinate_type> &, const minkowski::CoordinateMapGPU<coordinate_type, TemplatedAllocator>::stride_type &) const [with coordinate_type=int32_t, TemplatedAllocator=minkowski::detail::default_allocator]" at line 2462 of /home/ez48awud/Documents/implementations/LiDiff/MinkowskiEngine/src/coordinate_map_gpu.cu

Remark: The warnings can be suppressed with "-diag-suppress <warning-number>"

/home/ez48awud/Documents/implementations/LiDiff/MinkowskiEngine/src/kernel_region.hpp(429): warning #20014-D: calling a __host__ function from a __host__ __device__ function is not allowed
                    other.device_tensor_stride(), other.device_kernel_size(),
                                                                          ^
          detected during:
            instantiation of "minkowski::gpu_kernel_region<coordinate_type>::gpu_kernel_region(const minkowski::cpu_kernel_region<coordinate_type> &) [with coordinate_type=int32_t]" at line 627 of /home/ez48awud/Documents/implementations/LiDiff/MinkowskiEngine/src/coordinate_map_gpu.cu
            instantiation of "minkowski::CoordinateMapGPU<coordinate_type, TemplatedAllocator>::self_type minkowski::CoordinateMapGPU<coordinate_type, TemplatedAllocator>::stride_region(minkowski::cpu_kernel_region<coordinate_type> &, const minkowski::CoordinateMapGPU<coordinate_type, TemplatedAllocator>::stride_type &) const [with coordinate_type=int32_t, TemplatedAllocator=minkowski::detail::default_allocator]" at line 2462 of /home/ez48awud/Documents/implementations/LiDiff/MinkowskiEngine/src/coordinate_map_gpu.cu

/home/ez48awud/Documents/implementations/LiDiff/MinkowskiEngine/src/kernel_region.hpp(430): warning #20014-D: calling a __host__ function from a __host__ __device__ function is not allowed
                    other.device_dilation(), other.volume(),
                                         ^
          detected during:
            instantiation of "minkowski::gpu_kernel_region<coordinate_type>::gpu_kernel_region(const minkowski::cpu_kernel_region<coordinate_type> &) [with coordinate_type=int32_t]" at line 627 of /home/ez48awud/Documents/implementations/LiDiff/MinkowskiEngine/src/coordinate_map_gpu.cu
            instantiation of "minkowski::CoordinateMapGPU<coordinate_type, TemplatedAllocator>::self_type minkowski::CoordinateMapGPU<coordinate_type, TemplatedAllocator>::stride_region(minkowski::cpu_kernel_region<coordinate_type> &, const minkowski::CoordinateMapGPU<coordinate_type, TemplatedAllocator>::stride_type &) const [with coordinate_type=int32_t, TemplatedAllocator=minkowski::detail::default_allocator]" at line 2462 of /home/ez48awud/Documents/implementations/LiDiff/MinkowskiEngine/src/coordinate_map_gpu.cu

/home/ez48awud/Documents/implementations/LiDiff/MinkowskiEngine/src/kernel_region.hpp(431): warning #20014-D: calling a __host__ function from a __host__ __device__ function is not allowed
                    other.device_offset(), other.num_offset(),
                                       ^
          detected during:
            instantiation of "minkowski::gpu_kernel_region<coordinate_type>::gpu_kernel_region(const minkowski::cpu_kernel_region<coordinate_type> &) [with coordinate_type=int32_t]" at line 627 of /home/ez48awud/Documents/implementations/LiDiff/MinkowskiEngine/src/coordinate_map_gpu.cu
            instantiation of "minkowski::CoordinateMapGPU<coordinate_type, TemplatedAllocator>::self_type minkowski::CoordinateMapGPU<coordinate_type, TemplatedAllocator>::stride_region(minkowski::cpu_kernel_region<coordinate_type> &, const minkowski::CoordinateMapGPU<coordinate_type, TemplatedAllocator>::stride_type &) const [with coordinate_type=int32_t, TemplatedAllocator=minkowski::detail::default_allocator]" at line 2462 of /home/ez48awud/Documents/implementations/LiDiff/MinkowskiEngine/src/coordinate_map_gpu.cu

/home/ez48awud/Documents/implementations/LiDiff/MinkowskiEngine/src/kernel_region.hpp(429): warning #20011-D: calling a __host__ function("minkowski::cpu_kernel_region<int> ::device_tensor_stride() const") from a __host__ __device__ function("minkowski::gpu_kernel_region<int> ::gpu_kernel_region") is not allowed

/home/ez48awud/Documents/implementations/LiDiff/MinkowskiEngine/src/kernel_region.hpp(429): warning #20011-D: calling a __host__ function("minkowski::cpu_kernel_region<int> ::device_kernel_size() const") from a __host__ __device__ function("minkowski::gpu_kernel_region<int> ::gpu_kernel_region") is not allowed

/home/ez48awud/Documents/implementations/LiDiff/MinkowskiEngine/src/kernel_region.hpp(430): warning #20011-D: calling a __host__ function("minkowski::cpu_kernel_region<int> ::device_dilation() const") from a __host__ __device__ function("minkowski::gpu_kernel_region<int> ::gpu_kernel_region") is not allowed

/home/ez48awud/Documents/implementations/LiDiff/MinkowskiEngine/src/kernel_region.hpp(431): warning #20011-D: calling a __host__ function("minkowski::cpu_kernel_region<int> ::device_offset() const") from a __host__ __device__ function("minkowski::gpu_kernel_region<int> ::gpu_kernel_region") is not allowed

/home/ez48awud/Documents/implementations/LiDiff/MinkowskiEngine/src/kernel_region.hpp(429): warning #20014-D: calling a __host__ function from a __host__ __device__ function is not allowed
                    other.device_tensor_stride(), other.device_kernel_size(),
                                              ^
          detected during:
            instantiation of "minkowski::gpu_kernel_region<coordinate_type>::gpu_kernel_region(const minkowski::cpu_kernel_region<coordinate_type> &) [with coordinate_type=int32_t]" at line 627 of /home/ez48awud/Documents/implementations/LiDiff/MinkowskiEngine/src/coordinate_map_gpu.cu
            instantiation of "minkowski::CoordinateMapGPU<coordinate_type, TemplatedAllocator>::self_type minkowski::CoordinateMapGPU<coordinate_type, TemplatedAllocator>::stride_region(minkowski::cpu_kernel_region<coordinate_type> &, const minkowski::CoordinateMapGPU<coordinate_type, TemplatedAllocator>::stride_type &) const [with coordinate_type=int32_t, TemplatedAllocator=minkowski::detail::default_allocator]" at line 2462 of /home/ez48awud/Documents/implementations/LiDiff/MinkowskiEngine/src/coordinate_map_gpu.cu

Remark: The warnings can be suppressed with "-diag-suppress <warning-number>"

/home/ez48awud/Documents/implementations/LiDiff/MinkowskiEngine/src/kernel_region.hpp(429): warning #20014-D: calling a __host__ function from a __host__ __device__ function is not allowed
                    other.device_tensor_stride(), other.device_kernel_size(),
                                                                          ^
          detected during:
            instantiation of "minkowski::gpu_kernel_region<coordinate_type>::gpu_kernel_region(const minkowski::cpu_kernel_region<coordinate_type> &) [with coordinate_type=int32_t]" at line 627 of /home/ez48awud/Documents/implementations/LiDiff/MinkowskiEngine/src/coordinate_map_gpu.cu
            instantiation of "minkowski::CoordinateMapGPU<coordinate_type, TemplatedAllocator>::self_type minkowski::CoordinateMapGPU<coordinate_type, TemplatedAllocator>::stride_region(minkowski::cpu_kernel_region<coordinate_type> &, const minkowski::CoordinateMapGPU<coordinate_type, TemplatedAllocator>::stride_type &) const [with coordinate_type=int32_t, TemplatedAllocator=minkowski::detail::default_allocator]" at line 2462 of /home/ez48awud/Documents/implementations/LiDiff/MinkowskiEngine/src/coordinate_map_gpu.cu

/home/ez48awud/Documents/implementations/LiDiff/MinkowskiEngine/src/kernel_region.hpp(430): warning #20014-D: calling a __host__ function from a __host__ __device__ function is not allowed
                    other.device_dilation(), other.volume(),
                                         ^
          detected during:
            instantiation of "minkowski::gpu_kernel_region<coordinate_type>::gpu_kernel_region(const minkowski::cpu_kernel_region<coordinate_type> &) [with coordinate_type=int32_t]" at line 627 of /home/ez48awud/Documents/implementations/LiDiff/MinkowskiEngine/src/coordinate_map_gpu.cu
            instantiation of "minkowski::CoordinateMapGPU<coordinate_type, TemplatedAllocator>::self_type minkowski::CoordinateMapGPU<coordinate_type, TemplatedAllocator>::stride_region(minkowski::cpu_kernel_region<coordinate_type> &, const minkowski::CoordinateMapGPU<coordinate_type, TemplatedAllocator>::stride_type &) const [with coordinate_type=int32_t, TemplatedAllocator=minkowski::detail::default_allocator]" at line 2462 of /home/ez48awud/Documents/implementations/LiDiff/MinkowskiEngine/src/coordinate_map_gpu.cu

/home/ez48awud/Documents/implementations/LiDiff/MinkowskiEngine/src/kernel_region.hpp(431): warning #20014-D: calling a __host__ function from a __host__ __device__ function is not allowed
                    other.device_offset(), other.num_offset(),
                                       ^
          detected during:
            instantiation of "minkowski::gpu_kernel_region<coordinate_type>::gpu_kernel_region(const minkowski::cpu_kernel_region<coordinate_type> &) [with coordinate_type=int32_t]" at line 627 of /home/ez48awud/Documents/implementations/LiDiff/MinkowskiEngine/src/coordinate_map_gpu.cu
            instantiation of "minkowski::CoordinateMapGPU<coordinate_type, TemplatedAllocator>::self_type minkowski::CoordinateMapGPU<coordinate_type, TemplatedAllocator>::stride_region(minkowski::cpu_kernel_region<coordinate_type> &, const minkowski::CoordinateMapGPU<coordinate_type, TemplatedAllocator>::stride_type &) const [with coordinate_type=int32_t, TemplatedAllocator=minkowski::detail::default_allocator]" at line 2462 of /home/ez48awud/Documents/implementations/LiDiff/MinkowskiEngine/src/coordinate_map_gpu.cu

/home/ez48awud/Documents/implementations/LiDiff/MinkowskiEngine/src/kernel_region.hpp(429): warning #20011-D: calling a __host__ function("minkowski::cpu_kernel_region<int> ::device_tensor_stride() const") from a __host__ __device__ function("minkowski::gpu_kernel_region<int> ::gpu_kernel_region") is not allowed

/home/ez48awud/Documents/implementations/LiDiff/MinkowskiEngine/src/kernel_region.hpp(429): warning #20011-D: calling a __host__ function("minkowski::cpu_kernel_region<int> ::device_kernel_size() const") from a __host__ __device__ function("minkowski::gpu_kernel_region<int> ::gpu_kernel_region") is not allowed

/home/ez48awud/Documents/implementations/LiDiff/MinkowskiEngine/src/kernel_region.hpp(430): warning #20011-D: calling a __host__ function("minkowski::cpu_kernel_region<int> ::device_dilation() const") from a __host__ __device__ function("minkowski::gpu_kernel_region<int> ::gpu_kernel_region") is not allowed

/home/ez48awud/Documents/implementations/LiDiff/MinkowskiEngine/src/kernel_region.hpp(431): warning #20011-D: calling a __host__ function("minkowski::cpu_kernel_region<int> ::device_offset() const") from a __host__ __device__ function("minkowski::gpu_kernel_region<int> ::gpu_kernel_region") is not allowed

/home/ez48awud/Documents/implementations/LiDiff/MinkowskiEngine/src/utils.hpp:206:38: warning: 'template<class _Category, class _Tp, class _Distance, class _Pointer, class _Reference> struct std::iterator' is deprecated [-Wdeprecated-declarations]
  206 |   class iterator
      |                                      ^       
/home/ez48awud/miniconda3/envs/lidiff_hpc/lib/gcc/x86_64-conda-linux-gnu/13.2.0/include/c++/bits/stl_iterator_base_types.h:127:27: note: declared here
  127 |     struct _GLIBCXX17_DEPRECATED iterator
      |                           ^~~~~~~~
[11/21] /home/ez48awud/miniconda3/envs/lidiff_hpc/bin/x86_64-conda-linux-gnu-c++ -MMD -MF /home/ez48awud/Documents/implementations/LiDiff/MinkowskiEngine/build/temp.linux-x86_64-cpython-310/home/ez48awud/Documents/implementations/LiDiff/MinkowskiEngine/src/math_functions_cpu.o.d -march=nocona -mtune=haswell -ftree-vectorize -fPIC -fstack-protector-strong -fno-plt -O2 -ffunction-sections -pipe -isystem /home/ez48awud/miniconda3/envs/lidiff_hpc/include -I/home/ez48awud/miniconda3/envs/lidiff_hpc/targets/x86_64-linux/include -I/home/ez48awud/miniconda3/envs/lidiff_hpc/targets/x86_64-linux/include/cccl -DNDEBUG -D_FORTIFY_SOURCE=2 -O2 -isystem /home/ez48awud/miniconda3/envs/lidiff_hpc/include -I/home/ez48awud/miniconda3/envs/lidiff_hpc/targets/x86_64-linux/include -I/home/ez48awud/miniconda3/envs/lidiff_hpc/targets/x86_64-linux/include/cccl -fPIC -DNVTX_DISABLE -I/home/ez48awud/miniconda3/envs/lidiff_hpc/lib/python3.10/site-packages/torch/include -I/home/ez48awud/miniconda3/envs/lidiff_hpc/lib/python3.10/site-packages/torch/include/torch/csrc/api/include -I/home/ez48awud/miniconda3/envs/lidiff_hpc/include -I/home/ez48awud/Documents/implementations/LiDiff/MinkowskiEngine/src -I/home/ez48awud/Documents/implementations/LiDiff/MinkowskiEngine/src/3rdparty -I/home/ez48awud/miniconda3/envs/lidiff_hpc/include/python3.10 -c -c /home/ez48awud/Documents/implementations/LiDiff/MinkowskiEngine/src/math_functions_cpu.cpp -o /home/ez48awud/Documents/implementations/LiDiff/MinkowskiEngine/build/temp.linux-x86_64-cpython-310/home/ez48awud/Documents/implementations/LiDiff/MinkowskiEngine/src/math_functions_cpu.o -fopenmp -O3 -fdiagnostics-color=always -DTORCH_API_INCLUDE_EXTENSION_H -DTORCH_EXTENSION_NAME=_C -std=c++17
[12/21] /home/ez48awud/miniconda3/envs/lidiff_hpc/bin/nvcc --generate-dependencies-with-compile --dependency-output /home/ez48awud/Documents/implementations/LiDiff/MinkowskiEngine/build/temp.linux-x86_64-cpython-310/home/ez48awud/Documents/implementations/LiDiff/MinkowskiEngine/src/interpolation_gpu.o.d -DNVTX_DISABLE -I/home/ez48awud/miniconda3/envs/lidiff_hpc/lib/python3.10/site-packages/torch/include -I/home/ez48awud/miniconda3/envs/lidiff_hpc/lib/python3.10/site-packages/torch/include/torch/csrc/api/include -I/home/ez48awud/miniconda3/envs/lidiff_hpc/include -I/home/ez48awud/Documents/implementations/LiDiff/MinkowskiEngine/src -I/home/ez48awud/Documents/implementations/LiDiff/MinkowskiEngine/src/3rdparty -I/home/ez48awud/miniconda3/envs/lidiff_hpc/include/python3.10 -c -c /home/ez48awud/Documents/implementations/LiDiff/MinkowskiEngine/src/interpolation_gpu.cu -o /home/ez48awud/Documents/implementations/LiDiff/MinkowskiEngine/build/temp.linux-x86_64-cpython-310/home/ez48awud/Documents/implementations/LiDiff/MinkowskiEngine/src/interpolation_gpu.o -D__CUDA_NO_HALF_OPERATORS__ -D__CUDA_NO_HALF_CONVERSIONS__ -D__CUDA_NO_BFLOAT16_CONVERSIONS__ -D__CUDA_NO_HALF2_OPERATORS__ --expt-relaxed-constexpr --compiler-options ''"'"'-fPIC'"'"'' --expt-relaxed-constexpr --expt-extended-lambda -O3 -Xcompiler=-fno-gnu-unique -Xcompiler -fdiagnostics-color=always -DTORCH_API_INCLUDE_EXTENSION_H -DTORCH_EXTENSION_NAME=_C -gencode=arch=compute_100,code=sm_100 -gencode=arch=compute_103,code=sm_103 -gencode=arch=compute_110,code=sm_110 -gencode=arch=compute_120,code=sm_120 -gencode=arch=compute_121,code=compute_121 -gencode=arch=compute_121,code=sm_121 -gencode=arch=compute_75,code=sm_75 -gencode=arch=compute_80,code=sm_80 -gencode=arch=compute_86,code=sm_86 -gencode=arch=compute_89,code=sm_89 -gencode=arch=compute_90,code=sm_90 -ccbin /home/ez48awud/miniconda3/envs/lidiff_hpc/bin/x86_64-conda-linux-gnu-c++ -std=c++17
/home/ez48awud/Documents/implementations/LiDiff/MinkowskiEngine/src/utils.hpp:206:38: warning: 'template<class _Category, class _Tp, class _Distance, class _Pointer, class _Reference> struct std::iterator' is deprecated [-Wdeprecated-declarations]
  206 |   class iterator
      |                                      ^       
/home/ez48awud/miniconda3/envs/lidiff_hpc/lib/gcc/x86_64-conda-linux-gnu/13.2.0/include/c++/bits/stl_iterator_base_types.h:127:27: note: declared here
  127 |     struct _GLIBCXX17_DEPRECATED iterator
      |                           ^~~~~~~~
[13/21] /home/ez48awud/miniconda3/envs/lidiff_hpc/bin/nvcc --generate-dependencies-with-compile --dependency-output /home/ez48awud/Documents/implementations/LiDiff/MinkowskiEngine/build/temp.linux-x86_64-cpython-310/home/ez48awud/Documents/implementations/LiDiff/MinkowskiEngine/src/local_pooling_gpu.o.d -DNVTX_DISABLE -I/home/ez48awud/miniconda3/envs/lidiff_hpc/lib/python3.10/site-packages/torch/include -I/home/ez48awud/miniconda3/envs/lidiff_hpc/lib/python3.10/site-packages/torch/include/torch/csrc/api/include -I/home/ez48awud/miniconda3/envs/lidiff_hpc/include -I/home/ez48awud/Documents/implementations/LiDiff/MinkowskiEngine/src -I/home/ez48awud/Documents/implementations/LiDiff/MinkowskiEngine/src/3rdparty -I/home/ez48awud/miniconda3/envs/lidiff_hpc/include/python3.10 -c -c /home/ez48awud/Documents/implementations/LiDiff/MinkowskiEngine/src/local_pooling_gpu.cu -o /home/ez48awud/Documents/implementations/LiDiff/MinkowskiEngine/build/temp.linux-x86_64-cpython-310/home/ez48awud/Documents/implementations/LiDiff/MinkowskiEngine/src/local_pooling_gpu.o -D__CUDA_NO_HALF_OPERATORS__ -D__CUDA_NO_HALF_CONVERSIONS__ -D__CUDA_NO_BFLOAT16_CONVERSIONS__ -D__CUDA_NO_HALF2_OPERATORS__ --expt-relaxed-constexpr --compiler-options ''"'"'-fPIC'"'"'' --expt-relaxed-constexpr --expt-extended-lambda -O3 -Xcompiler=-fno-gnu-unique -Xcompiler -fdiagnostics-color=always -DTORCH_API_INCLUDE_EXTENSION_H -DTORCH_EXTENSION_NAME=_C -gencode=arch=compute_100,code=sm_100 -gencode=arch=compute_103,code=sm_103 -gencode=arch=compute_110,code=sm_110 -gencode=arch=compute_120,code=sm_120 -gencode=arch=compute_121,code=compute_121 -gencode=arch=compute_121,code=sm_121 -gencode=arch=compute_75,code=sm_75 -gencode=arch=compute_80,code=sm_80 -gencode=arch=compute_86,code=sm_86 -gencode=arch=compute_89,code=sm_89 -gencode=arch=compute_90,code=sm_90 -ccbin /home/ez48awud/miniconda3/envs/lidiff_hpc/bin/x86_64-conda-linux-gnu-c++ -std=c++17
/home/ez48awud/Documents/implementations/LiDiff/MinkowskiEngine/src/utils.hpp:206:38: warning: 'template<class _Category, class _Tp, class _Distance, class _Pointer, class _Reference> struct std::iterator' is deprecated [-Wdeprecated-declarations]
  206 |   class iterator
      |                                      ^       
/home/ez48awud/miniconda3/envs/lidiff_hpc/lib/gcc/x86_64-conda-linux-gnu/13.2.0/include/c++/bits/stl_iterator_base_types.h:127:27: note: declared here
  127 |     struct _GLIBCXX17_DEPRECATED iterator
      |                           ^~~~~~~~
[14/21] /home/ez48awud/miniconda3/envs/lidiff_hpc/bin/nvcc --generate-dependencies-with-compile --dependency-output /home/ez48awud/Documents/implementations/LiDiff/MinkowskiEngine/build/temp.linux-x86_64-cpython-310/home/ez48awud/Documents/implementations/LiDiff/MinkowskiEngine/src/local_pooling_transpose_gpu.o.d -DNVTX_DISABLE -I/home/ez48awud/miniconda3/envs/lidiff_hpc/lib/python3.10/site-packages/torch/include -I/home/ez48awud/miniconda3/envs/lidiff_hpc/lib/python3.10/site-packages/torch/include/torch/csrc/api/include -I/home/ez48awud/miniconda3/envs/lidiff_hpc/include -I/home/ez48awud/Documents/implementations/LiDiff/MinkowskiEngine/src -I/home/ez48awud/Documents/implementations/LiDiff/MinkowskiEngine/src/3rdparty -I/home/ez48awud/miniconda3/envs/lidiff_hpc/include/python3.10 -c -c /home/ez48awud/Documents/implementations/LiDiff/MinkowskiEngine/src/local_pooling_transpose_gpu.cu -o /home/ez48awud/Documents/implementations/LiDiff/MinkowskiEngine/build/temp.linux-x86_64-cpython-310/home/ez48awud/Documents/implementations/LiDiff/MinkowskiEngine/src/local_pooling_transpose_gpu.o -D__CUDA_NO_HALF_OPERATORS__ -D__CUDA_NO_HALF_CONVERSIONS__ -D__CUDA_NO_BFLOAT16_CONVERSIONS__ -D__CUDA_NO_HALF2_OPERATORS__ --expt-relaxed-constexpr --compiler-options ''"'"'-fPIC'"'"'' --expt-relaxed-constexpr --expt-extended-lambda -O3 -Xcompiler=-fno-gnu-unique -Xcompiler -fdiagnostics-color=always -DTORCH_API_INCLUDE_EXTENSION_H -DTORCH_EXTENSION_NAME=_C -gencode=arch=compute_100,code=sm_100 -gencode=arch=compute_103,code=sm_103 -gencode=arch=compute_110,code=sm_110 -gencode=arch=compute_120,code=sm_120 -gencode=arch=compute_121,code=compute_121 -gencode=arch=compute_121,code=sm_121 -gencode=arch=compute_75,code=sm_75 -gencode=arch=compute_80,code=sm_80 -gencode=arch=compute_86,code=sm_86 -gencode=arch=compute_89,code=sm_89 -gencode=arch=compute_90,code=sm_90 -ccbin /home/ez48awud/miniconda3/envs/lidiff_hpc/bin/x86_64-conda-linux-gnu-c++ -std=c++17
/home/ez48awud/Documents/implementations/LiDiff/MinkowskiEngine/src/utils.hpp:206:38: warning: 'template<class _Category, class _Tp, class _Distance, class _Pointer, class _Reference> struct std::iterator' is deprecated [-Wdeprecated-declarations]
  206 |   class iterator
      |                                      ^       
/home/ez48awud/miniconda3/envs/lidiff_hpc/lib/gcc/x86_64-conda-linux-gnu/13.2.0/include/c++/bits/stl_iterator_base_types.h:127:27: note: declared here
  127 |     struct _GLIBCXX17_DEPRECATED iterator
      |                           ^~~~~~~~
[15/21] /home/ez48awud/miniconda3/envs/lidiff_hpc/bin/nvcc --generate-dependencies-with-compile --dependency-output /home/ez48awud/Documents/implementations/LiDiff/MinkowskiEngine/build/temp.linux-x86_64-cpython-310/home/ez48awud/Documents/implementations/LiDiff/MinkowskiEngine/src/math_functions_gpu.o.d -DNVTX_DISABLE -I/home/ez48awud/miniconda3/envs/lidiff_hpc/lib/python3.10/site-packages/torch/include -I/home/ez48awud/miniconda3/envs/lidiff_hpc/lib/python3.10/site-packages/torch/include/torch/csrc/api/include -I/home/ez48awud/miniconda3/envs/lidiff_hpc/include -I/home/ez48awud/Documents/implementations/LiDiff/MinkowskiEngine/src -I/home/ez48awud/Documents/implementations/LiDiff/MinkowskiEngine/src/3rdparty -I/home/ez48awud/miniconda3/envs/lidiff_hpc/include/python3.10 -c -c /home/ez48awud/Documents/implementations/LiDiff/MinkowskiEngine/src/math_functions_gpu.cu -o /home/ez48awud/Documents/implementations/LiDiff/MinkowskiEngine/build/temp.linux-x86_64-cpython-310/home/ez48awud/Documents/implementations/LiDiff/MinkowskiEngine/src/math_functions_gpu.o -D__CUDA_NO_HALF_OPERATORS__ -D__CUDA_NO_HALF_CONVERSIONS__ -D__CUDA_NO_BFLOAT16_CONVERSIONS__ -D__CUDA_NO_HALF2_OPERATORS__ --expt-relaxed-constexpr --compiler-options ''"'"'-fPIC'"'"'' --expt-relaxed-constexpr --expt-extended-lambda -O3 -Xcompiler=-fno-gnu-unique -Xcompiler -fdiagnostics-color=always -DTORCH_API_INCLUDE_EXTENSION_H -DTORCH_EXTENSION_NAME=_C -gencode=arch=compute_100,code=sm_100 -gencode=arch=compute_103,code=sm_103 -gencode=arch=compute_110,code=sm_110 -gencode=arch=compute_120,code=sm_120 -gencode=arch=compute_121,code=compute_121 -gencode=arch=compute_121,code=sm_121 -gencode=arch=compute_75,code=sm_75 -gencode=arch=compute_80,code=sm_80 -gencode=arch=compute_86,code=sm_86 -gencode=arch=compute_89,code=sm_89 -gencode=arch=compute_90,code=sm_90 -ccbin /home/ez48awud/miniconda3/envs/lidiff_hpc/bin/x86_64-conda-linux-gnu-c++ -std=c++17
/home/ez48awud/Documents/implementations/LiDiff/MinkowskiEngine/src/utils.hpp:206:38: warning: 'template<class _Category, class _Tp, class _Distance, class _Pointer, class _Reference> struct std::iterator' is deprecated [-Wdeprecated-declarations]
  206 |   class iterator
      |                                      ^       
/home/ez48awud/miniconda3/envs/lidiff_hpc/lib/gcc/x86_64-conda-linux-gnu/13.2.0/include/c++/bits/stl_iterator_base_types.h:127:27: note: declared here
  127 |     struct _GLIBCXX17_DEPRECATED iterator
      |                           ^~~~~~~~
/home/ez48awud/Documents/implementations/LiDiff/MinkowskiEngine/src/math_functions_gpu.cu: In function 'void minkowski::sort_coo_gpu(cusparseHandle_t, int, int, int, int*, int*, allocator_type&)':
/home/ez48awud/Documents/implementations/LiDiff/MinkowskiEngine/src/math_functions_gpu.cu:181:69: warning: 'cusparseStatus_t cusparseCreateIdentityPermutation(cusparseHandle_t, int, int*)' is deprecated: The routine will be removed in the next major release [-Wdeprecated-declarations]
  181 |   CUSPARSE_CHECK(cusparseCreateIdentityPermutation(handle, nnz, P));
      |                                    ~~~~~~~~~~~~~~~~~~~~~~~~~~~~~~~~~^               
/home/ez48awud/miniconda3/envs/lidiff_hpc/bin/../targets/x86_64-linux/include/cusparse.h:4099:1: note: declared here
 4099 | cusparseCreateIdentityPermutation(cusparseHandle_t handle,
      | ^~~~~~~~~~~~~~~~~~~~~~~~~~~~~~~~~
/home/ez48awud/Documents/implementations/LiDiff/MinkowskiEngine/src/math_functions_gpu.cu: In instantiation of 'void minkowski::sort_coo_gpu(cusparseHandle_t, int, int, int, int*, int*, allocator_type&) [with allocator_type = detail::default_allocator<char>; cusparseHandle_t = cusparseContext*]':
/home/ez48awud/Documents/implementations/LiDiff/MinkowskiEngine/src/math_functions_gpu.cu:189:210:   required from here
/home/ez48awud/Documents/implementations/LiDiff/MinkowskiEngine/src/math_functions_gpu.cu:181:69: warning: 'cusparseStatus_t cusparseCreateIdentityPermutation(cusparseHandle_t, int, int*)' is deprecated: The routine will be removed in the next major release [-Wdeprecated-declarations]
  181 |   CUSPARSE_CHECK(cusparseCreateIdentityPermutation(handle, nnz, P));
      |                                    ~~~~~~~~~~~~~~~~~~~~~~~~~~~~~~~~~^               
/home/ez48awud/miniconda3/envs/lidiff_hpc/bin/../targets/x86_64-linux/include/cusparse.h:4099:1: note: declared here
 4099 | cusparseCreateIdentityPermutation(cusparseHandle_t handle,
      | ^~~~~~~~~~~~~~~~~~~~~~~~~~~~~~~~~
/home/ez48awud/Documents/implementations/LiDiff/MinkowskiEngine/src/math_functions_gpu.cu:181:69: warning: 'cusparseStatus_t cusparseCreateIdentityPermutation(cusparseHandle_t, int, int*)' is deprecated: The routine will be removed in the next major release [-Wdeprecated-declarations]
  181 |   CUSPARSE_CHECK(cusparseCreateIdentityPermutation(handle, nnz, P));
      |                                    ~~~~~~~~~~~~~~~~~~~~~~~~~~~~~~~~~^               
/home/ez48awud/miniconda3/envs/lidiff_hpc/bin/../targets/x86_64-linux/include/cusparse.h:4099:1: note: declared here
 4099 | cusparseCreateIdentityPermutation(cusparseHandle_t handle,
      | ^~~~~~~~~~~~~~~~~~~~~~~~~~~~~~~~~
/home/ez48awud/Documents/implementations/LiDiff/MinkowskiEngine/src/math_functions_gpu.cu: In instantiation of 'void minkowski::sort_coo_gpu(cusparseHandle_t, int, int, int, int*, int*, allocator_type&) [with allocator_type = detail::c10_allocator<char>; cusparseHandle_t = cusparseContext*]':
/home/ez48awud/Documents/implementations/LiDiff/MinkowskiEngine/src/math_functions_gpu.cu:193:202:   required from here
/home/ez48awud/Documents/implementations/LiDiff/MinkowskiEngine/src/math_functions_gpu.cu:181:69: warning: 'cusparseStatus_t cusparseCreateIdentityPermutation(cusparseHandle_t, int, int*)' is deprecated: The routine will be removed in the next major release [-Wdeprecated-declarations]
  181 |   CUSPARSE_CHECK(cusparseCreateIdentityPermutation(handle, nnz, P));
      |                                    ~~~~~~~~~~~~~~~~~~~~~~~~~~~~~~~~~^               
/home/ez48awud/miniconda3/envs/lidiff_hpc/bin/../targets/x86_64-linux/include/cusparse.h:4099:1: note: declared here
 4099 | cusparseCreateIdentityPermutation(cusparseHandle_t handle,
      | ^~~~~~~~~~~~~~~~~~~~~~~~~~~~~~~~~
/home/ez48awud/Documents/implementations/LiDiff/MinkowskiEngine/src/math_functions_gpu.cu:181:69: warning: 'cusparseStatus_t cusparseCreateIdentityPermutation(cusparseHandle_t, int, int*)' is deprecated: The routine will be removed in the next major release [-Wdeprecated-declarations]
  181 |   CUSPARSE_CHECK(cusparseCreateIdentityPermutation(handle, nnz, P));
      |                                    ~~~~~~~~~~~~~~~~~~~~~~~~~~~~~~~~~^               
/home/ez48awud/miniconda3/envs/lidiff_hpc/bin/../targets/x86_64-linux/include/cusparse.h:4099:1: note: declared here
 4099 | cusparseCreateIdentityPermutation(cusparseHandle_t handle,
      | ^~~~~~~~~~~~~~~~~~~~~~~~~~~~~~~~~
[16/21] /home/ez48awud/miniconda3/envs/lidiff_hpc/bin/x86_64-conda-linux-gnu-c++ -MMD -MF /home/ez48awud/Documents/implementations/LiDiff/MinkowskiEngine/build/temp.linux-x86_64-cpython-310/home/ez48awud/Documents/implementations/LiDiff/MinkowskiEngine/src/quantization.o.d -march=nocona -mtune=haswell -ftree-vectorize -fPIC -fstack-protector-strong -fno-plt -O2 -ffunction-sections -pipe -isystem /home/ez48awud/miniconda3/envs/lidiff_hpc/include -I/home/ez48awud/miniconda3/envs/lidiff_hpc/targets/x86_64-linux/include -I/home/ez48awud/miniconda3/envs/lidiff_hpc/targets/x86_64-linux/include/cccl -DNDEBUG -D_FORTIFY_SOURCE=2 -O2 -isystem /home/ez48awud/miniconda3/envs/lidiff_hpc/include -I/home/ez48awud/miniconda3/envs/lidiff_hpc/targets/x86_64-linux/include -I/home/ez48awud/miniconda3/envs/lidiff_hpc/targets/x86_64-linux/include/cccl -fPIC -DNVTX_DISABLE -I/home/ez48awud/miniconda3/envs/lidiff_hpc/lib/python3.10/site-packages/torch/include -I/home/ez48awud/miniconda3/envs/lidiff_hpc/lib/python3.10/site-packages/torch/include/torch/csrc/api/include -I/home/ez48awud/miniconda3/envs/lidiff_hpc/include -I/home/ez48awud/Documents/implementations/LiDiff/MinkowskiEngine/src -I/home/ez48awud/Documents/implementations/LiDiff/MinkowskiEngine/src/3rdparty -I/home/ez48awud/miniconda3/envs/lidiff_hpc/include/python3.10 -c -c /home/ez48awud/Documents/implementations/LiDiff/MinkowskiEngine/src/quantization.cpp -o /home/ez48awud/Documents/implementations/LiDiff/MinkowskiEngine/build/temp.linux-x86_64-cpython-310/home/ez48awud/Documents/implementations/LiDiff/MinkowskiEngine/src/quantization.o -fopenmp -O3 -fdiagnostics-color=always -DTORCH_API_INCLUDE_EXTENSION_H -DTORCH_EXTENSION_NAME=_C -std=c++17
In file included from /home/ez48awud/Documents/implementations/LiDiff/MinkowskiEngine/src/allocators.cuh:39,
                 from /home/ez48awud/Documents/implementations/LiDiff/MinkowskiEngine/src/kernel_region.hpp:40,
                 from /home/ez48awud/Documents/implementations/LiDiff/MinkowskiEngine/src/coordinate_map.hpp:30,
                 from /home/ez48awud/Documents/implementations/LiDiff/MinkowskiEngine/src/coordinate_map_cpu.hpp:28,
                 from /home/ez48awud/Documents/implementations/LiDiff/MinkowskiEngine/src/quantization.cpp:32:
/home/ez48awud/Documents/implementations/LiDiff/MinkowskiEngine/src/gpu.cuh:149: warning: "THRUST_CHECK" redefined
  149 | #define THRUST_CHECK(condition)                                                \
      | 
In file included from /home/ez48awud/Documents/implementations/LiDiff/MinkowskiEngine/src/coordinate.hpp:30,
                 from /home/ez48awud/Documents/implementations/LiDiff/MinkowskiEngine/src/coordinate_map.hpp:29:
/home/ez48awud/Documents/implementations/LiDiff/MinkowskiEngine/src/utils.hpp:169: note: this is the location of the previous definition
  169 | #define THRUST_CHECK(condition) condition;
      | 
/home/ez48awud/Documents/implementations/LiDiff/MinkowskiEngine/src/utils.hpp:207:21: warning: 'template<class _Category, class _Tp, class _Distance, class _Pointer, class _Reference> struct std::iterator' is deprecated [-Wdeprecated-declarations]
  207 |       : public std::iterator<std::input_iterator_tag, // iterator_category
      |                     ^~~~~~~~
In file included from /home/ez48awud/miniconda3/envs/lidiff_hpc/lib/gcc/x86_64-conda-linux-gnu/13.2.0/include/c++/bits/stl_algobase.h:65,
                 from /home/ez48awud/miniconda3/envs/lidiff_hpc/lib/gcc/x86_64-conda-linux-gnu/13.2.0/include/c++/algorithm:60,
                 from /home/ez48awud/Documents/implementations/LiDiff/MinkowskiEngine/src/quantization.cpp:26:
/home/ez48awud/miniconda3/envs/lidiff_hpc/lib/gcc/x86_64-conda-linux-gnu/13.2.0/include/c++/bits/stl_iterator_base_types.h:127:34: note: declared here
  127 |     struct _GLIBCXX17_DEPRECATED iterator
      |                                  ^~~~~~~~
[17/21] /home/ez48awud/miniconda3/envs/lidiff_hpc/bin/nvcc --generate-dependencies-with-compile --dependency-output /home/ez48awud/Documents/implementations/LiDiff/MinkowskiEngine/build/temp.linux-x86_64-cpython-310/home/ez48awud/Documents/implementations/LiDiff/MinkowskiEngine/src/pooling_avg_kernel.o.d -DNVTX_DISABLE -I/home/ez48awud/miniconda3/envs/lidiff_hpc/lib/python3.10/site-packages/torch/include -I/home/ez48awud/miniconda3/envs/lidiff_hpc/lib/python3.10/site-packages/torch/include/torch/csrc/api/include -I/home/ez48awud/miniconda3/envs/lidiff_hpc/include -I/home/ez48awud/Documents/implementations/LiDiff/MinkowskiEngine/src -I/home/ez48awud/Documents/implementations/LiDiff/MinkowskiEngine/src/3rdparty -I/home/ez48awud/miniconda3/envs/lidiff_hpc/include/python3.10 -c -c /home/ez48awud/Documents/implementations/LiDiff/MinkowskiEngine/src/pooling_avg_kernel.cu -o /home/ez48awud/Documents/implementations/LiDiff/MinkowskiEngine/build/temp.linux-x86_64-cpython-310/home/ez48awud/Documents/implementations/LiDiff/MinkowskiEngine/src/pooling_avg_kernel.o -D__CUDA_NO_HALF_OPERATORS__ -D__CUDA_NO_HALF_CONVERSIONS__ -D__CUDA_NO_BFLOAT16_CONVERSIONS__ -D__CUDA_NO_HALF2_OPERATORS__ --expt-relaxed-constexpr --compiler-options ''"'"'-fPIC'"'"'' --expt-relaxed-constexpr --expt-extended-lambda -O3 -Xcompiler=-fno-gnu-unique -Xcompiler -fdiagnostics-color=always -DTORCH_API_INCLUDE_EXTENSION_H -DTORCH_EXTENSION_NAME=_C -gencode=arch=compute_100,code=sm_100 -gencode=arch=compute_103,code=sm_103 -gencode=arch=compute_110,code=sm_110 -gencode=arch=compute_120,code=sm_120 -gencode=arch=compute_121,code=compute_121 -gencode=arch=compute_121,code=sm_121 -gencode=arch=compute_75,code=sm_75 -gencode=arch=compute_80,code=sm_80 -gencode=arch=compute_86,code=sm_86 -gencode=arch=compute_89,code=sm_89 -gencode=arch=compute_90,code=sm_90 -ccbin /home/ez48awud/miniconda3/envs/lidiff_hpc/bin/x86_64-conda-linux-gnu-c++ -std=c++17
/home/ez48awud/Documents/implementations/LiDiff/MinkowskiEngine/src/utils.hpp:206:38: warning: 'template<class _Category, class _Tp, class _Distance, class _Pointer, class _Reference> struct std::iterator' is deprecated [-Wdeprecated-declarations]
  206 |   class iterator
      |                                      ^       
/home/ez48awud/miniconda3/envs/lidiff_hpc/lib/gcc/x86_64-conda-linux-gnu/13.2.0/include/c++/bits/stl_iterator_base_types.h:127:27: note: declared here
  127 |     struct _GLIBCXX17_DEPRECATED iterator
      |                           ^~~~~~~~
[18/21] /home/ez48awud/miniconda3/envs/lidiff_hpc/bin/nvcc --generate-dependencies-with-compile --dependency-output /home/ez48awud/Documents/implementations/LiDiff/MinkowskiEngine/build/temp.linux-x86_64-cpython-310/home/ez48awud/Documents/implementations/LiDiff/MinkowskiEngine/src/pooling_max_kernel.o.d -DNVTX_DISABLE -I/home/ez48awud/miniconda3/envs/lidiff_hpc/lib/python3.10/site-packages/torch/include -I/home/ez48awud/miniconda3/envs/lidiff_hpc/lib/python3.10/site-packages/torch/include/torch/csrc/api/include -I/home/ez48awud/miniconda3/envs/lidiff_hpc/include -I/home/ez48awud/Documents/implementations/LiDiff/MinkowskiEngine/src -I/home/ez48awud/Documents/implementations/LiDiff/MinkowskiEngine/src/3rdparty -I/home/ez48awud/miniconda3/envs/lidiff_hpc/include/python3.10 -c -c /home/ez48awud/Documents/implementations/LiDiff/MinkowskiEngine/src/pooling_max_kernel.cu -o /home/ez48awud/Documents/implementations/LiDiff/MinkowskiEngine/build/temp.linux-x86_64-cpython-310/home/ez48awud/Documents/implementations/LiDiff/MinkowskiEngine/src/pooling_max_kernel.o -D__CUDA_NO_HALF_OPERATORS__ -D__CUDA_NO_HALF_CONVERSIONS__ -D__CUDA_NO_BFLOAT16_CONVERSIONS__ -D__CUDA_NO_HALF2_OPERATORS__ --expt-relaxed-constexpr --compiler-options ''"'"'-fPIC'"'"'' --expt-relaxed-constexpr --expt-extended-lambda -O3 -Xcompiler=-fno-gnu-unique -Xcompiler -fdiagnostics-color=always -DTORCH_API_INCLUDE_EXTENSION_H -DTORCH_EXTENSION_NAME=_C -gencode=arch=compute_100,code=sm_100 -gencode=arch=compute_103,code=sm_103 -gencode=arch=compute_110,code=sm_110 -gencode=arch=compute_120,code=sm_120 -gencode=arch=compute_121,code=compute_121 -gencode=arch=compute_121,code=sm_121 -gencode=arch=compute_75,code=sm_75 -gencode=arch=compute_80,code=sm_80 -gencode=arch=compute_86,code=sm_86 -gencode=arch=compute_89,code=sm_89 -gencode=arch=compute_90,code=sm_90 -ccbin /home/ez48awud/miniconda3/envs/lidiff_hpc/bin/x86_64-conda-linux-gnu-c++ -std=c++17
/home/ez48awud/Documents/implementations/LiDiff/MinkowskiEngine/src/utils.hpp:206:38: warning: 'template<class _Category, class _Tp, class _Distance, class _Pointer, class _Reference> struct std::iterator' is deprecated [-Wdeprecated-declarations]
  206 |   class iterator
      |                                      ^       
/home/ez48awud/miniconda3/envs/lidiff_hpc/lib/gcc/x86_64-conda-linux-gnu/13.2.0/include/c++/bits/stl_iterator_base_types.h:127:27: note: declared here
  127 |     struct _GLIBCXX17_DEPRECATED iterator
      |                           ^~~~~~~~
[19/21] /home/ez48awud/miniconda3/envs/lidiff_hpc/bin/nvcc --generate-dependencies-with-compile --dependency-output /home/ez48awud/Documents/implementations/LiDiff/MinkowskiEngine/build/temp.linux-x86_64-cpython-310/home/ez48awud/Documents/implementations/LiDiff/MinkowskiEngine/src/pruning_gpu.o.d -DNVTX_DISABLE -I/home/ez48awud/miniconda3/envs/lidiff_hpc/lib/python3.10/site-packages/torch/include -I/home/ez48awud/miniconda3/envs/lidiff_hpc/lib/python3.10/site-packages/torch/include/torch/csrc/api/include -I/home/ez48awud/miniconda3/envs/lidiff_hpc/include -I/home/ez48awud/Documents/implementations/LiDiff/MinkowskiEngine/src -I/home/ez48awud/Documents/implementations/LiDiff/MinkowskiEngine/src/3rdparty -I/home/ez48awud/miniconda3/envs/lidiff_hpc/include/python3.10 -c -c /home/ez48awud/Documents/implementations/LiDiff/MinkowskiEngine/src/pruning_gpu.cu -o /home/ez48awud/Documents/implementations/LiDiff/MinkowskiEngine/build/temp.linux-x86_64-cpython-310/home/ez48awud/Documents/implementations/LiDiff/MinkowskiEngine/src/pruning_gpu.o -D__CUDA_NO_HALF_OPERATORS__ -D__CUDA_NO_HALF_CONVERSIONS__ -D__CUDA_NO_BFLOAT16_CONVERSIONS__ -D__CUDA_NO_HALF2_OPERATORS__ --expt-relaxed-constexpr --compiler-options ''"'"'-fPIC'"'"'' --expt-relaxed-constexpr --expt-extended-lambda -O3 -Xcompiler=-fno-gnu-unique -Xcompiler -fdiagnostics-color=always -DTORCH_API_INCLUDE_EXTENSION_H -DTORCH_EXTENSION_NAME=_C -gencode=arch=compute_100,code=sm_100 -gencode=arch=compute_103,code=sm_103 -gencode=arch=compute_110,code=sm_110 -gencode=arch=compute_120,code=sm_120 -gencode=arch=compute_121,code=compute_121 -gencode=arch=compute_121,code=sm_121 -gencode=arch=compute_75,code=sm_75 -gencode=arch=compute_80,code=sm_80 -gencode=arch=compute_86,code=sm_86 -gencode=arch=compute_89,code=sm_89 -gencode=arch=compute_90,code=sm_90 -ccbin /home/ez48awud/miniconda3/envs/lidiff_hpc/bin/x86_64-conda-linux-gnu-c++ -std=c++17
/home/ez48awud/Documents/implementations/LiDiff/MinkowskiEngine/src/utils.hpp:206:38: warning: 'template<class _Category, class _Tp, class _Distance, class _Pointer, class _Reference> struct std::iterator' is deprecated [-Wdeprecated-declarations]
  206 |   class iterator
      |                                      ^       
/home/ez48awud/miniconda3/envs/lidiff_hpc/lib/gcc/x86_64-conda-linux-gnu/13.2.0/include/c++/bits/stl_iterator_base_types.h:127:27: note: declared here
  127 |     struct _GLIBCXX17_DEPRECATED iterator
      |                           ^~~~~~~~
[20/21] /home/ez48awud/miniconda3/envs/lidiff_hpc/bin/nvcc --generate-dependencies-with-compile --dependency-output /home/ez48awud/Documents/implementations/LiDiff/MinkowskiEngine/build/temp.linux-x86_64-cpython-310/home/ez48awud/Documents/implementations/LiDiff/MinkowskiEngine/src/spmm.o.d -DNVTX_DISABLE -I/home/ez48awud/miniconda3/envs/lidiff_hpc/lib/python3.10/site-packages/torch/include -I/home/ez48awud/miniconda3/envs/lidiff_hpc/lib/python3.10/site-packages/torch/include/torch/csrc/api/include -I/home/ez48awud/miniconda3/envs/lidiff_hpc/include -I/home/ez48awud/Documents/implementations/LiDiff/MinkowskiEngine/src -I/home/ez48awud/Documents/implementations/LiDiff/MinkowskiEngine/src/3rdparty -I/home/ez48awud/miniconda3/envs/lidiff_hpc/include/python3.10 -c -c /home/ez48awud/Documents/implementations/LiDiff/MinkowskiEngine/src/spmm.cu -o /home/ez48awud/Documents/implementations/LiDiff/MinkowskiEngine/build/temp.linux-x86_64-cpython-310/home/ez48awud/Documents/implementations/LiDiff/MinkowskiEngine/src/spmm.o -D__CUDA_NO_HALF_OPERATORS__ -D__CUDA_NO_HALF_CONVERSIONS__ -D__CUDA_NO_BFLOAT16_CONVERSIONS__ -D__CUDA_NO_HALF2_OPERATORS__ --expt-relaxed-constexpr --compiler-options ''"'"'-fPIC'"'"'' --expt-relaxed-constexpr --expt-extended-lambda -O3 -Xcompiler=-fno-gnu-unique -Xcompiler -fdiagnostics-color=always -DTORCH_API_INCLUDE_EXTENSION_H -DTORCH_EXTENSION_NAME=_C -gencode=arch=compute_100,code=sm_100 -gencode=arch=compute_103,code=sm_103 -gencode=arch=compute_110,code=sm_110 -gencode=arch=compute_120,code=sm_120 -gencode=arch=compute_121,code=compute_121 -gencode=arch=compute_121,code=sm_121 -gencode=arch=compute_75,code=sm_75 -gencode=arch=compute_80,code=sm_80 -gencode=arch=compute_86,code=sm_86 -gencode=arch=compute_89,code=sm_89 -gencode=arch=compute_90,code=sm_90 -ccbin /home/ez48awud/miniconda3/envs/lidiff_hpc/bin/x86_64-conda-linux-gnu-c++ -std=c++17
/home/ez48awud/Documents/implementations/LiDiff/MinkowskiEngine/src/spmm.cu(99): warning #177-D: variable "is_int64" was declared but never referenced
     constexpr bool is_int64 = std::is_same<th_int_type, int64_t>::value;
                    ^

Remark: The warnings can be suppressed with "-diag-suppress <warning-number>"

/home/ez48awud/Documents/implementations/LiDiff/MinkowskiEngine/src/spmm.cu(361): warning #177-D: variable "is_int64" was declared but never referenced
     constexpr bool is_int64 = std::is_same<th_int_type, int64_t>::value;
                    ^

/home/ez48awud/Documents/implementations/LiDiff/MinkowskiEngine/src/spmm.cu(99): warning #177-D: variable "is_int64" was declared but never referenced
     constexpr bool is_int64 = std::is_same<th_int_type, int64_t>::value;
                    ^

Remark: The warnings can be suppressed with "-diag-suppress <warning-number>"

/home/ez48awud/Documents/implementations/LiDiff/MinkowskiEngine/src/spmm.cu(361): warning #177-D: variable "is_int64" was declared but never referenced
     constexpr bool is_int64 = std::is_same<th_int_type, int64_t>::value;
                    ^

/home/ez48awud/Documents/implementations/LiDiff/MinkowskiEngine/src/spmm.cu(99): warning #177-D: variable "is_int64" was declared but never referenced
     constexpr bool is_int64 = std::is_same<th_int_type, int64_t>::value;
                    ^

Remark: The warnings can be suppressed with "-diag-suppress <warning-number>"

/home/ez48awud/Documents/implementations/LiDiff/MinkowskiEngine/src/spmm.cu(361): warning #177-D: variable "is_int64" was declared but never referenced
     constexpr bool is_int64 = std::is_same<th_int_type, int64_t>::value;
                    ^

/home/ez48awud/Documents/implementations/LiDiff/MinkowskiEngine/src/spmm.cu(99): warning #177-D: variable "is_int64" was declared but never referenced
     constexpr bool is_int64 = std::is_same<th_int_type, int64_t>::value;
                    ^

Remark: The warnings can be suppressed with "-diag-suppress <warning-number>"

/home/ez48awud/Documents/implementations/LiDiff/MinkowskiEngine/src/spmm.cu(361): warning #177-D: variable "is_int64" was declared but never referenced
     constexpr bool is_int64 = std::is_same<th_int_type, int64_t>::value;
                    ^

/home/ez48awud/Documents/implementations/LiDiff/MinkowskiEngine/src/spmm.cu(99): warning #177-D: variable "is_int64" was declared but never referenced
     constexpr bool is_int64 = std::is_same<th_int_type, int64_t>::value;
                    ^

Remark: The warnings can be suppressed with "-diag-suppress <warning-number>"

/home/ez48awud/Documents/implementations/LiDiff/MinkowskiEngine/src/spmm.cu(361): warning #177-D: variable "is_int64" was declared but never referenced
     constexpr bool is_int64 = std::is_same<th_int_type, int64_t>::value;
                    ^

/home/ez48awud/Documents/implementations/LiDiff/MinkowskiEngine/src/spmm.cu(99): warning #177-D: variable "is_int64" was declared but never referenced
     constexpr bool is_int64 = std::is_same<th_int_type, int64_t>::value;
                    ^

Remark: The warnings can be suppressed with "-diag-suppress <warning-number>"

/home/ez48awud/Documents/implementations/LiDiff/MinkowskiEngine/src/spmm.cu(361): warning #177-D: variable "is_int64" was declared but never referenced
     constexpr bool is_int64 = std::is_same<th_int_type, int64_t>::value;
                    ^

/home/ez48awud/Documents/implementations/LiDiff/MinkowskiEngine/src/spmm.cu(99): warning #177-D: variable "is_int64" was declared but never referenced
     constexpr bool is_int64 = std::is_same<th_int_type, int64_t>::value;
                    ^

Remark: The warnings can be suppressed with "-diag-suppress <warning-number>"

/home/ez48awud/Documents/implementations/LiDiff/MinkowskiEngine/src/spmm.cu(361): warning #177-D: variable "is_int64" was declared but never referenced
     constexpr bool is_int64 = std::is_same<th_int_type, int64_t>::value;
                    ^

/home/ez48awud/Documents/implementations/LiDiff/MinkowskiEngine/src/spmm.cu(99): warning #177-D: variable "is_int64" was declared but never referenced
     constexpr bool is_int64 = std::is_same<th_int_type, int64_t>::value;
                    ^

Remark: The warnings can be suppressed with "-diag-suppress <warning-number>"

/home/ez48awud/Documents/implementations/LiDiff/MinkowskiEngine/src/spmm.cu(361): warning #177-D: variable "is_int64" was declared but never referenced
     constexpr bool is_int64 = std::is_same<th_int_type, int64_t>::value;
                    ^

/home/ez48awud/Documents/implementations/LiDiff/MinkowskiEngine/src/spmm.cu(99): warning #177-D: variable "is_int64" was declared but never referenced
     constexpr bool is_int64 = std::is_same<th_int_type, int64_t>::value;
                    ^

Remark: The warnings can be suppressed with "-diag-suppress <warning-number>"

/home/ez48awud/Documents/implementations/LiDiff/MinkowskiEngine/src/spmm.cu(361): warning #177-D: variable "is_int64" was declared but never referenced
     constexpr bool is_int64 = std::is_same<th_int_type, int64_t>::value;
                    ^

/home/ez48awud/Documents/implementations/LiDiff/MinkowskiEngine/src/spmm.cu(99): warning #177-D: variable "is_int64" was declared but never referenced
     constexpr bool is_int64 = std::is_same<th_int_type, int64_t>::value;
                    ^

Remark: The warnings can be suppressed with "-diag-suppress <warning-number>"

/home/ez48awud/Documents/implementations/LiDiff/MinkowskiEngine/src/spmm.cu(361): warning #177-D: variable "is_int64" was declared but never referenced
     constexpr bool is_int64 = std::is_same<th_int_type, int64_t>::value;
                    ^

/home/ez48awud/Documents/implementations/LiDiff/MinkowskiEngine/src/utils.hpp:206:38: warning: 'template<class _Category, class _Tp, class _Distance, class _Pointer, class _Reference> struct std::iterator' is deprecated [-Wdeprecated-declarations]
  206 |   class iterator
      |                                      ^       
/home/ez48awud/miniconda3/envs/lidiff_hpc/lib/gcc/x86_64-conda-linux-gnu/13.2.0/include/c++/bits/stl_iterator_base_types.h:127:27: note: declared here
  127 |     struct _GLIBCXX17_DEPRECATED iterator
      |                           ^~~~~~~~
[21/21] /home/ez48awud/miniconda3/envs/lidiff_hpc/bin/nvcc --generate-dependencies-with-compile --dependency-output /home/ez48awud/Documents/implementations/LiDiff/MinkowskiEngine/build/temp.linux-x86_64-cpython-310/pybind/minkowski.o.d -DNVTX_DISABLE -I/home/ez48awud/miniconda3/envs/lidiff_hpc/lib/python3.10/site-packages/torch/include -I/home/ez48awud/miniconda3/envs/lidiff_hpc/lib/python3.10/site-packages/torch/include/torch/csrc/api/include -I/home/ez48awud/miniconda3/envs/lidiff_hpc/include -I/home/ez48awud/Documents/implementations/LiDiff/MinkowskiEngine/src -I/home/ez48awud/Documents/implementations/LiDiff/MinkowskiEngine/src/3rdparty -I/home/ez48awud/miniconda3/envs/lidiff_hpc/include/python3.10 -c -c /home/ez48awud/Documents/implementations/LiDiff/MinkowskiEngine/pybind/minkowski.cu -o /home/ez48awud/Documents/implementations/LiDiff/MinkowskiEngine/build/temp.linux-x86_64-cpython-310/pybind/minkowski.o -D__CUDA_NO_HALF_OPERATORS__ -D__CUDA_NO_HALF_CONVERSIONS__ -D__CUDA_NO_BFLOAT16_CONVERSIONS__ -D__CUDA_NO_HALF2_OPERATORS__ --expt-relaxed-constexpr --compiler-options ''"'"'-fPIC'"'"'' --expt-relaxed-constexpr --expt-extended-lambda -O3 -Xcompiler=-fno-gnu-unique -Xcompiler -fdiagnostics-color=always -DTORCH_API_INCLUDE_EXTENSION_H -DTORCH_EXTENSION_NAME=_C -gencode=arch=compute_100,code=sm_100 -gencode=arch=compute_103,code=sm_103 -gencode=arch=compute_110,code=sm_110 -gencode=arch=compute_120,code=sm_120 -gencode=arch=compute_121,code=compute_121 -gencode=arch=compute_121,code=sm_121 -gencode=arch=compute_75,code=sm_75 -gencode=arch=compute_80,code=sm_80 -gencode=arch=compute_86,code=sm_86 -gencode=arch=compute_89,code=sm_89 -gencode=arch=compute_90,code=sm_90 -ccbin /home/ez48awud/miniconda3/envs/lidiff_hpc/bin/x86_64-conda-linux-gnu-c++ -std=c++17
/home/ez48awud/Documents/implementations/LiDiff/MinkowskiEngine/src/utils.hpp:206:38: warning: 'template<class _Category, class _Tp, class _Distance, class _Pointer, class _Reference> struct std::iterator' is deprecated [-Wdeprecated-declarations]
  206 |   class iterator
      |                                      ^       
/home/ez48awud/miniconda3/envs/lidiff_hpc/lib/gcc/x86_64-conda-linux-gnu/13.2.0/include/c++/bits/stl_iterator_base_types.h:127:27: note: declared here
  127 |     struct _GLIBCXX17_DEPRECATED iterator
      |                           ^~~~~~~~
creating build/lib.linux-x86_64-cpython-310/MinkowskiEngineBackend
/home/ez48awud/miniconda3/envs/lidiff_hpc/bin/x86_64-conda-linux-gnu-c++ -fvisibility-inlines-hidden -fmessage-length=0 -march=nocona -mtune=haswell -ftree-vectorize -fPIC -fstack-protector-strong -fno-plt -O2 -ffunction-sections -pipe -isystem /home/ez48awud/miniconda3/envs/lidiff_hpc/include -I/home/ez48awud/miniconda3/envs/lidiff_hpc/targets/x86_64-linux/include -I/home/ez48awud/miniconda3/envs/lidiff_hpc/targets/x86_64-linux/include/cccl -DNDEBUG -D_FORTIFY_SOURCE=2 -O2 -isystem /home/ez48awud/miniconda3/envs/lidiff_hpc/include -I/home/ez48awud/miniconda3/envs/lidiff_hpc/targets/x86_64-linux/include -I/home/ez48awud/miniconda3/envs/lidiff_hpc/targets/x86_64-linux/include/cccl -pthread -B /home/ez48awud/miniconda3/envs/lidiff_hpc/compiler_compat -shared -Wl,-O2 -Wl,--sort-common -Wl,--as-needed -Wl,-z,relro -Wl,-z,now -Wl,--disable-new-dtags -Wl,--gc-sections -Wl,--allow-shlib-undefined -Wl,-rpath,/home/ez48awud/miniconda3/envs/lidiff_hpc/lib -Wl,-rpath-link,/home/ez48awud/miniconda3/envs/lidiff_hpc/lib -L/home/ez48awud/miniconda3/envs/lidiff_hpc/lib -L/home/ez48awud/miniconda3/envs/lidiff_hpc/targets/x86_64-linux/lib -L/home/ez48awud/miniconda3/envs/lidiff_hpc/targets/x86_64-linux/lib/stubs -fvisibility-inlines-hidden -fmessage-length=0 -march=nocona -mtune=haswell -ftree-vectorize -fPIC -fstack-protector-strong -fno-plt -O2 -ffunction-sections -pipe -isystem /home/ez48awud/miniconda3/envs/lidiff_hpc/include -I/home/ez48awud/miniconda3/envs/lidiff_hpc/targets/x86_64-linux/include -I/home/ez48awud/miniconda3/envs/lidiff_hpc/targets/x86_64-linux/include/cccl -DNDEBUG -D_FORTIFY_SOURCE=2 -O2 -isystem /home/ez48awud/miniconda3/envs/lidiff_hpc/include -I/home/ez48awud/miniconda3/envs/lidiff_hpc/targets/x86_64-linux/include -I/home/ez48awud/miniconda3/envs/lidiff_hpc/targets/x86_64-linux/include/cccl /home/ez48awud/Documents/implementations/LiDiff/MinkowskiEngine/build/temp.linux-x86_64-cpython-310/home/ez48awud/Documents/implementations/LiDiff/MinkowskiEngine/src/broadcast_gpu.o /home/ez48awud/Documents/implementations/LiDiff/MinkowskiEngine/build/temp.linux-x86_64-cpython-310/home/ez48awud/Documents/implementations/LiDiff/MinkowskiEngine/src/broadcast_kernel.o /home/ez48awud/Documents/implementations/LiDiff/MinkowskiEngine/build/temp.linux-x86_64-cpython-310/home/ez48awud/Documents/implementations/LiDiff/MinkowskiEngine/src/convolution_gpu.o /home/ez48awud/Documents/implementations/LiDiff/MinkowskiEngine/build/temp.linux-x86_64-cpython-310/home/ez48awud/Documents/implementations/LiDiff/MinkowskiEngine/src/convolution_kernel.o /home/ez48awud/Documents/implementations/LiDiff/MinkowskiEngine/build/temp.linux-x86_64-cpython-310/home/ez48awud/Documents/implementations/LiDiff/MinkowskiEngine/src/convolution_transpose_gpu.o /home/ez48awud/Documents/implementations/LiDiff/MinkowskiEngine/build/temp.linux-x86_64-cpython-310/home/ez48awud/Documents/implementations/LiDiff/MinkowskiEngine/src/coordinate_map_gpu.o /home/ez48awud/Documents/implementations/LiDiff/MinkowskiEngine/build/temp.linux-x86_64-cpython-310/home/ez48awud/Documents/implementations/LiDiff/MinkowskiEngine/src/coordinate_map_manager.o /home/ez48awud/Documents/implementations/LiDiff/MinkowskiEngine/build/temp.linux-x86_64-cpython-310/home/ez48awud/Documents/implementations/LiDiff/MinkowskiEngine/src/direct_max_pool.o /home/ez48awud/Documents/implementations/LiDiff/MinkowskiEngine/build/temp.linux-x86_64-cpython-310/home/ez48awud/Documents/implementations/LiDiff/MinkowskiEngine/src/global_pooling_gpu.o /home/ez48awud/Documents/implementations/LiDiff/MinkowskiEngine/build/temp.linux-x86_64-cpython-310/home/ez48awud/Documents/implementations/LiDiff/MinkowskiEngine/src/gpu.o /home/ez48awud/Documents/implementations/LiDiff/MinkowskiEngine/build/temp.linux-x86_64-cpython-310/home/ez48awud/Documents/implementations/LiDiff/MinkowskiEngine/src/interpolation_gpu.o /home/ez48awud/Documents/implementations/LiDiff/MinkowskiEngine/build/temp.linux-x86_64-cpython-310/home/ez48awud/Documents/implementations/LiDiff/MinkowskiEngine/src/local_pooling_gpu.o /home/ez48awud/Documents/implementations/LiDiff/MinkowskiEngine/build/temp.linux-x86_64-cpython-310/home/ez48awud/Documents/implementations/LiDiff/MinkowskiEngine/src/local_pooling_transpose_gpu.o /home/ez48awud/Documents/implementations/LiDiff/MinkowskiEngine/build/temp.linux-x86_64-cpython-310/home/ez48awud/Documents/implementations/LiDiff/MinkowskiEngine/src/math_functions_cpu.o /home/ez48awud/Documents/implementations/LiDiff/MinkowskiEngine/build/temp.linux-x86_64-cpython-310/home/ez48awud/Documents/implementations/LiDiff/MinkowskiEngine/src/math_functions_gpu.o /home/ez48awud/Documents/implementations/LiDiff/MinkowskiEngine/build/temp.linux-x86_64-cpython-310/home/ez48awud/Documents/implementations/LiDiff/MinkowskiEngine/src/pooling_avg_kernel.o /home/ez48awud/Documents/implementations/LiDiff/MinkowskiEngine/build/temp.linux-x86_64-cpython-310/home/ez48awud/Documents/implementations/LiDiff/MinkowskiEngine/src/pooling_max_kernel.o /home/ez48awud/Documents/implementations/LiDiff/MinkowskiEngine/build/temp.linux-x86_64-cpython-310/home/ez48awud/Documents/implementations/LiDiff/MinkowskiEngine/src/pruning_gpu.o /home/ez48awud/Documents/implementations/LiDiff/MinkowskiEngine/build/temp.linux-x86_64-cpython-310/home/ez48awud/Documents/implementations/LiDiff/MinkowskiEngine/src/quantization.o /home/ez48awud/Documents/implementations/LiDiff/MinkowskiEngine/build/temp.linux-x86_64-cpython-310/home/ez48awud/Documents/implementations/LiDiff/MinkowskiEngine/src/spmm.o /home/ez48awud/Documents/implementations/LiDiff/MinkowskiEngine/build/temp.linux-x86_64-cpython-310/pybind/minkowski.o -L/home/ez48awud/miniconda3/envs/lidiff_hpc/lib/python3.10/site-packages/torch/lib -L/home/ez48awud/miniconda3/envs/lidiff_hpc/lib -lcusparse -lopenblas -lc10 -ltorch -ltorch_cpu -ltorch_python -lcudart -lc10_cuda -ltorch_cuda -o build/lib.linux-x86_64-cpython-310/MinkowskiEngineBackend/_C.cpython-310-x86_64-linux-gnu.so
running install_lib
creating /home/ez48awud/miniconda3/envs/lidiff_hpc/lib/python3.10/site-packages/MinkowskiEngine
copying build/lib.linux-x86_64-cpython-310/MinkowskiEngine/MinkowskiConvolution.py -> /home/ez48awud/miniconda3/envs/lidiff_hpc/lib/python3.10/site-packages/MinkowskiEngine
copying build/lib.linux-x86_64-cpython-310/MinkowskiEngine/MinkowskiUnion.py -> /home/ez48awud/miniconda3/envs/lidiff_hpc/lib/python3.10/site-packages/MinkowskiEngine
copying build/lib.linux-x86_64-cpython-310/MinkowskiEngine/MinkowskiOps.py -> /home/ez48awud/miniconda3/envs/lidiff_hpc/lib/python3.10/site-packages/MinkowskiEngine
copying build/lib.linux-x86_64-cpython-310/MinkowskiEngine/MinkowskiInterpolation.py -> /home/ez48awud/miniconda3/envs/lidiff_hpc/lib/python3.10/site-packages/MinkowskiEngine
copying build/lib.linux-x86_64-cpython-310/MinkowskiEngine/MinkowskiPruning.py -> /home/ez48awud/miniconda3/envs/lidiff_hpc/lib/python3.10/site-packages/MinkowskiEngine
copying build/lib.linux-x86_64-cpython-310/MinkowskiEngine/MinkowskiCommon.py -> /home/ez48awud/miniconda3/envs/lidiff_hpc/lib/python3.10/site-packages/MinkowskiEngine
copying build/lib.linux-x86_64-cpython-310/MinkowskiEngine/MinkowskiCoordinateManager.py -> /home/ez48awud/miniconda3/envs/lidiff_hpc/lib/python3.10/site-packages/MinkowskiEngine
copying build/lib.linux-x86_64-cpython-310/MinkowskiEngine/MinkowskiTensorField.py -> /home/ez48awud/miniconda3/envs/lidiff_hpc/lib/python3.10/site-packages/MinkowskiEngine
creating /home/ez48awud/miniconda3/envs/lidiff_hpc/lib/python3.10/site-packages/MinkowskiEngine/modules
copying build/lib.linux-x86_64-cpython-310/MinkowskiEngine/modules/__init__.py -> /home/ez48awud/miniconda3/envs/lidiff_hpc/lib/python3.10/site-packages/MinkowskiEngine/modules
copying build/lib.linux-x86_64-cpython-310/MinkowskiEngine/modules/senet_block.py -> /home/ez48awud/miniconda3/envs/lidiff_hpc/lib/python3.10/site-packages/MinkowskiEngine/modules
copying build/lib.linux-x86_64-cpython-310/MinkowskiEngine/modules/resnet_block.py -> /home/ez48awud/miniconda3/envs/lidiff_hpc/lib/python3.10/site-packages/MinkowskiEngine/modules
copying build/lib.linux-x86_64-cpython-310/MinkowskiEngine/MinkowskiNormalization.py -> /home/ez48awud/miniconda3/envs/lidiff_hpc/lib/python3.10/site-packages/MinkowskiEngine
copying build/lib.linux-x86_64-cpython-310/MinkowskiEngine/MinkowskiChannelwiseConvolution.py -> /home/ez48awud/miniconda3/envs/lidiff_hpc/lib/python3.10/site-packages/MinkowskiEngine
copying build/lib.linux-x86_64-cpython-310/MinkowskiEngine/MinkowskiFunctional.py -> /home/ez48awud/miniconda3/envs/lidiff_hpc/lib/python3.10/site-packages/MinkowskiEngine
copying build/lib.linux-x86_64-cpython-310/MinkowskiEngine/sparse_matrix_functions.py -> /home/ez48awud/miniconda3/envs/lidiff_hpc/lib/python3.10/site-packages/MinkowskiEngine
copying build/lib.linux-x86_64-cpython-310/MinkowskiEngine/MinkowskiPooling.py -> /home/ez48awud/miniconda3/envs/lidiff_hpc/lib/python3.10/site-packages/MinkowskiEngine
copying build/lib.linux-x86_64-cpython-310/MinkowskiEngine/MinkowskiNonlinearity.py -> /home/ez48awud/miniconda3/envs/lidiff_hpc/lib/python3.10/site-packages/MinkowskiEngine
copying build/lib.linux-x86_64-cpython-310/MinkowskiEngine/__init__.py -> /home/ez48awud/miniconda3/envs/lidiff_hpc/lib/python3.10/site-packages/MinkowskiEngine
creating /home/ez48awud/miniconda3/envs/lidiff_hpc/lib/python3.10/site-packages/MinkowskiEngine/utils
copying build/lib.linux-x86_64-cpython-310/MinkowskiEngine/utils/coords.py -> /home/ez48awud/miniconda3/envs/lidiff_hpc/lib/python3.10/site-packages/MinkowskiEngine/utils
copying build/lib.linux-x86_64-cpython-310/MinkowskiEngine/utils/quantization.py -> /home/ez48awud/miniconda3/envs/lidiff_hpc/lib/python3.10/site-packages/MinkowskiEngine/utils
copying build/lib.linux-x86_64-cpython-310/MinkowskiEngine/utils/__init__.py -> /home/ez48awud/miniconda3/envs/lidiff_hpc/lib/python3.10/site-packages/MinkowskiEngine/utils
copying build/lib.linux-x86_64-cpython-310/MinkowskiEngine/utils/init.py -> /home/ez48awud/miniconda3/envs/lidiff_hpc/lib/python3.10/site-packages/MinkowskiEngine/utils
copying build/lib.linux-x86_64-cpython-310/MinkowskiEngine/utils/collation.py -> /home/ez48awud/miniconda3/envs/lidiff_hpc/lib/python3.10/site-packages/MinkowskiEngine/utils
copying build/lib.linux-x86_64-cpython-310/MinkowskiEngine/utils/summary.py -> /home/ez48awud/miniconda3/envs/lidiff_hpc/lib/python3.10/site-packages/MinkowskiEngine/utils
copying build/lib.linux-x86_64-cpython-310/MinkowskiEngine/utils/gradcheck.py -> /home/ez48awud/miniconda3/envs/lidiff_hpc/lib/python3.10/site-packages/MinkowskiEngine/utils
copying build/lib.linux-x86_64-cpython-310/MinkowskiEngine/MinkowskiNetwork.py -> /home/ez48awud/miniconda3/envs/lidiff_hpc/lib/python3.10/site-packages/MinkowskiEngine
copying build/lib.linux-x86_64-cpython-310/MinkowskiEngine/MinkowskiTensor.py -> /home/ez48awud/miniconda3/envs/lidiff_hpc/lib/python3.10/site-packages/MinkowskiEngine
copying build/lib.linux-x86_64-cpython-310/MinkowskiEngine/MinkowskiBroadcast.py -> /home/ez48awud/miniconda3/envs/lidiff_hpc/lib/python3.10/site-packages/MinkowskiEngine
copying build/lib.linux-x86_64-cpython-310/MinkowskiEngine/MinkowskiSparseTensor.py -> /home/ez48awud/miniconda3/envs/lidiff_hpc/lib/python3.10/site-packages/MinkowskiEngine
copying build/lib.linux-x86_64-cpython-310/MinkowskiEngine/MinkowskiKernelGenerator.py -> /home/ez48awud/miniconda3/envs/lidiff_hpc/lib/python3.10/site-packages/MinkowskiEngine
copying build/lib.linux-x86_64-cpython-310/MinkowskiEngine/diagnostics.py -> /home/ez48awud/miniconda3/envs/lidiff_hpc/lib/python3.10/site-packages/MinkowskiEngine
creating /home/ez48awud/miniconda3/envs/lidiff_hpc/lib/python3.10/site-packages/MinkowskiEngineBackend
copying build/lib.linux-x86_64-cpython-310/MinkowskiEngineBackend/_C.cpython-310-x86_64-linux-gnu.so -> /home/ez48awud/miniconda3/envs/lidiff_hpc/lib/python3.10/site-packages/MinkowskiEngineBackend
byte-compiling /home/ez48awud/miniconda3/envs/lidiff_hpc/lib/python3.10/site-packages/MinkowskiEngine/MinkowskiConvolution.py to MinkowskiConvolution.cpython-310.pyc
byte-compiling /home/ez48awud/miniconda3/envs/lidiff_hpc/lib/python3.10/site-packages/MinkowskiEngine/MinkowskiUnion.py to MinkowskiUnion.cpython-310.pyc
byte-compiling /home/ez48awud/miniconda3/envs/lidiff_hpc/lib/python3.10/site-packages/MinkowskiEngine/MinkowskiOps.py to MinkowskiOps.cpython-310.pyc
byte-compiling /home/ez48awud/miniconda3/envs/lidiff_hpc/lib/python3.10/site-packages/MinkowskiEngine/MinkowskiInterpolation.py to MinkowskiInterpolation.cpython-310.pyc
byte-compiling /home/ez48awud/miniconda3/envs/lidiff_hpc/lib/python3.10/site-packages/MinkowskiEngine/MinkowskiPruning.py to MinkowskiPruning.cpython-310.pyc
byte-compiling /home/ez48awud/miniconda3/envs/lidiff_hpc/lib/python3.10/site-packages/MinkowskiEngine/MinkowskiCommon.py to MinkowskiCommon.cpython-310.pyc
byte-compiling /home/ez48awud/miniconda3/envs/lidiff_hpc/lib/python3.10/site-packages/MinkowskiEngine/MinkowskiCoordinateManager.py to MinkowskiCoordinateManager.cpython-310.pyc
byte-compiling /home/ez48awud/miniconda3/envs/lidiff_hpc/lib/python3.10/site-packages/MinkowskiEngine/MinkowskiTensorField.py to MinkowskiTensorField.cpython-310.pyc
byte-compiling /home/ez48awud/miniconda3/envs/lidiff_hpc/lib/python3.10/site-packages/MinkowskiEngine/modules/__init__.py to __init__.cpython-310.pyc
byte-compiling /home/ez48awud/miniconda3/envs/lidiff_hpc/lib/python3.10/site-packages/MinkowskiEngine/modules/senet_block.py to senet_block.cpython-310.pyc
byte-compiling /home/ez48awud/miniconda3/envs/lidiff_hpc/lib/python3.10/site-packages/MinkowskiEngine/modules/resnet_block.py to resnet_block.cpython-310.pyc
byte-compiling /home/ez48awud/miniconda3/envs/lidiff_hpc/lib/python3.10/site-packages/MinkowskiEngine/MinkowskiNormalization.py to MinkowskiNormalization.cpython-310.pyc
byte-compiling /home/ez48awud/miniconda3/envs/lidiff_hpc/lib/python3.10/site-packages/MinkowskiEngine/MinkowskiChannelwiseConvolution.py to MinkowskiChannelwiseConvolution.cpython-310.pyc
byte-compiling /home/ez48awud/miniconda3/envs/lidiff_hpc/lib/python3.10/site-packages/MinkowskiEngine/MinkowskiFunctional.py to MinkowskiFunctional.cpython-310.pyc
byte-compiling /home/ez48awud/miniconda3/envs/lidiff_hpc/lib/python3.10/site-packages/MinkowskiEngine/sparse_matrix_functions.py to sparse_matrix_functions.cpython-310.pyc
byte-compiling /home/ez48awud/miniconda3/envs/lidiff_hpc/lib/python3.10/site-packages/MinkowskiEngine/MinkowskiPooling.py to MinkowskiPooling.cpython-310.pyc
byte-compiling /home/ez48awud/miniconda3/envs/lidiff_hpc/lib/python3.10/site-packages/MinkowskiEngine/MinkowskiNonlinearity.py to MinkowskiNonlinearity.cpython-310.pyc
byte-compiling /home/ez48awud/miniconda3/envs/lidiff_hpc/lib/python3.10/site-packages/MinkowskiEngine/__init__.py to __init__.cpython-310.pyc
byte-compiling /home/ez48awud/miniconda3/envs/lidiff_hpc/lib/python3.10/site-packages/MinkowskiEngine/utils/coords.py to coords.cpython-310.pyc
byte-compiling /home/ez48awud/miniconda3/envs/lidiff_hpc/lib/python3.10/site-packages/MinkowskiEngine/utils/quantization.py to quantization.cpython-310.pyc
byte-compiling /home/ez48awud/miniconda3/envs/lidiff_hpc/lib/python3.10/site-packages/MinkowskiEngine/utils/__init__.py to __init__.cpython-310.pyc
byte-compiling /home/ez48awud/miniconda3/envs/lidiff_hpc/lib/python3.10/site-packages/MinkowskiEngine/utils/init.py to init.cpython-310.pyc
byte-compiling /home/ez48awud/miniconda3/envs/lidiff_hpc/lib/python3.10/site-packages/MinkowskiEngine/utils/collation.py to collation.cpython-310.pyc
byte-compiling /home/ez48awud/miniconda3/envs/lidiff_hpc/lib/python3.10/site-packages/MinkowskiEngine/utils/summary.py to summary.cpython-310.pyc
byte-compiling /home/ez48awud/miniconda3/envs/lidiff_hpc/lib/python3.10/site-packages/MinkowskiEngine/utils/gradcheck.py to gradcheck.cpython-310.pyc
byte-compiling /home/ez48awud/miniconda3/envs/lidiff_hpc/lib/python3.10/site-packages/MinkowskiEngine/MinkowskiNetwork.py to MinkowskiNetwork.cpython-310.pyc
byte-compiling /home/ez48awud/miniconda3/envs/lidiff_hpc/lib/python3.10/site-packages/MinkowskiEngine/MinkowskiTensor.py to MinkowskiTensor.cpython-310.pyc
byte-compiling /home/ez48awud/miniconda3/envs/lidiff_hpc/lib/python3.10/site-packages/MinkowskiEngine/MinkowskiBroadcast.py to MinkowskiBroadcast.cpython-310.pyc
byte-compiling /home/ez48awud/miniconda3/envs/lidiff_hpc/lib/python3.10/site-packages/MinkowskiEngine/MinkowskiSparseTensor.py to MinkowskiSparseTensor.cpython-310.pyc
byte-compiling /home/ez48awud/miniconda3/envs/lidiff_hpc/lib/python3.10/site-packages/MinkowskiEngine/MinkowskiKernelGenerator.py to MinkowskiKernelGenerator.cpython-310.pyc
byte-compiling /home/ez48awud/miniconda3/envs/lidiff_hpc/lib/python3.10/site-packages/MinkowskiEngine/diagnostics.py to diagnostics.cpython-310.pyc
running install_egg_info
running egg_info
writing MinkowskiEngine.egg-info/PKG-INFO
writing dependency_links to MinkowskiEngine.egg-info/dependency_links.txt
writing requirements to MinkowskiEngine.egg-info/requires.txt
writing top-level names to MinkowskiEngine.egg-info/top_level.txt
reading manifest file 'MinkowskiEngine.egg-info/SOURCES.txt'
reading manifest template 'MANIFEST.in'
adding license file 'LICENSE'
writing manifest file 'MinkowskiEngine.egg-info/SOURCES.txt'
Copying MinkowskiEngine.egg-info to /home/ez48awud/miniconda3/envs/lidiff_hpc/lib/python3.10/site-packages/MinkowskiEngine-0.5.4-py3.10.egg-info
running install_scripts
