WARNING: Skipping MinkowskiEngine as it is not installed.
/home/ez48awud/miniconda3/envs/lidiff_hpc/lib/python3.10/site-packages/setuptools/dist.py:759: SetuptoolsDeprecationWarning: License classifiers are deprecated.
!!

        ********************************************************************************
        Please consider removing the following classifiers in favor of a SPDX license expression:

        License :: OSI Approved :: MIT License

        See https://packaging.python.org/en/latest/guides/writing-pyproject-toml/#license for details.
        ********************************************************************************

!!
  self._finalize_license_expression()
--------------------------------
| CUDA compilation set         |
--------------------------------

Using BLAS=openblas
Using /home/ez48awud/miniconda3/envs/lidiff_hpc/bin/x86_64-conda-linux-gnu-c++ for c++ compilation
running install
/home/ez48awud/miniconda3/envs/lidiff_hpc/lib/python3.10/site-packages/setuptools/_distutils/cmd.py:90: SetuptoolsDeprecationWarning: setup.py install is deprecated.
!!

        ********************************************************************************
        Please avoid running ``setup.py`` directly.
        Instead, use pypa/build, pypa/installer or other
        standards-based tools.

        By 2025-Oct-31, you need to update your project and remove deprecated calls
        or your builds will no longer be supported.

        See https://blog.ganssle.io/articles/2021/10/setup-py-deprecated.html for details.
        ********************************************************************************

!!
  self.initialize_options()
running build
running build_py
creating build/lib.linux-x86_64-cpython-310/MinkowskiEngine
copying MinkowskiEngine/MinkowskiConvolution.py -> build/lib.linux-x86_64-cpython-310/MinkowskiEngine
copying MinkowskiEngine/MinkowskiUnion.py -> build/lib.linux-x86_64-cpython-310/MinkowskiEngine
copying MinkowskiEngine/MinkowskiOps.py -> build/lib.linux-x86_64-cpython-310/MinkowskiEngine
copying MinkowskiEngine/MinkowskiInterpolation.py -> build/lib.linux-x86_64-cpython-310/MinkowskiEngine
copying MinkowskiEngine/MinkowskiPruning.py -> build/lib.linux-x86_64-cpython-310/MinkowskiEngine
copying MinkowskiEngine/MinkowskiCommon.py -> build/lib.linux-x86_64-cpython-310/MinkowskiEngine
copying MinkowskiEngine/MinkowskiCoordinateManager.py -> build/lib.linux-x86_64-cpython-310/MinkowskiEngine
copying MinkowskiEngine/MinkowskiTensorField.py -> build/lib.linux-x86_64-cpython-310/MinkowskiEngine
copying MinkowskiEngine/MinkowskiNormalization.py -> build/lib.linux-x86_64-cpython-310/MinkowskiEngine
copying MinkowskiEngine/MinkowskiChannelwiseConvolution.py -> build/lib.linux-x86_64-cpython-310/MinkowskiEngine
copying MinkowskiEngine/MinkowskiFunctional.py -> build/lib.linux-x86_64-cpython-310/MinkowskiEngine
copying MinkowskiEngine/sparse_matrix_functions.py -> build/lib.linux-x86_64-cpython-310/MinkowskiEngine
copying MinkowskiEngine/MinkowskiPooling.py -> build/lib.linux-x86_64-cpython-310/MinkowskiEngine
copying MinkowskiEngine/MinkowskiNonlinearity.py -> build/lib.linux-x86_64-cpython-310/MinkowskiEngine
copying MinkowskiEngine/__init__.py -> build/lib.linux-x86_64-cpython-310/MinkowskiEngine
copying MinkowskiEngine/MinkowskiNetwork.py -> build/lib.linux-x86_64-cpython-310/MinkowskiEngine
copying MinkowskiEngine/MinkowskiTensor.py -> build/lib.linux-x86_64-cpython-310/MinkowskiEngine
copying MinkowskiEngine/MinkowskiBroadcast.py -> build/lib.linux-x86_64-cpython-310/MinkowskiEngine
copying MinkowskiEngine/MinkowskiSparseTensor.py -> build/lib.linux-x86_64-cpython-310/MinkowskiEngine
copying MinkowskiEngine/MinkowskiKernelGenerator.py -> build/lib.linux-x86_64-cpython-310/MinkowskiEngine
copying MinkowskiEngine/diagnostics.py -> build/lib.linux-x86_64-cpython-310/MinkowskiEngine
creating build/lib.linux-x86_64-cpython-310/MinkowskiEngine/utils
copying MinkowskiEngine/utils/coords.py -> build/lib.linux-x86_64-cpython-310/MinkowskiEngine/utils
copying MinkowskiEngine/utils/quantization.py -> build/lib.linux-x86_64-cpython-310/MinkowskiEngine/utils
copying MinkowskiEngine/utils/__init__.py -> build/lib.linux-x86_64-cpython-310/MinkowskiEngine/utils
copying MinkowskiEngine/utils/init.py -> build/lib.linux-x86_64-cpython-310/MinkowskiEngine/utils
copying MinkowskiEngine/utils/collation.py -> build/lib.linux-x86_64-cpython-310/MinkowskiEngine/utils
copying MinkowskiEngine/utils/summary.py -> build/lib.linux-x86_64-cpython-310/MinkowskiEngine/utils
copying MinkowskiEngine/utils/gradcheck.py -> build/lib.linux-x86_64-cpython-310/MinkowskiEngine/utils
creating build/lib.linux-x86_64-cpython-310/MinkowskiEngine/modules
copying MinkowskiEngine/modules/__init__.py -> build/lib.linux-x86_64-cpython-310/MinkowskiEngine/modules
copying MinkowskiEngine/modules/senet_block.py -> build/lib.linux-x86_64-cpython-310/MinkowskiEngine/modules
copying MinkowskiEngine/modules/resnet_block.py -> build/lib.linux-x86_64-cpython-310/MinkowskiEngine/modules
running build_ext
W1021 19:32:20.993000 1385234 site-packages/torch/utils/cpp_extension.py:531] There are no /home/ez48awud/miniconda3/envs/lidiff_hpc/bin/x86_64-conda-linux-gnu-c++ version bounds defined for CUDA version 13.0
building 'MinkowskiEngineBackend._C' extension
creating /home/ez48awud/Documents/implementations/LiDiff/MinkowskiEngine/build/temp.linux-x86_64-cpython-310/home/ez48awud/Documents/implementations/LiDiff/MinkowskiEngine/src
creating /home/ez48awud/Documents/implementations/LiDiff/MinkowskiEngine/build/temp.linux-x86_64-cpython-310/pybind
[1/21] /home/ez48awud/miniconda3/envs/lidiff_hpc/bin/nvcc --generate-dependencies-with-compile --dependency-output /home/ez48awud/Documents/implementations/LiDiff/MinkowskiEngine/build/temp.linux-x86_64-cpython-310/home/ez48awud/Documents/implementations/LiDiff/MinkowskiEngine/src/broadcast_kernel.o.d -DNVTX_DISABLE -I/home/ez48awud/miniconda3/envs/lidiff_hpc/lib/python3.10/site-packages/torch/include -I/home/ez48awud/miniconda3/envs/lidiff_hpc/lib/python3.10/site-packages/torch/include/torch/csrc/api/include -I/home/ez48awud/miniconda3/envs/lidiff_hpc/include -I/home/ez48awud/Documents/implementations/LiDiff/MinkowskiEngine/src -I/home/ez48awud/Documents/implementations/LiDiff/MinkowskiEngine/src/3rdparty -I/home/ez48awud/miniconda3/envs/lidiff_hpc/include/python3.10 -c -c /home/ez48awud/Documents/implementations/LiDiff/MinkowskiEngine/src/broadcast_kernel.cu -o /home/ez48awud/Documents/implementations/LiDiff/MinkowskiEngine/build/temp.linux-x86_64-cpython-310/home/ez48awud/Documents/implementations/LiDiff/MinkowskiEngine/src/broadcast_kernel.o -D__CUDA_NO_HALF_OPERATORS__ -D__CUDA_NO_HALF_CONVERSIONS__ -D__CUDA_NO_BFLOAT16_CONVERSIONS__ -D__CUDA_NO_HALF2_OPERATORS__ --expt-relaxed-constexpr --compiler-options ''"'"'-fPIC'"'"'' --expt-relaxed-constexpr --expt-extended-lambda -O3 -Xcompiler=-fno-gnu-unique -Xcompiler -fdiagnostics-color=always -DTORCH_API_INCLUDE_EXTENSION_H -DTORCH_EXTENSION_NAME=_C -gencode=arch=compute_100,code=sm_100 -gencode=arch=compute_103,code=sm_103 -gencode=arch=compute_110,code=sm_110 -gencode=arch=compute_120,code=sm_120 -gencode=arch=compute_121,code=compute_121 -gencode=arch=compute_121,code=sm_121 -gencode=arch=compute_75,code=sm_75 -gencode=arch=compute_80,code=sm_80 -gencode=arch=compute_86,code=sm_86 -gencode=arch=compute_89,code=sm_89 -gencode=arch=compute_90,code=sm_90 -ccbin /home/ez48awud/miniconda3/envs/lidiff_hpc/bin/x86_64-conda-linux-gnu-c++ -std=c++17
/home/ez48awud/Documents/implementations/LiDiff/MinkowskiEngine/src/utils.hpp:206:38: warning: 'template<class _Category, class _Tp, class _Distance, class _Pointer, class _Reference> struct std::iterator' is deprecated [-Wdeprecated-declarations]
  206 |   class iterator
      |                                      ^       
/home/ez48awud/miniconda3/envs/lidiff_hpc/lib/gcc/x86_64-conda-linux-gnu/13.2.0/include/c++/bits/stl_iterator_base_types.h:127:27: note: declared here
  127 |     struct _GLIBCXX17_DEPRECATED iterator
      |                           ^~~~~~~~
[2/21] /home/ez48awud/miniconda3/envs/lidiff_hpc/bin/nvcc --generate-dependencies-with-compile --dependency-output /home/ez48awud/Documents/implementations/LiDiff/MinkowskiEngine/build/temp.linux-x86_64-cpython-310/home/ez48awud/Documents/implementations/LiDiff/MinkowskiEngine/src/convolution_kernel.o.d -DNVTX_DISABLE -I/home/ez48awud/miniconda3/envs/lidiff_hpc/lib/python3.10/site-packages/torch/include -I/home/ez48awud/miniconda3/envs/lidiff_hpc/lib/python3.10/site-packages/torch/include/torch/csrc/api/include -I/home/ez48awud/miniconda3/envs/lidiff_hpc/include -I/home/ez48awud/Documents/implementations/LiDiff/MinkowskiEngine/src -I/home/ez48awud/Documents/implementations/LiDiff/MinkowskiEngine/src/3rdparty -I/home/ez48awud/miniconda3/envs/lidiff_hpc/include/python3.10 -c -c /home/ez48awud/Documents/implementations/LiDiff/MinkowskiEngine/src/convolution_kernel.cu -o /home/ez48awud/Documents/implementations/LiDiff/MinkowskiEngine/build/temp.linux-x86_64-cpython-310/home/ez48awud/Documents/implementations/LiDiff/MinkowskiEngine/src/convolution_kernel.o -D__CUDA_NO_HALF_OPERATORS__ -D__CUDA_NO_HALF_CONVERSIONS__ -D__CUDA_NO_BFLOAT16_CONVERSIONS__ -D__CUDA_NO_HALF2_OPERATORS__ --expt-relaxed-constexpr --compiler-options ''"'"'-fPIC'"'"'' --expt-relaxed-constexpr --expt-extended-lambda -O3 -Xcompiler=-fno-gnu-unique -Xcompiler -fdiagnostics-color=always -DTORCH_API_INCLUDE_EXTENSION_H -DTORCH_EXTENSION_NAME=_C -gencode=arch=compute_100,code=sm_100 -gencode=arch=compute_103,code=sm_103 -gencode=arch=compute_110,code=sm_110 -gencode=arch=compute_120,code=sm_120 -gencode=arch=compute_121,code=compute_121 -gencode=arch=compute_121,code=sm_121 -gencode=arch=compute_75,code=sm_75 -gencode=arch=compute_80,code=sm_80 -gencode=arch=compute_86,code=sm_86 -gencode=arch=compute_89,code=sm_89 -gencode=arch=compute_90,code=sm_90 -ccbin /home/ez48awud/miniconda3/envs/lidiff_hpc/bin/x86_64-conda-linux-gnu-c++ -std=c++17
/home/ez48awud/Documents/implementations/LiDiff/MinkowskiEngine/src/convolution_kernel.cu(334): warning #68-D: integer conversion resulted in a change of sign
    size_t n_active_in_volume, shared_mem_size = -1;
                                                 ^

Remark: The warnings can be suppressed with "-diag-suppress <warning-number>"

/home/ez48awud/Documents/implementations/LiDiff/MinkowskiEngine/src/convolution_kernel.cu(573): warning #68-D: integer conversion resulted in a change of sign
    size_t n_active_in_volume, shared_mem_size = -1;
                                                 ^

/home/ez48awud/Documents/implementations/LiDiff/MinkowskiEngine/src/convolution_kernel.cu(334): warning #68-D: integer conversion resulted in a change of sign
    size_t n_active_in_volume, shared_mem_size = -1;
                                                 ^

Remark: The warnings can be suppressed with "-diag-suppress <warning-number>"

/home/ez48awud/Documents/implementations/LiDiff/MinkowskiEngine/src/convolution_kernel.cu(573): warning #68-D: integer conversion resulted in a change of sign
    size_t n_active_in_volume, shared_mem_size = -1;
                                                 ^

/home/ez48awud/Documents/implementations/LiDiff/MinkowskiEngine/src/convolution_kernel.cu(334): warning #68-D: integer conversion resulted in a change of sign
    size_t n_active_in_volume, shared_mem_size = -1;
                                                 ^

Remark: The warnings can be suppressed with "-diag-suppress <warning-number>"

/home/ez48awud/Documents/implementations/LiDiff/MinkowskiEngine/src/convolution_kernel.cu(573): warning #68-D: integer conversion resulted in a change of sign
    size_t n_active_in_volume, shared_mem_size = -1;
                                                 ^

/home/ez48awud/Documents/implementations/LiDiff/MinkowskiEngine/src/convolution_kernel.cu(334): warning #68-D: integer conversion resulted in a change of sign
    size_t n_active_in_volume, shared_mem_size = -1;
                                                 ^

Remark: The warnings can be suppressed with "-diag-suppress <warning-number>"

/home/ez48awud/Documents/implementations/LiDiff/MinkowskiEngine/src/convolution_kernel.cu(573): warning #68-D: integer conversion resulted in a change of sign
    size_t n_active_in_volume, shared_mem_size = -1;
                                                 ^

/home/ez48awud/Documents/implementations/LiDiff/MinkowskiEngine/src/convolution_kernel.cu(334): warning #68-D: integer conversion resulted in a change of sign
    size_t n_active_in_volume, shared_mem_size = -1;
                                                 ^

Remark: The warnings can be suppressed with "-diag-suppress <warning-number>"

/home/ez48awud/Documents/implementations/LiDiff/MinkowskiEngine/src/convolution_kernel.cu(573): warning #68-D: integer conversion resulted in a change of sign
    size_t n_active_in_volume, shared_mem_size = -1;
                                                 ^

/home/ez48awud/Documents/implementations/LiDiff/MinkowskiEngine/src/convolution_kernel.cu(334): warning #68-D: integer conversion resulted in a change of sign
    size_t n_active_in_volume, shared_mem_size = -1;
                                                 ^

Remark: The warnings can be suppressed with "-diag-suppress <warning-number>"

/home/ez48awud/Documents/implementations/LiDiff/MinkowskiEngine/src/convolution_kernel.cu(573): warning #68-D: integer conversion resulted in a change of sign
    size_t n_active_in_volume, shared_mem_size = -1;
                                                 ^

/home/ez48awud/Documents/implementations/LiDiff/MinkowskiEngine/src/convolution_kernel.cu(334): warning #68-D: integer conversion resulted in a change of sign
    size_t n_active_in_volume, shared_mem_size = -1;
                                                 ^

Remark: The warnings can be suppressed with "-diag-suppress <warning-number>"

/home/ez48awud/Documents/implementations/LiDiff/MinkowskiEngine/src/convolution_kernel.cu(573): warning #68-D: integer conversion resulted in a change of sign
    size_t n_active_in_volume, shared_mem_size = -1;
                                                 ^

/home/ez48awud/Documents/implementations/LiDiff/MinkowskiEngine/src/convolution_kernel.cu(334): warning #68-D: integer conversion resulted in a change of sign
    size_t n_active_in_volume, shared_mem_size = -1;
                                                 ^

Remark: The warnings can be suppressed with "-diag-suppress <warning-number>"

/home/ez48awud/Documents/implementations/LiDiff/MinkowskiEngine/src/convolution_kernel.cu(573): warning #68-D: integer conversion resulted in a change of sign
    size_t n_active_in_volume, shared_mem_size = -1;
                                                 ^

/home/ez48awud/Documents/implementations/LiDiff/MinkowskiEngine/src/convolution_kernel.cu(334): warning #68-D: integer conversion resulted in a change of sign
    size_t n_active_in_volume, shared_mem_size = -1;
                                                 ^

Remark: The warnings can be suppressed with "-diag-suppress <warning-number>"

/home/ez48awud/Documents/implementations/LiDiff/MinkowskiEngine/src/convolution_kernel.cu(573): warning #68-D: integer conversion resulted in a change of sign
    size_t n_active_in_volume, shared_mem_size = -1;
                                                 ^

/home/ez48awud/Documents/implementations/LiDiff/MinkowskiEngine/src/convolution_kernel.cu(334): warning #68-D: integer conversion resulted in a change of sign
    size_t n_active_in_volume, shared_mem_size = -1;
                                                 ^

Remark: The warnings can be suppressed with "-diag-suppress <warning-number>"

/home/ez48awud/Documents/implementations/LiDiff/MinkowskiEngine/src/convolution_kernel.cu(573): warning #68-D: integer conversion resulted in a change of sign
    size_t n_active_in_volume, shared_mem_size = -1;
                                                 ^

/home/ez48awud/Documents/implementations/LiDiff/MinkowskiEngine/src/convolution_kernel.cu(334): warning #68-D: integer conversion resulted in a change of sign
    size_t n_active_in_volume, shared_mem_size = -1;
                                                 ^

Remark: The warnings can be suppressed with "-diag-suppress <warning-number>"

/home/ez48awud/Documents/implementations/LiDiff/MinkowskiEngine/src/convolution_kernel.cu(573): warning #68-D: integer conversion resulted in a change of sign
    size_t n_active_in_volume, shared_mem_size = -1;
                                                 ^

/home/ez48awud/Documents/implementations/LiDiff/MinkowskiEngine/src/utils.hpp:206:38: warning: 'template<class _Category, class _Tp, class _Distance, class _Pointer, class _Reference> struct std::iterator' is deprecated [-Wdeprecated-declarations]
  206 |   class iterator
      |                                      ^       
/home/ez48awud/miniconda3/envs/lidiff_hpc/lib/gcc/x86_64-conda-linux-gnu/13.2.0/include/c++/bits/stl_iterator_base_types.h:127:27: note: declared here
  127 |     struct _GLIBCXX17_DEPRECATED iterator
      |                           ^~~~~~~~
[3/21] /home/ez48awud/miniconda3/envs/lidiff_hpc/bin/nvcc --generate-dependencies-with-compile --dependency-output /home/ez48awud/Documents/implementations/LiDiff/MinkowskiEngine/build/temp.linux-x86_64-cpython-310/home/ez48awud/Documents/implementations/LiDiff/MinkowskiEngine/src/convolution_gpu.o.d -DNVTX_DISABLE -I/home/ez48awud/miniconda3/envs/lidiff_hpc/lib/python3.10/site-packages/torch/include -I/home/ez48awud/miniconda3/envs/lidiff_hpc/lib/python3.10/site-packages/torch/include/torch/csrc/api/include -I/home/ez48awud/miniconda3/envs/lidiff_hpc/include -I/home/ez48awud/Documents/implementations/LiDiff/MinkowskiEngine/src -I/home/ez48awud/Documents/implementations/LiDiff/MinkowskiEngine/src/3rdparty -I/home/ez48awud/miniconda3/envs/lidiff_hpc/include/python3.10 -c -c /home/ez48awud/Documents/implementations/LiDiff/MinkowskiEngine/src/convolution_gpu.cu -o /home/ez48awud/Documents/implementations/LiDiff/MinkowskiEngine/build/temp.linux-x86_64-cpython-310/home/ez48awud/Documents/implementations/LiDiff/MinkowskiEngine/src/convolution_gpu.o -D__CUDA_NO_HALF_OPERATORS__ -D__CUDA_NO_HALF_CONVERSIONS__ -D__CUDA_NO_BFLOAT16_CONVERSIONS__ -D__CUDA_NO_HALF2_OPERATORS__ --expt-relaxed-constexpr --compiler-options ''"'"'-fPIC'"'"'' --expt-relaxed-constexpr --expt-extended-lambda -O3 -Xcompiler=-fno-gnu-unique -Xcompiler -fdiagnostics-color=always -DTORCH_API_INCLUDE_EXTENSION_H -DTORCH_EXTENSION_NAME=_C -gencode=arch=compute_100,code=sm_100 -gencode=arch=compute_103,code=sm_103 -gencode=arch=compute_110,code=sm_110 -gencode=arch=compute_120,code=sm_120 -gencode=arch=compute_121,code=compute_121 -gencode=arch=compute_121,code=sm_121 -gencode=arch=compute_75,code=sm_75 -gencode=arch=compute_80,code=sm_80 -gencode=arch=compute_86,code=sm_86 -gencode=arch=compute_89,code=sm_89 -gencode=arch=compute_90,code=sm_90 -ccbin /home/ez48awud/miniconda3/envs/lidiff_hpc/bin/x86_64-conda-linux-gnu-c++ -std=c++17
/home/ez48awud/Documents/implementations/LiDiff/MinkowskiEngine/src/utils.hpp:206:38: warning: 'template<class _Category, class _Tp, class _Distance, class _Pointer, class _Reference> struct std::iterator' is deprecated [-Wdeprecated-declarations]
  206 |   class iterator
      |                                      ^       
/home/ez48awud/miniconda3/envs/lidiff_hpc/lib/gcc/x86_64-conda-linux-gnu/13.2.0/include/c++/bits/stl_iterator_base_types.h:127:27: note: declared here
  127 |     struct _GLIBCXX17_DEPRECATED iterator
      |                           ^~~~~~~~
[4/21] /home/ez48awud/miniconda3/envs/lidiff_hpc/bin/nvcc --generate-dependencies-with-compile --dependency-output /home/ez48awud/Documents/implementations/LiDiff/MinkowskiEngine/build/temp.linux-x86_64-cpython-310/home/ez48awud/Documents/implementations/LiDiff/MinkowskiEngine/src/broadcast_gpu.o.d -DNVTX_DISABLE -I/home/ez48awud/miniconda3/envs/lidiff_hpc/lib/python3.10/site-packages/torch/include -I/home/ez48awud/miniconda3/envs/lidiff_hpc/lib/python3.10/site-packages/torch/include/torch/csrc/api/include -I/home/ez48awud/miniconda3/envs/lidiff_hpc/include -I/home/ez48awud/Documents/implementations/LiDiff/MinkowskiEngine/src -I/home/ez48awud/Documents/implementations/LiDiff/MinkowskiEngine/src/3rdparty -I/home/ez48awud/miniconda3/envs/lidiff_hpc/include/python3.10 -c -c /home/ez48awud/Documents/implementations/LiDiff/MinkowskiEngine/src/broadcast_gpu.cu -o /home/ez48awud/Documents/implementations/LiDiff/MinkowskiEngine/build/temp.linux-x86_64-cpython-310/home/ez48awud/Documents/implementations/LiDiff/MinkowskiEngine/src/broadcast_gpu.o -D__CUDA_NO_HALF_OPERATORS__ -D__CUDA_NO_HALF_CONVERSIONS__ -D__CUDA_NO_BFLOAT16_CONVERSIONS__ -D__CUDA_NO_HALF2_OPERATORS__ --expt-relaxed-constexpr --compiler-options ''"'"'-fPIC'"'"'' --expt-relaxed-constexpr --expt-extended-lambda -O3 -Xcompiler=-fno-gnu-unique -Xcompiler -fdiagnostics-color=always -DTORCH_API_INCLUDE_EXTENSION_H -DTORCH_EXTENSION_NAME=_C -gencode=arch=compute_100,code=sm_100 -gencode=arch=compute_103,code=sm_103 -gencode=arch=compute_110,code=sm_110 -gencode=arch=compute_120,code=sm_120 -gencode=arch=compute_121,code=compute_121 -gencode=arch=compute_121,code=sm_121 -gencode=arch=compute_75,code=sm_75 -gencode=arch=compute_80,code=sm_80 -gencode=arch=compute_86,code=sm_86 -gencode=arch=compute_89,code=sm_89 -gencode=arch=compute_90,code=sm_90 -ccbin /home/ez48awud/miniconda3/envs/lidiff_hpc/bin/x86_64-conda-linux-gnu-c++ -std=c++17
/home/ez48awud/Documents/implementations/LiDiff/MinkowskiEngine/src/utils.hpp:206:38: warning: 'template<class _Category, class _Tp, class _Distance, class _Pointer, class _Reference> struct std::iterator' is deprecated [-Wdeprecated-declarations]
  206 |   class iterator
      |                                      ^       
/home/ez48awud/miniconda3/envs/lidiff_hpc/lib/gcc/x86_64-conda-linux-gnu/13.2.0/include/c++/bits/stl_iterator_base_types.h:127:27: note: declared here
  127 |     struct _GLIBCXX17_DEPRECATED iterator
      |                           ^~~~~~~~
[5/21] /home/ez48awud/miniconda3/envs/lidiff_hpc/bin/x86_64-conda-linux-gnu-c++ -MMD -MF /home/ez48awud/Documents/implementations/LiDiff/MinkowskiEngine/build/temp.linux-x86_64-cpython-310/home/ez48awud/Documents/implementations/LiDiff/MinkowskiEngine/src/direct_max_pool.o.d -march=nocona -mtune=haswell -ftree-vectorize -fPIC -fstack-protector-strong -fno-plt -O2 -ffunction-sections -pipe -isystem /home/ez48awud/miniconda3/envs/lidiff_hpc/include -I/home/ez48awud/miniconda3/envs/lidiff_hpc/targets/x86_64-linux/include -I/home/ez48awud/miniconda3/envs/lidiff_hpc/targets/x86_64-linux/include/cccl -DNDEBUG -D_FORTIFY_SOURCE=2 -O2 -isystem /home/ez48awud/miniconda3/envs/lidiff_hpc/include -I/home/ez48awud/miniconda3/envs/lidiff_hpc/targets/x86_64-linux/include -I/home/ez48awud/miniconda3/envs/lidiff_hpc/targets/x86_64-linux/include/cccl -fPIC -DNVTX_DISABLE -I/home/ez48awud/miniconda3/envs/lidiff_hpc/lib/python3.10/site-packages/torch/include -I/home/ez48awud/miniconda3/envs/lidiff_hpc/lib/python3.10/site-packages/torch/include/torch/csrc/api/include -I/home/ez48awud/miniconda3/envs/lidiff_hpc/include -I/home/ez48awud/Documents/implementations/LiDiff/MinkowskiEngine/src -I/home/ez48awud/Documents/implementations/LiDiff/MinkowskiEngine/src/3rdparty -I/home/ez48awud/miniconda3/envs/lidiff_hpc/include/python3.10 -c -c /home/ez48awud/Documents/implementations/LiDiff/MinkowskiEngine/src/direct_max_pool.cpp -o /home/ez48awud/Documents/implementations/LiDiff/MinkowskiEngine/build/temp.linux-x86_64-cpython-310/home/ez48awud/Documents/implementations/LiDiff/MinkowskiEngine/src/direct_max_pool.o -fopenmp -O3 -fdiagnostics-color=always -DTORCH_API_INCLUDE_EXTENSION_H -DTORCH_EXTENSION_NAME=_C -std=c++17
In file included from /home/ez48awud/Documents/implementations/LiDiff/MinkowskiEngine/src/3rdparty/robin_hood.h:56,
                 from /home/ez48awud/Documents/implementations/LiDiff/MinkowskiEngine/src/types.hpp:33,
                 from /home/ez48awud/Documents/implementations/LiDiff/MinkowskiEngine/src/direct_max_pool.cpp:28:
/home/ez48awud/Documents/implementations/LiDiff/MinkowskiEngine/src/3rdparty/../utils.hpp:207:21: warning: 'template<class _Category, class _Tp, class _Distance, class _Pointer, class _Reference> struct std::iterator' is deprecated [-Wdeprecated-declarations]
  207 |       : public std::iterator<std::input_iterator_tag, // iterator_category
      |                     ^~~~~~~~
In file included from /home/ez48awud/miniconda3/envs/lidiff_hpc/lib/gcc/x86_64-conda-linux-gnu/13.2.0/include/c++/bits/stl_algobase.h:65,
                 from /home/ez48awud/miniconda3/envs/lidiff_hpc/lib/gcc/x86_64-conda-linux-gnu/13.2.0/include/c++/bits/hashtable_policy.h:36,
                 from /home/ez48awud/miniconda3/envs/lidiff_hpc/lib/gcc/x86_64-conda-linux-gnu/13.2.0/include/c++/bits/hashtable.h:35,
                 from /home/ez48awud/miniconda3/envs/lidiff_hpc/lib/gcc/x86_64-conda-linux-gnu/13.2.0/include/c++/bits/unordered_map.h:33,
                 from /home/ez48awud/miniconda3/envs/lidiff_hpc/lib/gcc/x86_64-conda-linux-gnu/13.2.0/include/c++/unordered_map:41,
                 from /home/ez48awud/miniconda3/envs/lidiff_hpc/lib/gcc/x86_64-conda-linux-gnu/13.2.0/include/c++/functional:63,
                 from /home/ez48awud/miniconda3/envs/lidiff_hpc/lib/python3.10/site-packages/torch/include/c10/core/DeviceType.h:12,
                 from /home/ez48awud/miniconda3/envs/lidiff_hpc/lib/python3.10/site-packages/torch/include/c10/core/Backend.h:3,
                 from /home/ez48awud/miniconda3/envs/lidiff_hpc/lib/python3.10/site-packages/torch/include/ATen/core/DeprecatedTypeProperties.h:3,
                 from /home/ez48awud/Documents/implementations/LiDiff/MinkowskiEngine/src/dispatcher.hpp:3,
                 from /home/ez48awud/Documents/implementations/LiDiff/MinkowskiEngine/src/direct_max_pool.cpp:27:
/home/ez48awud/miniconda3/envs/lidiff_hpc/lib/gcc/x86_64-conda-linux-gnu/13.2.0/include/c++/bits/stl_iterator_base_types.h:127:34: note: declared here
  127 |     struct _GLIBCXX17_DEPRECATED iterator
      |                                  ^~~~~~~~
[6/21] /home/ez48awud/miniconda3/envs/lidiff_hpc/bin/nvcc --generate-dependencies-with-compile --dependency-output /home/ez48awud/Documents/implementations/LiDiff/MinkowskiEngine/build/temp.linux-x86_64-cpython-310/home/ez48awud/Documents/implementations/LiDiff/MinkowskiEngine/src/coordinate_map_gpu.o.d -DNVTX_DISABLE -I/home/ez48awud/miniconda3/envs/lidiff_hpc/lib/python3.10/site-packages/torch/include -I/home/ez48awud/miniconda3/envs/lidiff_hpc/lib/python3.10/site-packages/torch/include/torch/csrc/api/include -I/home/ez48awud/miniconda3/envs/lidiff_hpc/include -I/home/ez48awud/Documents/implementations/LiDiff/MinkowskiEngine/src -I/home/ez48awud/Documents/implementations/LiDiff/MinkowskiEngine/src/3rdparty -I/home/ez48awud/miniconda3/envs/lidiff_hpc/include/python3.10 -c -c /home/ez48awud/Documents/implementations/LiDiff/MinkowskiEngine/src/coordinate_map_gpu.cu -o /home/ez48awud/Documents/implementations/LiDiff/MinkowskiEngine/build/temp.linux-x86_64-cpython-310/home/ez48awud/Documents/implementations/LiDiff/MinkowskiEngine/src/coordinate_map_gpu.o -D__CUDA_NO_HALF_OPERATORS__ -D__CUDA_NO_HALF_CONVERSIONS__ -D__CUDA_NO_BFLOAT16_CONVERSIONS__ -D__CUDA_NO_HALF2_OPERATORS__ --expt-relaxed-constexpr --compiler-options ''"'"'-fPIC'"'"'' --expt-relaxed-constexpr --expt-extended-lambda -O3 -Xcompiler=-fno-gnu-unique -Xcompiler -fdiagnostics-color=always -DTORCH_API_INCLUDE_EXTENSION_H -DTORCH_EXTENSION_NAME=_C -gencode=arch=compute_100,code=sm_100 -gencode=arch=compute_103,code=sm_103 -gencode=arch=compute_110,code=sm_110 -gencode=arch=compute_120,code=sm_120 -gencode=arch=compute_121,code=compute_121 -gencode=arch=compute_121,code=sm_121 -gencode=arch=compute_75,code=sm_75 -gencode=arch=compute_80,code=sm_80 -gencode=arch=compute_86,code=sm_86 -gencode=arch=compute_89,code=sm_89 -gencode=arch=compute_90,code=sm_90 -ccbin /home/ez48awud/miniconda3/envs/lidiff_hpc/bin/x86_64-conda-linux-gnu-c++ -std=c++17
FAILED: [code=1] /home/ez48awud/Documents/implementations/LiDiff/MinkowskiEngine/build/temp.linux-x86_64-cpython-310/home/ez48awud/Documents/implementations/LiDiff/MinkowskiEngine/src/coordinate_map_gpu.o 
/home/ez48awud/miniconda3/envs/lidiff_hpc/bin/nvcc --generate-dependencies-with-compile --dependency-output /home/ez48awud/Documents/implementations/LiDiff/MinkowskiEngine/build/temp.linux-x86_64-cpython-310/home/ez48awud/Documents/implementations/LiDiff/MinkowskiEngine/src/coordinate_map_gpu.o.d -DNVTX_DISABLE -I/home/ez48awud/miniconda3/envs/lidiff_hpc/lib/python3.10/site-packages/torch/include -I/home/ez48awud/miniconda3/envs/lidiff_hpc/lib/python3.10/site-packages/torch/include/torch/csrc/api/include -I/home/ez48awud/miniconda3/envs/lidiff_hpc/include -I/home/ez48awud/Documents/implementations/LiDiff/MinkowskiEngine/src -I/home/ez48awud/Documents/implementations/LiDiff/MinkowskiEngine/src/3rdparty -I/home/ez48awud/miniconda3/envs/lidiff_hpc/include/python3.10 -c -c /home/ez48awud/Documents/implementations/LiDiff/MinkowskiEngine/src/coordinate_map_gpu.cu -o /home/ez48awud/Documents/implementations/LiDiff/MinkowskiEngine/build/temp.linux-x86_64-cpython-310/home/ez48awud/Documents/implementations/LiDiff/MinkowskiEngine/src/coordinate_map_gpu.o -D__CUDA_NO_HALF_OPERATORS__ -D__CUDA_NO_HALF_CONVERSIONS__ -D__CUDA_NO_BFLOAT16_CONVERSIONS__ -D__CUDA_NO_HALF2_OPERATORS__ --expt-relaxed-constexpr --compiler-options ''"'"'-fPIC'"'"'' --expt-relaxed-constexpr --expt-extended-lambda -O3 -Xcompiler=-fno-gnu-unique -Xcompiler -fdiagnostics-color=always -DTORCH_API_INCLUDE_EXTENSION_H -DTORCH_EXTENSION_NAME=_C -gencode=arch=compute_100,code=sm_100 -gencode=arch=compute_103,code=sm_103 -gencode=arch=compute_110,code=sm_110 -gencode=arch=compute_120,code=sm_120 -gencode=arch=compute_121,code=compute_121 -gencode=arch=compute_121,code=sm_121 -gencode=arch=compute_75,code=sm_75 -gencode=arch=compute_80,code=sm_80 -gencode=arch=compute_86,code=sm_86 -gencode=arch=compute_89,code=sm_89 -gencode=arch=compute_90,code=sm_90 -ccbin /home/ez48awud/miniconda3/envs/lidiff_hpc/bin/x86_64-conda-linux-gnu-c++ -std=c++17
/home/ez48awud/Documents/implementations/LiDiff/MinkowskiEngine/src/3rdparty/concurrent_unordered_map.cuh(591): error: no suitable constructor exists to convert from "int" to "cudaMemLocation"
           do { cudaError_t const status = (cudaMemPrefetchAsync(m_hashtbl_values, m_capacity * sizeof(value_type), dev_id, stream)); if (cudaSuccess != status) { cudaGetLastError(); cudf::detail::throw_cuda_error(status, "/home/ez48awud/Documents/implementations/LiDiff/MinkowskiEngine/src/3rdparty/concurrent_unordered_map.cuh", 591); } } while (0);
                                                                                                                    ^
          detected during:
            instantiation of "concurrent_unordered_map<Key, Element, Hasher, Equality, Allocator>::concurrent_unordered_map(concurrent_unordered_map<Key, Element, Hasher, Equality, Allocator>::size_type, concurrent_unordered_map<Key, Element, Hasher, Equality, Allocator>::mapped_type, concurrent_unordered_map<Key, Element, Hasher, Equality, Allocator>::key_type, const Hasher &, const Equality &, const concurrent_unordered_map<Key, Element, Hasher, Equality, Allocator>::allocator_type &, cudaStream_t) [with Key=minkowski::coordinate<int32_t>, Element=uint32_t, Hasher=minkowski::detail::coordinate_murmur3<int32_t>, Equality=minkowski::detail::coordinate_equal_to<int32_t>, Allocator=minkowski::detail::default_allocator<cuda::std::__4::pair<minkowski::coordinate<int32_t>, uint32_t>>]" at line 139 of /home/ez48awud/Documents/implementations/LiDiff/MinkowskiEngine/src/coordinate_map_gpu.cuh
            instantiation of "void minkowski::CoordinateMapGPU<coordinate_type, TemplatedAllocator>::reserve(minkowski::CoordinateMapGPU<coordinate_type, TemplatedAllocator>::size_type) [with coordinate_type=int32_t, TemplatedAllocator=minkowski::detail::default_allocator]" at line 104 of /home/ez48awud/Documents/implementations/LiDiff/MinkowskiEngine/src/coordinate_map_gpu.cuh

/home/ez48awud/Documents/implementations/LiDiff/MinkowskiEngine/src/3rdparty/concurrent_unordered_map.cuh(591): error: argument of type "cudaStream_t" (aka "CUstream_st *") is incompatible with parameter of type "unsigned int"
           do { cudaError_t const status = (cudaMemPrefetchAsync(m_hashtbl_values, m_capacity * sizeof(value_type), dev_id, stream)); if (cudaSuccess != status) { cudaGetLastError(); cudf::detail::throw_cuda_error(status, "/home/ez48awud/Documents/implementations/LiDiff/MinkowskiEngine/src/3rdparty/concurrent_unordered_map.cuh", 591); } } while (0);
                                                                                                                            ^
          detected during:
            instantiation of "concurrent_unordered_map<Key, Element, Hasher, Equality, Allocator>::concurrent_unordered_map(concurrent_unordered_map<Key, Element, Hasher, Equality, Allocator>::size_type, concurrent_unordered_map<Key, Element, Hasher, Equality, Allocator>::mapped_type, concurrent_unordered_map<Key, Element, Hasher, Equality, Allocator>::key_type, const Hasher &, const Equality &, const concurrent_unordered_map<Key, Element, Hasher, Equality, Allocator>::allocator_type &, cudaStream_t) [with Key=minkowski::coordinate<int32_t>, Element=uint32_t, Hasher=minkowski::detail::coordinate_murmur3<int32_t>, Equality=minkowski::detail::coordinate_equal_to<int32_t>, Allocator=minkowski::detail::default_allocator<cuda::std::__4::pair<minkowski::coordinate<int32_t>, uint32_t>>]" at line 139 of /home/ez48awud/Documents/implementations/LiDiff/MinkowskiEngine/src/coordinate_map_gpu.cuh
            instantiation of "void minkowski::CoordinateMapGPU<coordinate_type, TemplatedAllocator>::reserve(minkowski::CoordinateMapGPU<coordinate_type, TemplatedAllocator>::size_type) [with coordinate_type=int32_t, TemplatedAllocator=minkowski::detail::default_allocator]" at line 104 of /home/ez48awud/Documents/implementations/LiDiff/MinkowskiEngine/src/coordinate_map_gpu.cuh

/home/ez48awud/miniconda3/envs/lidiff_hpc/lib/gcc/x86_64-conda-linux-gnu/13.2.0/include/c++/bits/shared_ptr_base.h(1561): error: more than one instance of overloaded function "std::__to_address" matches the argument list:
            function template "_Tp *cuda::std::__4::__to_address(_Tp *) noexcept" (declared at line 184 of /home/ez48awud/miniconda3/envs/lidiff_hpc/targets/x86_64-linux/include/cccl/cuda/std/__memory/pointer_traits.h)
            function template "_Tp *std::__to_address(_Tp *) noexcept" (declared at line 212 of /home/ez48awud/miniconda3/envs/lidiff_hpc/lib/gcc/x86_64-conda-linux-gnu/13.2.0/include/c++/bits/ptr_traits.h)
            argument types are: (concurrent_unordered_map<minkowski::coordinate<int32_t>, uint32_t, minkowski::detail::coordinate_murmur3<int32_t>, minkowski::detail::coordinate_equal_to<int32_t>, minkowski::detail::default_allocator<cuda::std::__4::pair<minkowski::coordinate<int32_t>, uint32_t>>> *)
     auto __raw = __to_address(__r.get());
                  ^
/home/ez48awud/miniconda3/envs/lidiff_hpc/lib/gcc/x86_64-conda-linux-gnu/13.2.0/include/c++/bits/stl_iterator.h(1368): note #3327-D: candidate function template "std::__to_address(const __gnu_cxx::__normal_iterator<_Iterator, _Container> &)->decltype((<expression>)) noexcept" failed deduction
      __to_address(const __gnu_cxx::__normal_iterator<_Iterator,
      ^
/home/ez48awud/miniconda3/envs/lidiff_hpc/targets/x86_64-linux/include/cccl/cuda/std/__memory/pointer_traits.h(216): note #3327-D: candidate function template "cuda::std::__4::__to_address(const _Pointer &) noexcept" failed deduction
  __to_address(const _Pointer& __p) noexcept
  ^
          detected during:
            instantiation of "std::__shared_ptr<_Tp, _Lp>::__shared_ptr(std::unique_ptr<_Yp, _Del> &&) [with _Tp=concurrent_unordered_map<minkowski::coordinate<int32_t>, uint32_t, minkowski::detail::coordinate_murmur3<int32_t>, minkowski::detail::coordinate_equal_to<int32_t>, minkowski::detail::default_allocator<cuda::std::__4::pair<minkowski::coordinate<int32_t>, uint32_t>>>, _Lp=__gnu_cxx::_S_atomic, _Yp=concurrent_unordered_map<minkowski::coordinate<int32_t>, uint32_t, minkowski::detail::coordinate_murmur3<int32_t>, minkowski::detail::coordinate_equal_to<int32_t>, minkowski::detail::default_allocator<cuda::std::__4::pair<minkowski::coordinate<int32_t>, uint32_t>>>, _Del=std::function<void (concurrent_unordered_map<minkowski::coordinate<int32_t>, uint32_t, minkowski::detail::coordinate_murmur3<int32_t>, minkowski::detail::coordinate_equal_to<int32_t>, minkowski::detail::default_allocator<cuda::std::__4::pair<minkowski::coordinate<int32_t>, uint32_t>>> *)>, <unnamed>=void]" at line 1636
            instantiation of "std::__shared_ptr<_Tp, _Lp>::_UniqAssignable<_Yp, _Del> std::__shared_ptr<_Tp, _Lp>::operator=(std::unique_ptr<_Yp, _Del> &&) [with _Tp=concurrent_unordered_map<minkowski::coordinate<int32_t>, uint32_t, minkowski::detail::coordinate_murmur3<int32_t>, minkowski::detail::coordinate_equal_to<int32_t>, minkowski::detail::default_allocator<cuda::std::__4::pair<minkowski::coordinate<int32_t>, uint32_t>>>, _Lp=__gnu_cxx::_S_atomic, _Yp=concurrent_unordered_map<minkowski::coordinate<int32_t>, uint32_t, minkowski::detail::coordinate_murmur3<int32_t>, minkowski::detail::coordinate_equal_to<int32_t>, minkowski::detail::default_allocator<cuda::std::__4::pair<minkowski::coordinate<int32_t>, uint32_t>>>, _Del=std::function<void (concurrent_unordered_map<minkowski::coordinate<int32_t>, uint32_t, minkowski::detail::coordinate_murmur3<int32_t>, minkowski::detail::coordinate_equal_to<int32_t>, minkowski::detail::default_allocator<cuda::std::__4::pair<minkowski::coordinate<int32_t>, uint32_t>>> *)>]" at line 456 of /home/ez48awud/miniconda3/envs/lidiff_hpc/lib/gcc/x86_64-conda-linux-gnu/13.2.0/include/c++/bits/shared_ptr.h
            instantiation of "std::shared_ptr<_Tp>::_Assignable<std::unique_ptr<_Yp, _Del>> std::shared_ptr<_Tp>::operator=(std::unique_ptr<_Yp, _Del> &&) [with _Tp=concurrent_unordered_map<minkowski::coordinate<int32_t>, uint32_t, minkowski::detail::coordinate_murmur3<int32_t>, minkowski::detail::coordinate_equal_to<int32_t>, minkowski::detail::default_allocator<cuda::std::__4::pair<minkowski::coordinate<int32_t>, uint32_t>>>, _Yp=concurrent_unordered_map<minkowski::coordinate<int32_t>, uint32_t, minkowski::detail::coordinate_murmur3<int32_t>, minkowski::detail::coordinate_equal_to<int32_t>, minkowski::detail::default_allocator<cuda::std::__4::pair<minkowski::coordinate<int32_t>, uint32_t>>>, _Del=std::function<void (concurrent_unordered_map<minkowski::coordinate<int32_t>, uint32_t, minkowski::detail::coordinate_murmur3<int32_t>, minkowski::detail::coordinate_equal_to<int32_t>, minkowski::detail::default_allocator<cuda::std::__4::pair<minkowski::coordinate<int32_t>, uint32_t>>> *)>]" at line 141 of /home/ez48awud/Documents/implementations/LiDiff/MinkowskiEngine/src/coordinate_map_gpu.cuh
            instantiation of "void minkowski::CoordinateMapGPU<coordinate_type, TemplatedAllocator>::reserve(minkowski::CoordinateMapGPU<coordinate_type, TemplatedAllocator>::size_type) [with coordinate_type=int32_t, TemplatedAllocator=minkowski::detail::default_allocator]" at line 104 of /home/ez48awud/Documents/implementations/LiDiff/MinkowskiEngine/src/coordinate_map_gpu.cuh

/home/ez48awud/miniconda3/envs/lidiff_hpc/lib/gcc/x86_64-conda-linux-gnu/13.2.0/include/c++/bits/shared_ptr_base.h(1563): error: no instance of overloaded function "std::__shared_ptr<_Tp, _Lp>::_M_enable_shared_from_this_with [with _Tp=concurrent_unordered_map<minkowski::coordinate<int32_t>, uint32_t, minkowski::detail::coordinate_murmur3<int32_t>, minkowski::detail::coordinate_equal_to<int32_t>, minkowski::detail::default_allocator<cuda::std::__4::pair<minkowski::coordinate<int32_t>, uint32_t>>>, _Lp=__gnu_cxx::_S_atomic]" matches the argument list
            argument types are: (<error-type>)
     _M_enable_shared_from_this_with(__raw);
     ^
/home/ez48awud/miniconda3/envs/lidiff_hpc/lib/gcc/x86_64-conda-linux-gnu/13.2.0/include/c++/bits/shared_ptr_base.h(1765): note #3327-D: candidate function template "std::__shared_ptr<_Tp, _Lp>::_M_enable_shared_from_this_with(_Yp *) noexcept [with _Tp=concurrent_unordered_map<minkowski::coordinate<int32_t>, uint32_t, minkowski::detail::coordinate_murmur3<int32_t>, minkowski::detail::coordinate_equal_to<int32_t>, minkowski::detail::default_allocator<cuda::std::__4::pair<minkowski::coordinate<int32_t>, uint32_t>>>, _Lp=__gnu_cxx::_S_atomic]" failed deduction
   _M_enable_shared_from_this_with(_Yp*) noexcept
   ^
/home/ez48awud/miniconda3/envs/lidiff_hpc/lib/gcc/x86_64-conda-linux-gnu/13.2.0/include/c++/bits/shared_ptr_base.h(1757): note #3327-D: candidate function template "std::__shared_ptr<_Tp, _Lp>::_M_enable_shared_from_this_with(_Yp *) noexcept [with _Tp=concurrent_unordered_map<minkowski::coordinate<int32_t>, uint32_t, minkowski::detail::coordinate_murmur3<int32_t>, minkowski::detail::coordinate_equal_to<int32_t>, minkowski::detail::default_allocator<cuda::std::__4::pair<minkowski::coordinate<int32_t>, uint32_t>>>, _Lp=__gnu_cxx::_S_atomic]" failed deduction
   _M_enable_shared_from_this_with(_Yp* __p) noexcept
   ^
          detected during:
            instantiation of "std::__shared_ptr<_Tp, _Lp>::__shared_ptr(std::unique_ptr<_Yp, _Del> &&) [with _Tp=concurrent_unordered_map<minkowski::coordinate<int32_t>, uint32_t, minkowski::detail::coordinate_murmur3<int32_t>, minkowski::detail::coordinate_equal_to<int32_t>, minkowski::detail::default_allocator<cuda::std::__4::pair<minkowski::coordinate<int32_t>, uint32_t>>>, _Lp=__gnu_cxx::_S_atomic, _Yp=concurrent_unordered_map<minkowski::coordinate<int32_t>, uint32_t, minkowski::detail::coordinate_murmur3<int32_t>, minkowski::detail::coordinate_equal_to<int32_t>, minkowski::detail::default_allocator<cuda::std::__4::pair<minkowski::coordinate<int32_t>, uint32_t>>>, _Del=std::function<void (concurrent_unordered_map<minkowski::coordinate<int32_t>, uint32_t, minkowski::detail::coordinate_murmur3<int32_t>, minkowski::detail::coordinate_equal_to<int32_t>, minkowski::detail::default_allocator<cuda::std::__4::pair<minkowski::coordinate<int32_t>, uint32_t>>> *)>, <unnamed>=void]" at line 1636
            instantiation of "std::__shared_ptr<_Tp, _Lp>::_UniqAssignable<_Yp, _Del> std::__shared_ptr<_Tp, _Lp>::operator=(std::unique_ptr<_Yp, _Del> &&) [with _Tp=concurrent_unordered_map<minkowski::coordinate<int32_t>, uint32_t, minkowski::detail::coordinate_murmur3<int32_t>, minkowski::detail::coordinate_equal_to<int32_t>, minkowski::detail::default_allocator<cuda::std::__4::pair<minkowski::coordinate<int32_t>, uint32_t>>>, _Lp=__gnu_cxx::_S_atomic, _Yp=concurrent_unordered_map<minkowski::coordinate<int32_t>, uint32_t, minkowski::detail::coordinate_murmur3<int32_t>, minkowski::detail::coordinate_equal_to<int32_t>, minkowski::detail::default_allocator<cuda::std::__4::pair<minkowski::coordinate<int32_t>, uint32_t>>>, _Del=std::function<void (concurrent_unordered_map<minkowski::coordinate<int32_t>, uint32_t, minkowski::detail::coordinate_murmur3<int32_t>, minkowski::detail::coordinate_equal_to<int32_t>, minkowski::detail::default_allocator<cuda::std::__4::pair<minkowski::coordinate<int32_t>, uint32_t>>> *)>]" at line 456 of /home/ez48awud/miniconda3/envs/lidiff_hpc/lib/gcc/x86_64-conda-linux-gnu/13.2.0/include/c++/bits/shared_ptr.h
            instantiation of "std::shared_ptr<_Tp>::_Assignable<std::unique_ptr<_Yp, _Del>> std::shared_ptr<_Tp>::operator=(std::unique_ptr<_Yp, _Del> &&) [with _Tp=concurrent_unordered_map<minkowski::coordinate<int32_t>, uint32_t, minkowski::detail::coordinate_murmur3<int32_t>, minkowski::detail::coordinate_equal_to<int32_t>, minkowski::detail::default_allocator<cuda::std::__4::pair<minkowski::coordinate<int32_t>, uint32_t>>>, _Yp=concurrent_unordered_map<minkowski::coordinate<int32_t>, uint32_t, minkowski::detail::coordinate_murmur3<int32_t>, minkowski::detail::coordinate_equal_to<int32_t>, minkowski::detail::default_allocator<cuda::std::__4::pair<minkowski::coordinate<int32_t>, uint32_t>>>, _Del=std::function<void (concurrent_unordered_map<minkowski::coordinate<int32_t>, uint32_t, minkowski::detail::coordinate_murmur3<int32_t>, minkowski::detail::coordinate_equal_to<int32_t>, minkowski::detail::default_allocator<cuda::std::__4::pair<minkowski::coordinate<int32_t>, uint32_t>>> *)>]" at line 141 of /home/ez48awud/Documents/implementations/LiDiff/MinkowskiEngine/src/coordinate_map_gpu.cuh
            instantiation of "void minkowski::CoordinateMapGPU<coordinate_type, TemplatedAllocator>::reserve(minkowski::CoordinateMapGPU<coordinate_type, TemplatedAllocator>::size_type) [with coordinate_type=int32_t, TemplatedAllocator=minkowski::detail::default_allocator]" at line 104 of /home/ez48awud/Documents/implementations/LiDiff/MinkowskiEngine/src/coordinate_map_gpu.cuh

/home/ez48awud/Documents/implementations/LiDiff/MinkowskiEngine/src/3rdparty/concurrent_unordered_map.cuh(591): error: no suitable constructor exists to convert from "int" to "cudaMemLocation"
           do { cudaError_t const status = (cudaMemPrefetchAsync(m_hashtbl_values, m_capacity * sizeof(value_type), dev_id, stream)); if (cudaSuccess != status) { cudaGetLastError(); cudf::detail::throw_cuda_error(status, "/home/ez48awud/Documents/implementations/LiDiff/MinkowskiEngine/src/3rdparty/concurrent_unordered_map.cuh", 591); } } while (0);
                                                                                                                    ^
          detected during:
            instantiation of "concurrent_unordered_map<Key, Element, Hasher, Equality, Allocator>::concurrent_unordered_map(concurrent_unordered_map<Key, Element, Hasher, Equality, Allocator>::size_type, concurrent_unordered_map<Key, Element, Hasher, Equality, Allocator>::mapped_type, concurrent_unordered_map<Key, Element, Hasher, Equality, Allocator>::key_type, const Hasher &, const Equality &, const concurrent_unordered_map<Key, Element, Hasher, Equality, Allocator>::allocator_type &, cudaStream_t) [with Key=minkowski::coordinate<int32_t>, Element=uint32_t, Hasher=minkowski::detail::coordinate_murmur3<int32_t>, Equality=minkowski::detail::coordinate_equal_to<int32_t>, Allocator=minkowski::detail::c10_allocator<cuda::std::__4::pair<minkowski::coordinate<int32_t>, uint32_t>>]" at line 139 of /home/ez48awud/Documents/implementations/LiDiff/MinkowskiEngine/src/coordinate_map_gpu.cuh
            instantiation of "void minkowski::CoordinateMapGPU<coordinate_type, TemplatedAllocator>::reserve(minkowski::CoordinateMapGPU<coordinate_type, TemplatedAllocator>::size_type) [with coordinate_type=int32_t, TemplatedAllocator=minkowski::detail::c10_allocator]" at line 104 of /home/ez48awud/Documents/implementations/LiDiff/MinkowskiEngine/src/coordinate_map_gpu.cuh

/home/ez48awud/Documents/implementations/LiDiff/MinkowskiEngine/src/3rdparty/concurrent_unordered_map.cuh(591): error: argument of type "cudaStream_t" (aka "CUstream_st *") is incompatible with parameter of type "unsigned int"
           do { cudaError_t const status = (cudaMemPrefetchAsync(m_hashtbl_values, m_capacity * sizeof(value_type), dev_id, stream)); if (cudaSuccess != status) { cudaGetLastError(); cudf::detail::throw_cuda_error(status, "/home/ez48awud/Documents/implementations/LiDiff/MinkowskiEngine/src/3rdparty/concurrent_unordered_map.cuh", 591); } } while (0);
                                                                                                                            ^
          detected during:
            instantiation of "concurrent_unordered_map<Key, Element, Hasher, Equality, Allocator>::concurrent_unordered_map(concurrent_unordered_map<Key, Element, Hasher, Equality, Allocator>::size_type, concurrent_unordered_map<Key, Element, Hasher, Equality, Allocator>::mapped_type, concurrent_unordered_map<Key, Element, Hasher, Equality, Allocator>::key_type, const Hasher &, const Equality &, const concurrent_unordered_map<Key, Element, Hasher, Equality, Allocator>::allocator_type &, cudaStream_t) [with Key=minkowski::coordinate<int32_t>, Element=uint32_t, Hasher=minkowski::detail::coordinate_murmur3<int32_t>, Equality=minkowski::detail::coordinate_equal_to<int32_t>, Allocator=minkowski::detail::c10_allocator<cuda::std::__4::pair<minkowski::coordinate<int32_t>, uint32_t>>]" at line 139 of /home/ez48awud/Documents/implementations/LiDiff/MinkowskiEngine/src/coordinate_map_gpu.cuh
            instantiation of "void minkowski::CoordinateMapGPU<coordinate_type, TemplatedAllocator>::reserve(minkowski::CoordinateMapGPU<coordinate_type, TemplatedAllocator>::size_type) [with coordinate_type=int32_t, TemplatedAllocator=minkowski::detail::c10_allocator]" at line 104 of /home/ez48awud/Documents/implementations/LiDiff/MinkowskiEngine/src/coordinate_map_gpu.cuh

/home/ez48awud/miniconda3/envs/lidiff_hpc/lib/gcc/x86_64-conda-linux-gnu/13.2.0/include/c++/bits/shared_ptr_base.h(1561): error: more than one instance of overloaded function "std::__to_address" matches the argument list:
            function template "_Tp *cuda::std::__4::__to_address(_Tp *) noexcept" (declared at line 184 of /home/ez48awud/miniconda3/envs/lidiff_hpc/targets/x86_64-linux/include/cccl/cuda/std/__memory/pointer_traits.h)
            function template "_Tp *std::__to_address(_Tp *) noexcept" (declared at line 212 of /home/ez48awud/miniconda3/envs/lidiff_hpc/lib/gcc/x86_64-conda-linux-gnu/13.2.0/include/c++/bits/ptr_traits.h)
            argument types are: (concurrent_unordered_map<minkowski::coordinate<int32_t>, uint32_t, minkowski::detail::coordinate_murmur3<int32_t>, minkowski::detail::coordinate_equal_to<int32_t>, minkowski::detail::c10_allocator<cuda::std::__4::pair<minkowski::coordinate<int32_t>, uint32_t>>> *)
     auto __raw = __to_address(__r.get());
                  ^
/home/ez48awud/miniconda3/envs/lidiff_hpc/lib/gcc/x86_64-conda-linux-gnu/13.2.0/include/c++/bits/stl_iterator.h(1368): note #3327-D: candidate function template "std::__to_address(const __gnu_cxx::__normal_iterator<_Iterator, _Container> &)->decltype((<expression>)) noexcept" failed deduction
      __to_address(const __gnu_cxx::__normal_iterator<_Iterator,
      ^
/home/ez48awud/miniconda3/envs/lidiff_hpc/targets/x86_64-linux/include/cccl/cuda/std/__memory/pointer_traits.h(216): note #3327-D: candidate function template "cuda::std::__4::__to_address(const _Pointer &) noexcept" failed deduction
  __to_address(const _Pointer& __p) noexcept
  ^
          detected during:
            instantiation of "std::__shared_ptr<_Tp, _Lp>::__shared_ptr(std::unique_ptr<_Yp, _Del> &&) [with _Tp=concurrent_unordered_map<minkowski::coordinate<int32_t>, uint32_t, minkowski::detail::coordinate_murmur3<int32_t>, minkowski::detail::coordinate_equal_to<int32_t>, minkowski::detail::c10_allocator<cuda::std::__4::pair<minkowski::coordinate<int32_t>, uint32_t>>>, _Lp=__gnu_cxx::_S_atomic, _Yp=concurrent_unordered_map<minkowski::coordinate<int32_t>, uint32_t, minkowski::detail::coordinate_murmur3<int32_t>, minkowski::detail::coordinate_equal_to<int32_t>, minkowski::detail::c10_allocator<cuda::std::__4::pair<minkowski::coordinate<int32_t>, uint32_t>>>, _Del=std::function<void (concurrent_unordered_map<minkowski::coordinate<int32_t>, uint32_t, minkowski::detail::coordinate_murmur3<int32_t>, minkowski::detail::coordinate_equal_to<int32_t>, minkowski::detail::c10_allocator<cuda::std::__4::pair<minkowski::coordinate<int32_t>, uint32_t>>> *)>, <unnamed>=void]" at line 1636
            instantiation of "std::__shared_ptr<_Tp, _Lp>::_UniqAssignable<_Yp, _Del> std::__shared_ptr<_Tp, _Lp>::operator=(std::unique_ptr<_Yp, _Del> &&) [with _Tp=concurrent_unordered_map<minkowski::coordinate<int32_t>, uint32_t, minkowski::detail::coordinate_murmur3<int32_t>, minkowski::detail::coordinate_equal_to<int32_t>, minkowski::detail::c10_allocator<cuda::std::__4::pair<minkowski::coordinate<int32_t>, uint32_t>>>, _Lp=__gnu_cxx::_S_atomic, _Yp=concurrent_unordered_map<minkowski::coordinate<int32_t>, uint32_t, minkowski::detail::coordinate_murmur3<int32_t>, minkowski::detail::coordinate_equal_to<int32_t>, minkowski::detail::c10_allocator<cuda::std::__4::pair<minkowski::coordinate<int32_t>, uint32_t>>>, _Del=std::function<void (concurrent_unordered_map<minkowski::coordinate<int32_t>, uint32_t, minkowski::detail::coordinate_murmur3<int32_t>, minkowski::detail::coordinate_equal_to<int32_t>, minkowski::detail::c10_allocator<cuda::std::__4::pair<minkowski::coordinate<int32_t>, uint32_t>>> *)>]" at line 456 of /home/ez48awud/miniconda3/envs/lidiff_hpc/lib/gcc/x86_64-conda-linux-gnu/13.2.0/include/c++/bits/shared_ptr.h
            instantiation of "std::shared_ptr<_Tp>::_Assignable<std::unique_ptr<_Yp, _Del>> std::shared_ptr<_Tp>::operator=(std::unique_ptr<_Yp, _Del> &&) [with _Tp=concurrent_unordered_map<minkowski::coordinate<int32_t>, uint32_t, minkowski::detail::coordinate_murmur3<int32_t>, minkowski::detail::coordinate_equal_to<int32_t>, minkowski::detail::c10_allocator<cuda::std::__4::pair<minkowski::coordinate<int32_t>, uint32_t>>>, _Yp=concurrent_unordered_map<minkowski::coordinate<int32_t>, uint32_t, minkowski::detail::coordinate_murmur3<int32_t>, minkowski::detail::coordinate_equal_to<int32_t>, minkowski::detail::c10_allocator<cuda::std::__4::pair<minkowski::coordinate<int32_t>, uint32_t>>>, _Del=std::function<void (concurrent_unordered_map<minkowski::coordinate<int32_t>, uint32_t, minkowski::detail::coordinate_murmur3<int32_t>, minkowski::detail::coordinate_equal_to<int32_t>, minkowski::detail::c10_allocator<cuda::std::__4::pair<minkowski::coordinate<int32_t>, uint32_t>>> *)>]" at line 141 of /home/ez48awud/Documents/implementations/LiDiff/MinkowskiEngine/src/coordinate_map_gpu.cuh
            instantiation of "void minkowski::CoordinateMapGPU<coordinate_type, TemplatedAllocator>::reserve(minkowski::CoordinateMapGPU<coordinate_type, TemplatedAllocator>::size_type) [with coordinate_type=int32_t, TemplatedAllocator=minkowski::detail::c10_allocator]" at line 104 of /home/ez48awud/Documents/implementations/LiDiff/MinkowskiEngine/src/coordinate_map_gpu.cuh

/home/ez48awud/miniconda3/envs/lidiff_hpc/lib/gcc/x86_64-conda-linux-gnu/13.2.0/include/c++/bits/shared_ptr_base.h(1563): error: no instance of overloaded function "std::__shared_ptr<_Tp, _Lp>::_M_enable_shared_from_this_with [with _Tp=concurrent_unordered_map<minkowski::coordinate<int32_t>, uint32_t, minkowski::detail::coordinate_murmur3<int32_t>, minkowski::detail::coordinate_equal_to<int32_t>, minkowski::detail::c10_allocator<cuda::std::__4::pair<minkowski::coordinate<int32_t>, uint32_t>>>, _Lp=__gnu_cxx::_S_atomic]" matches the argument list
            argument types are: (<error-type>)
     _M_enable_shared_from_this_with(__raw);
     ^
/home/ez48awud/miniconda3/envs/lidiff_hpc/lib/gcc/x86_64-conda-linux-gnu/13.2.0/include/c++/bits/shared_ptr_base.h(1765): note #3327-D: candidate function template "std::__shared_ptr<_Tp, _Lp>::_M_enable_shared_from_this_with(_Yp *) noexcept [with _Tp=concurrent_unordered_map<minkowski::coordinate<int32_t>, uint32_t, minkowski::detail::coordinate_murmur3<int32_t>, minkowski::detail::coordinate_equal_to<int32_t>, minkowski::detail::c10_allocator<cuda::std::__4::pair<minkowski::coordinate<int32_t>, uint32_t>>>, _Lp=__gnu_cxx::_S_atomic]" failed deduction
   _M_enable_shared_from_this_with(_Yp*) noexcept
   ^
/home/ez48awud/miniconda3/envs/lidiff_hpc/lib/gcc/x86_64-conda-linux-gnu/13.2.0/include/c++/bits/shared_ptr_base.h(1757): note #3327-D: candidate function template "std::__shared_ptr<_Tp, _Lp>::_M_enable_shared_from_this_with(_Yp *) noexcept [with _Tp=concurrent_unordered_map<minkowski::coordinate<int32_t>, uint32_t, minkowski::detail::coordinate_murmur3<int32_t>, minkowski::detail::coordinate_equal_to<int32_t>, minkowski::detail::c10_allocator<cuda::std::__4::pair<minkowski::coordinate<int32_t>, uint32_t>>>, _Lp=__gnu_cxx::_S_atomic]" failed deduction
   _M_enable_shared_from_this_with(_Yp* __p) noexcept
   ^
          detected during:
            instantiation of "std::__shared_ptr<_Tp, _Lp>::__shared_ptr(std::unique_ptr<_Yp, _Del> &&) [with _Tp=concurrent_unordered_map<minkowski::coordinate<int32_t>, uint32_t, minkowski::detail::coordinate_murmur3<int32_t>, minkowski::detail::coordinate_equal_to<int32_t>, minkowski::detail::c10_allocator<cuda::std::__4::pair<minkowski::coordinate<int32_t>, uint32_t>>>, _Lp=__gnu_cxx::_S_atomic, _Yp=concurrent_unordered_map<minkowski::coordinate<int32_t>, uint32_t, minkowski::detail::coordinate_murmur3<int32_t>, minkowski::detail::coordinate_equal_to<int32_t>, minkowski::detail::c10_allocator<cuda::std::__4::pair<minkowski::coordinate<int32_t>, uint32_t>>>, _Del=std::function<void (concurrent_unordered_map<minkowski::coordinate<int32_t>, uint32_t, minkowski::detail::coordinate_murmur3<int32_t>, minkowski::detail::coordinate_equal_to<int32_t>, minkowski::detail::c10_allocator<cuda::std::__4::pair<minkowski::coordinate<int32_t>, uint32_t>>> *)>, <unnamed>=void]" at line 1636
            instantiation of "std::__shared_ptr<_Tp, _Lp>::_UniqAssignable<_Yp, _Del> std::__shared_ptr<_Tp, _Lp>::operator=(std::unique_ptr<_Yp, _Del> &&) [with _Tp=concurrent_unordered_map<minkowski::coordinate<int32_t>, uint32_t, minkowski::detail::coordinate_murmur3<int32_t>, minkowski::detail::coordinate_equal_to<int32_t>, minkowski::detail::c10_allocator<cuda::std::__4::pair<minkowski::coordinate<int32_t>, uint32_t>>>, _Lp=__gnu_cxx::_S_atomic, _Yp=concurrent_unordered_map<minkowski::coordinate<int32_t>, uint32_t, minkowski::detail::coordinate_murmur3<int32_t>, minkowski::detail::coordinate_equal_to<int32_t>, minkowski::detail::c10_allocator<cuda::std::__4::pair<minkowski::coordinate<int32_t>, uint32_t>>>, _Del=std::function<void (concurrent_unordered_map<minkowski::coordinate<int32_t>, uint32_t, minkowski::detail::coordinate_murmur3<int32_t>, minkowski::detail::coordinate_equal_to<int32_t>, minkowski::detail::c10_allocator<cuda::std::__4::pair<minkowski::coordinate<int32_t>, uint32_t>>> *)>]" at line 456 of /home/ez48awud/miniconda3/envs/lidiff_hpc/lib/gcc/x86_64-conda-linux-gnu/13.2.0/include/c++/bits/shared_ptr.h
            instantiation of "std::shared_ptr<_Tp>::_Assignable<std::unique_ptr<_Yp, _Del>> std::shared_ptr<_Tp>::operator=(std::unique_ptr<_Yp, _Del> &&) [with _Tp=concurrent_unordered_map<minkowski::coordinate<int32_t>, uint32_t, minkowski::detail::coordinate_murmur3<int32_t>, minkowski::detail::coordinate_equal_to<int32_t>, minkowski::detail::c10_allocator<cuda::std::__4::pair<minkowski::coordinate<int32_t>, uint32_t>>>, _Yp=concurrent_unordered_map<minkowski::coordinate<int32_t>, uint32_t, minkowski::detail::coordinate_murmur3<int32_t>, minkowski::detail::coordinate_equal_to<int32_t>, minkowski::detail::c10_allocator<cuda::std::__4::pair<minkowski::coordinate<int32_t>, uint32_t>>>, _Del=std::function<void (concurrent_unordered_map<minkowski::coordinate<int32_t>, uint32_t, minkowski::detail::coordinate_murmur3<int32_t>, minkowski::detail::coordinate_equal_to<int32_t>, minkowski::detail::c10_allocator<cuda::std::__4::pair<minkowski::coordinate<int32_t>, uint32_t>>> *)>]" at line 141 of /home/ez48awud/Documents/implementations/LiDiff/MinkowskiEngine/src/coordinate_map_gpu.cuh
            instantiation of "void minkowski::CoordinateMapGPU<coordinate_type, TemplatedAllocator>::reserve(minkowski::CoordinateMapGPU<coordinate_type, TemplatedAllocator>::size_type) [with coordinate_type=int32_t, TemplatedAllocator=minkowski::detail::c10_allocator]" at line 104 of /home/ez48awud/Documents/implementations/LiDiff/MinkowskiEngine/src/coordinate_map_gpu.cuh

8 errors detected in the compilation of "/home/ez48awud/Documents/implementations/LiDiff/MinkowskiEngine/src/coordinate_map_gpu.cu".
[7/21] /home/ez48awud/miniconda3/envs/lidiff_hpc/bin/nvcc --generate-dependencies-with-compile --dependency-output /home/ez48awud/Documents/implementations/LiDiff/MinkowskiEngine/build/temp.linux-x86_64-cpython-310/home/ez48awud/Documents/implementations/LiDiff/MinkowskiEngine/src/coordinate_map_manager.o.d -DNVTX_DISABLE -I/home/ez48awud/miniconda3/envs/lidiff_hpc/lib/python3.10/site-packages/torch/include -I/home/ez48awud/miniconda3/envs/lidiff_hpc/lib/python3.10/site-packages/torch/include/torch/csrc/api/include -I/home/ez48awud/miniconda3/envs/lidiff_hpc/include -I/home/ez48awud/Documents/implementations/LiDiff/MinkowskiEngine/src -I/home/ez48awud/Documents/implementations/LiDiff/MinkowskiEngine/src/3rdparty -I/home/ez48awud/miniconda3/envs/lidiff_hpc/include/python3.10 -c -c /home/ez48awud/Documents/implementations/LiDiff/MinkowskiEngine/src/coordinate_map_manager.cu -o /home/ez48awud/Documents/implementations/LiDiff/MinkowskiEngine/build/temp.linux-x86_64-cpython-310/home/ez48awud/Documents/implementations/LiDiff/MinkowskiEngine/src/coordinate_map_manager.o -D__CUDA_NO_HALF_OPERATORS__ -D__CUDA_NO_HALF_CONVERSIONS__ -D__CUDA_NO_BFLOAT16_CONVERSIONS__ -D__CUDA_NO_HALF2_OPERATORS__ --expt-relaxed-constexpr --compiler-options ''"'"'-fPIC'"'"'' --expt-relaxed-constexpr --expt-extended-lambda -O3 -Xcompiler=-fno-gnu-unique -Xcompiler -fdiagnostics-color=always -DTORCH_API_INCLUDE_EXTENSION_H -DTORCH_EXTENSION_NAME=_C -gencode=arch=compute_100,code=sm_100 -gencode=arch=compute_103,code=sm_103 -gencode=arch=compute_110,code=sm_110 -gencode=arch=compute_120,code=sm_120 -gencode=arch=compute_121,code=compute_121 -gencode=arch=compute_121,code=sm_121 -gencode=arch=compute_75,code=sm_75 -gencode=arch=compute_80,code=sm_80 -gencode=arch=compute_86,code=sm_86 -gencode=arch=compute_89,code=sm_89 -gencode=arch=compute_90,code=sm_90 -ccbin /home/ez48awud/miniconda3/envs/lidiff_hpc/bin/x86_64-conda-linux-gnu-c++ -std=c++17
FAILED: [code=1] /home/ez48awud/Documents/implementations/LiDiff/MinkowskiEngine/build/temp.linux-x86_64-cpython-310/home/ez48awud/Documents/implementations/LiDiff/MinkowskiEngine/src/coordinate_map_manager.o 
/home/ez48awud/miniconda3/envs/lidiff_hpc/bin/nvcc --generate-dependencies-with-compile --dependency-output /home/ez48awud/Documents/implementations/LiDiff/MinkowskiEngine/build/temp.linux-x86_64-cpython-310/home/ez48awud/Documents/implementations/LiDiff/MinkowskiEngine/src/coordinate_map_manager.o.d -DNVTX_DISABLE -I/home/ez48awud/miniconda3/envs/lidiff_hpc/lib/python3.10/site-packages/torch/include -I/home/ez48awud/miniconda3/envs/lidiff_hpc/lib/python3.10/site-packages/torch/include/torch/csrc/api/include -I/home/ez48awud/miniconda3/envs/lidiff_hpc/include -I/home/ez48awud/Documents/implementations/LiDiff/MinkowskiEngine/src -I/home/ez48awud/Documents/implementations/LiDiff/MinkowskiEngine/src/3rdparty -I/home/ez48awud/miniconda3/envs/lidiff_hpc/include/python3.10 -c -c /home/ez48awud/Documents/implementations/LiDiff/MinkowskiEngine/src/coordinate_map_manager.cu -o /home/ez48awud/Documents/implementations/LiDiff/MinkowskiEngine/build/temp.linux-x86_64-cpython-310/home/ez48awud/Documents/implementations/LiDiff/MinkowskiEngine/src/coordinate_map_manager.o -D__CUDA_NO_HALF_OPERATORS__ -D__CUDA_NO_HALF_CONVERSIONS__ -D__CUDA_NO_BFLOAT16_CONVERSIONS__ -D__CUDA_NO_HALF2_OPERATORS__ --expt-relaxed-constexpr --compiler-options ''"'"'-fPIC'"'"'' --expt-relaxed-constexpr --expt-extended-lambda -O3 -Xcompiler=-fno-gnu-unique -Xcompiler -fdiagnostics-color=always -DTORCH_API_INCLUDE_EXTENSION_H -DTORCH_EXTENSION_NAME=_C -gencode=arch=compute_100,code=sm_100 -gencode=arch=compute_103,code=sm_103 -gencode=arch=compute_110,code=sm_110 -gencode=arch=compute_120,code=sm_120 -gencode=arch=compute_121,code=compute_121 -gencode=arch=compute_121,code=sm_121 -gencode=arch=compute_75,code=sm_75 -gencode=arch=compute_80,code=sm_80 -gencode=arch=compute_86,code=sm_86 -gencode=arch=compute_89,code=sm_89 -gencode=arch=compute_90,code=sm_90 -ccbin /home/ez48awud/miniconda3/envs/lidiff_hpc/bin/x86_64-conda-linux-gnu-c++ -std=c++17
/home/ez48awud/Documents/implementations/LiDiff/MinkowskiEngine/src/coordinate_map_manager.cpp(717): warning #430-D: returning reference to local temporary
        return detail::empty_map_functor<coordinate_type, TemplatedAllocator,
               ^
          detected during instantiation of "const minkowski::CoordinateMapManager<coordinate_type, coordinate_field_type, TemplatedAllocator, CoordinateMapType>::kernel_map_type &minkowski::CoordinateMapManager<coordinate_type, coordinate_field_type, TemplatedAllocator, CoordinateMapType>::kernel_map(const minkowski::CoordinateMapKey *, const minkowski::CoordinateMapKey *, const minkowski::CoordinateMapManager<coordinate_type, coordinate_field_type, TemplatedAllocator, CoordinateMapType>::stride_type &, const minkowski::CoordinateMapManager<coordinate_type, coordinate_field_type, TemplatedAllocator, CoordinateMapType>::stride_type &, const minkowski::CoordinateMapManager<coordinate_type, coordinate_field_type, TemplatedAllocator, CoordinateMapType>::stride_type &, minkowski::RegionType::Type, const at::Tensor &, bool, bool) [with coordinate_type=int32_t, coordinate_field_type=float, TemplatedAllocator=std::allocator, CoordinateMapType=minkowski::CoordinateMapCPU]" at line 1451

Remark: The warnings can be suppressed with "-diag-suppress <warning-number>"

/home/ez48awud/Documents/implementations/LiDiff/MinkowskiEngine/src/coordinate_map_manager.cpp(717): warning #430-D: returning reference to local temporary
        return detail::empty_map_functor<coordinate_type, TemplatedAllocator,
               ^
          detected during instantiation of "const minkowski::CoordinateMapManager<coordinate_type, coordinate_field_type, TemplatedAllocator, CoordinateMapType>::kernel_map_type &minkowski::CoordinateMapManager<coordinate_type, coordinate_field_type, TemplatedAllocator, CoordinateMapType>::kernel_map(const minkowski::CoordinateMapKey *, const minkowski::CoordinateMapKey *, const minkowski::CoordinateMapManager<coordinate_type, coordinate_field_type, TemplatedAllocator, CoordinateMapType>::stride_type &, const minkowski::CoordinateMapManager<coordinate_type, coordinate_field_type, TemplatedAllocator, CoordinateMapType>::stride_type &, const minkowski::CoordinateMapManager<coordinate_type, coordinate_field_type, TemplatedAllocator, CoordinateMapType>::stride_type &, minkowski::RegionType::Type, const at::Tensor &, bool, bool) [with coordinate_type=int32_t, coordinate_field_type=float, TemplatedAllocator=minkowski::detail::default_allocator, CoordinateMapType=minkowski::CoordinateMapGPU]" at line 401 of /home/ez48awud/Documents/implementations/LiDiff/MinkowskiEngine/src/coordinate_map_manager.cu

/home/ez48awud/Documents/implementations/LiDiff/MinkowskiEngine/src/coordinate_map_manager.cpp(717): warning #430-D: returning reference to local temporary
        return detail::empty_map_functor<coordinate_type, TemplatedAllocator,
               ^
          detected during instantiation of "const minkowski::CoordinateMapManager<coordinate_type, coordinate_field_type, TemplatedAllocator, CoordinateMapType>::kernel_map_type &minkowski::CoordinateMapManager<coordinate_type, coordinate_field_type, TemplatedAllocator, CoordinateMapType>::kernel_map(const minkowski::CoordinateMapKey *, const minkowski::CoordinateMapKey *, const minkowski::CoordinateMapManager<coordinate_type, coordinate_field_type, TemplatedAllocator, CoordinateMapType>::stride_type &, const minkowski::CoordinateMapManager<coordinate_type, coordinate_field_type, TemplatedAllocator, CoordinateMapType>::stride_type &, const minkowski::CoordinateMapManager<coordinate_type, coordinate_field_type, TemplatedAllocator, CoordinateMapType>::stride_type &, minkowski::RegionType::Type, const at::Tensor &, bool, bool) [with coordinate_type=int32_t, coordinate_field_type=float, TemplatedAllocator=minkowski::detail::c10_allocator, CoordinateMapType=minkowski::CoordinateMapGPU]" at line 404 of /home/ez48awud/Documents/implementations/LiDiff/MinkowskiEngine/src/coordinate_map_manager.cu

/home/ez48awud/Documents/implementations/LiDiff/MinkowskiEngine/src/coordinate_map_cpu.hpp(58): warning #177-D: variable "float_type" was declared but never referenced
    at::ScalarType const float_type =
                         ^
          detected during:
            instantiation of "std::pair<at::Tensor, at::Tensor> minkowski::CoordinateMapCPU<coordinate_type, TemplatedAllocator>::field_map(const coordinate_field_type *, minkowski::CoordinateMapCPU<coordinate_type, TemplatedAllocator>::size_type) const [with coordinate_type=int32_t, TemplatedAllocator=std::allocator, coordinate_field_type=float]" at line 329 of /home/ez48awud/Documents/implementations/LiDiff/MinkowskiEngine/src/coordinate_map_manager.cpp
            instantiation of "std::pair<at::Tensor, at::Tensor> minkowski::CoordinateMapManager<coordinate_type, coordinate_field_type, TemplatedAllocator, CoordinateMapType>::field_to_sparse_map(const minkowski::CoordinateMapKey *, const minkowski::CoordinateMapKey *) [with coordinate_type=int32_t, coordinate_field_type=float, TemplatedAllocator=std::allocator, CoordinateMapType=minkowski::CoordinateMapCPU]" at line 1451 of /home/ez48awud/Documents/implementations/LiDiff/MinkowskiEngine/src/coordinate_map_manager.cpp

Remark: The warnings can be suppressed with "-diag-suppress <warning-number>"

/home/ez48awud/Documents/implementations/LiDiff/MinkowskiEngine/src/coordinate_map_manager.cpp(717): warning #430-D: returning reference to local temporary
        return detail::empty_map_functor<coordinate_type, TemplatedAllocator,
               ^
          detected during instantiation of "const minkowski::CoordinateMapManager<coordinate_type, coordinate_field_type, TemplatedAllocator, CoordinateMapType>::kernel_map_type &minkowski::CoordinateMapManager<coordinate_type, coordinate_field_type, TemplatedAllocator, CoordinateMapType>::kernel_map(const minkowski::CoordinateMapKey *, const minkowski::CoordinateMapKey *, const minkowski::CoordinateMapManager<coordinate_type, coordinate_field_type, TemplatedAllocator, CoordinateMapType>::stride_type &, const minkowski::CoordinateMapManager<coordinate_type, coordinate_field_type, TemplatedAllocator, CoordinateMapType>::stride_type &, const minkowski::CoordinateMapManager<coordinate_type, coordinate_field_type, TemplatedAllocator, CoordinateMapType>::stride_type &, minkowski::RegionType::Type, const at::Tensor &, __nv_bool, __nv_bool) [with coordinate_type=int32_t, coordinate_field_type=float, TemplatedAllocator=std::allocator, CoordinateMapType=minkowski::CoordinateMapCPU]" at line 1451

/home/ez48awud/Documents/implementations/LiDiff/MinkowskiEngine/src/3rdparty/concurrent_unordered_map.cuh(591): error: no suitable constructor exists to convert from "int" to "cudaMemLocation"
           do { cudaError_t const status = (cudaMemPrefetchAsync(m_hashtbl_values, m_capacity * sizeof(value_type), dev_id, stream)); if (cudaSuccess != status) { cudaGetLastError(); cudf::detail::throw_cuda_error(status, "/home/ez48awud/Documents/implementations/LiDiff/MinkowskiEngine/src/3rdparty/concurrent_unordered_map.cuh", 591); } } while (0);
                                                                                                                    ^
          detected during:
            instantiation of "concurrent_unordered_map<Key, Element, Hasher, Equality, Allocator>::concurrent_unordered_map(concurrent_unordered_map<Key, Element, Hasher, Equality, Allocator>::size_type, concurrent_unordered_map<Key, Element, Hasher, Equality, Allocator>::mapped_type, concurrent_unordered_map<Key, Element, Hasher, Equality, Allocator>::key_type, const Hasher &, const Equality &, const concurrent_unordered_map<Key, Element, Hasher, Equality, Allocator>::allocator_type &, cudaStream_t) [with Key=minkowski::coordinate<int32_t>, Element=uint32_t, Hasher=minkowski::detail::coordinate_murmur3<int32_t>, Equality=minkowski::detail::coordinate_equal_to<int32_t>, Allocator=minkowski::detail::default_allocator<cuda::std::__4::pair<minkowski::coordinate<int32_t>, uint32_t>>]" at line 139 of /home/ez48awud/Documents/implementations/LiDiff/MinkowskiEngine/src/coordinate_map_gpu.cuh
            instantiation of "void minkowski::CoordinateMapGPU<coordinate_type, TemplatedAllocator>::reserve(minkowski::CoordinateMapGPU<coordinate_type, TemplatedAllocator>::size_type) [with coordinate_type=int32_t, TemplatedAllocator=minkowski::detail::default_allocator]" at line 104 of /home/ez48awud/Documents/implementations/LiDiff/MinkowskiEngine/src/coordinate_map_gpu.cuh
            instantiation of "minkowski::CoordinateMapGPU<coordinate_type, TemplatedAllocator>::CoordinateMapGPU(minkowski::CoordinateMapGPU<coordinate_type, TemplatedAllocator>::size_type, minkowski::CoordinateMapGPU<coordinate_type, TemplatedAllocator>::size_type, minkowski::CoordinateMapGPU<coordinate_type, TemplatedAllocator>::size_type, minkowski::CoordinateMapGPU<coordinate_type, TemplatedAllocator>::stride_type, minkowski::CoordinateMapGPU<coordinate_type, TemplatedAllocator>::map_allocator_type, minkowski::CoordinateMapGPU<coordinate_type, TemplatedAllocator>::byte_allocator_type) [with coordinate_type=int32_t, TemplatedAllocator=minkowski::detail::default_allocator]" at line 61 of /home/ez48awud/Documents/implementations/LiDiff/MinkowskiEngine/src/coordinate_map_manager.cu
            instantiation of "std::pair<at::Tensor, at::Tensor> minkowski::detail::insert_and_map_functor<coordinate_type, coordinate_field_type, TemplatedAllocator, minkowski::CoordinateMapGPU>::operator()(minkowski::coordinate_map_key_type &, const at::Tensor &, minkowski::CoordinateMapManager<coordinate_type, coordinate_field_type, TemplatedAllocator, minkowski::CoordinateMapGPU> &) [with coordinate_type=int32_t, coordinate_field_type=float, TemplatedAllocator=minkowski::detail::default_allocator]" at line 250 of /home/ez48awud/Documents/implementations/LiDiff/MinkowskiEngine/src/coordinate_map_manager.cpp
            instantiation of "std::pair<pybind11::object, std::pair<at::Tensor, at::Tensor>> minkowski::CoordinateMapManager<coordinate_type, coordinate_field_type, TemplatedAllocator, CoordinateMapType>::field_to_sparse_insert_and_map(const minkowski::CoordinateMapKey *, minkowski::CoordinateMapManager<coordinate_type, coordinate_field_type, TemplatedAllocator, CoordinateMapType>::stride_type, std::string) [with coordinate_type=int32_t, coordinate_field_type=float, TemplatedAllocator=minkowski::detail::default_allocator, CoordinateMapType=minkowski::CoordinateMapGPU]" at line 401 of /home/ez48awud/Documents/implementations/LiDiff/MinkowskiEngine/src/coordinate_map_manager.cu

/home/ez48awud/Documents/implementations/LiDiff/MinkowskiEngine/src/3rdparty/concurrent_unordered_map.cuh(591): error: argument of type "cudaStream_t" (aka "CUstream_st *") is incompatible with parameter of type "unsigned int"
           do { cudaError_t const status = (cudaMemPrefetchAsync(m_hashtbl_values, m_capacity * sizeof(value_type), dev_id, stream)); if (cudaSuccess != status) { cudaGetLastError(); cudf::detail::throw_cuda_error(status, "/home/ez48awud/Documents/implementations/LiDiff/MinkowskiEngine/src/3rdparty/concurrent_unordered_map.cuh", 591); } } while (0);
                                                                                                                            ^
          detected during:
            instantiation of "concurrent_unordered_map<Key, Element, Hasher, Equality, Allocator>::concurrent_unordered_map(concurrent_unordered_map<Key, Element, Hasher, Equality, Allocator>::size_type, concurrent_unordered_map<Key, Element, Hasher, Equality, Allocator>::mapped_type, concurrent_unordered_map<Key, Element, Hasher, Equality, Allocator>::key_type, const Hasher &, const Equality &, const concurrent_unordered_map<Key, Element, Hasher, Equality, Allocator>::allocator_type &, cudaStream_t) [with Key=minkowski::coordinate<int32_t>, Element=uint32_t, Hasher=minkowski::detail::coordinate_murmur3<int32_t>, Equality=minkowski::detail::coordinate_equal_to<int32_t>, Allocator=minkowski::detail::default_allocator<cuda::std::__4::pair<minkowski::coordinate<int32_t>, uint32_t>>]" at line 139 of /home/ez48awud/Documents/implementations/LiDiff/MinkowskiEngine/src/coordinate_map_gpu.cuh
            instantiation of "void minkowski::CoordinateMapGPU<coordinate_type, TemplatedAllocator>::reserve(minkowski::CoordinateMapGPU<coordinate_type, TemplatedAllocator>::size_type) [with coordinate_type=int32_t, TemplatedAllocator=minkowski::detail::default_allocator]" at line 104 of /home/ez48awud/Documents/implementations/LiDiff/MinkowskiEngine/src/coordinate_map_gpu.cuh
            instantiation of "minkowski::CoordinateMapGPU<coordinate_type, TemplatedAllocator>::CoordinateMapGPU(minkowski::CoordinateMapGPU<coordinate_type, TemplatedAllocator>::size_type, minkowski::CoordinateMapGPU<coordinate_type, TemplatedAllocator>::size_type, minkowski::CoordinateMapGPU<coordinate_type, TemplatedAllocator>::size_type, minkowski::CoordinateMapGPU<coordinate_type, TemplatedAllocator>::stride_type, minkowski::CoordinateMapGPU<coordinate_type, TemplatedAllocator>::map_allocator_type, minkowski::CoordinateMapGPU<coordinate_type, TemplatedAllocator>::byte_allocator_type) [with coordinate_type=int32_t, TemplatedAllocator=minkowski::detail::default_allocator]" at line 61 of /home/ez48awud/Documents/implementations/LiDiff/MinkowskiEngine/src/coordinate_map_manager.cu
            instantiation of "std::pair<at::Tensor, at::Tensor> minkowski::detail::insert_and_map_functor<coordinate_type, coordinate_field_type, TemplatedAllocator, minkowski::CoordinateMapGPU>::operator()(minkowski::coordinate_map_key_type &, const at::Tensor &, minkowski::CoordinateMapManager<coordinate_type, coordinate_field_type, TemplatedAllocator, minkowski::CoordinateMapGPU> &) [with coordinate_type=int32_t, coordinate_field_type=float, TemplatedAllocator=minkowski::detail::default_allocator]" at line 250 of /home/ez48awud/Documents/implementations/LiDiff/MinkowskiEngine/src/coordinate_map_manager.cpp
            instantiation of "std::pair<pybind11::object, std::pair<at::Tensor, at::Tensor>> minkowski::CoordinateMapManager<coordinate_type, coordinate_field_type, TemplatedAllocator, CoordinateMapType>::field_to_sparse_insert_and_map(const minkowski::CoordinateMapKey *, minkowski::CoordinateMapManager<coordinate_type, coordinate_field_type, TemplatedAllocator, CoordinateMapType>::stride_type, std::string) [with coordinate_type=int32_t, coordinate_field_type=float, TemplatedAllocator=minkowski::detail::default_allocator, CoordinateMapType=minkowski::CoordinateMapGPU]" at line 401 of /home/ez48awud/Documents/implementations/LiDiff/MinkowskiEngine/src/coordinate_map_manager.cu

/home/ez48awud/miniconda3/envs/lidiff_hpc/lib/gcc/x86_64-conda-linux-gnu/13.2.0/include/c++/bits/shared_ptr_base.h(1561): error: more than one instance of overloaded function "std::__to_address" matches the argument list:
            function template "_Tp *cuda::std::__4::__to_address(_Tp *) noexcept" (declared at line 184 of /home/ez48awud/miniconda3/envs/lidiff_hpc/targets/x86_64-linux/include/cccl/cuda/std/__memory/pointer_traits.h)
            function template "_Tp *std::__to_address(_Tp *) noexcept" (declared at line 212 of /home/ez48awud/miniconda3/envs/lidiff_hpc/lib/gcc/x86_64-conda-linux-gnu/13.2.0/include/c++/bits/ptr_traits.h)
            argument types are: (concurrent_unordered_map<minkowski::coordinate<int32_t>, uint32_t, minkowski::detail::coordinate_murmur3<int32_t>, minkowski::detail::coordinate_equal_to<int32_t>, minkowski::detail::default_allocator<cuda::std::__4::pair<minkowski::coordinate<int32_t>, uint32_t>>> *)
     auto __raw = __to_address(__r.get());
                  ^
/home/ez48awud/miniconda3/envs/lidiff_hpc/lib/gcc/x86_64-conda-linux-gnu/13.2.0/include/c++/bits/stl_iterator.h(1368): note #3327-D: candidate function template "std::__to_address(const __gnu_cxx::__normal_iterator<_Iterator, _Container> &)->decltype((<expression>)) noexcept" failed deduction
      __to_address(const __gnu_cxx::__normal_iterator<_Iterator,
      ^
/home/ez48awud/miniconda3/envs/lidiff_hpc/targets/x86_64-linux/include/cccl/cuda/std/__memory/pointer_traits.h(216): note #3327-D: candidate function template "cuda::std::__4::__to_address(const _Pointer &) noexcept" failed deduction
  __to_address(const _Pointer& __p) noexcept
  ^
          detected during:
            instantiation of "std::__shared_ptr<_Tp, _Lp>::__shared_ptr(std::unique_ptr<_Yp, _Del> &&) [with _Tp=concurrent_unordered_map<minkowski::coordinate<int32_t>, uint32_t, minkowski::detail::coordinate_murmur3<int32_t>, minkowski::detail::coordinate_equal_to<int32_t>, minkowski::detail::default_allocator<cuda::std::__4::pair<minkowski::coordinate<int32_t>, uint32_t>>>, _Lp=__gnu_cxx::_S_atomic, _Yp=concurrent_unordered_map<minkowski::coordinate<int32_t>, uint32_t, minkowski::detail::coordinate_murmur3<int32_t>, minkowski::detail::coordinate_equal_to<int32_t>, minkowski::detail::default_allocator<cuda::std::__4::pair<minkowski::coordinate<int32_t>, uint32_t>>>, _Del=std::function<void (concurrent_unordered_map<minkowski::coordinate<int32_t>, uint32_t, minkowski::detail::coordinate_murmur3<int32_t>, minkowski::detail::coordinate_equal_to<int32_t>, minkowski::detail::default_allocator<cuda::std::__4::pair<minkowski::coordinate<int32_t>, uint32_t>>> *)>, <unnamed>=void]" at line 1636
            instantiation of "std::__shared_ptr<_Tp, _Lp>::_UniqAssignable<_Yp, _Del> std::__shared_ptr<_Tp, _Lp>::operator=(std::unique_ptr<_Yp, _Del> &&) [with _Tp=concurrent_unordered_map<minkowski::coordinate<int32_t>, uint32_t, minkowski::detail::coordinate_murmur3<int32_t>, minkowski::detail::coordinate_equal_to<int32_t>, minkowski::detail::default_allocator<cuda::std::__4::pair<minkowski::coordinate<int32_t>, uint32_t>>>, _Lp=__gnu_cxx::_S_atomic, _Yp=concurrent_unordered_map<minkowski::coordinate<int32_t>, uint32_t, minkowski::detail::coordinate_murmur3<int32_t>, minkowski::detail::coordinate_equal_to<int32_t>, minkowski::detail::default_allocator<cuda::std::__4::pair<minkowski::coordinate<int32_t>, uint32_t>>>, _Del=std::function<void (concurrent_unordered_map<minkowski::coordinate<int32_t>, uint32_t, minkowski::detail::coordinate_murmur3<int32_t>, minkowski::detail::coordinate_equal_to<int32_t>, minkowski::detail::default_allocator<cuda::std::__4::pair<minkowski::coordinate<int32_t>, uint32_t>>> *)>]" at line 456 of /home/ez48awud/miniconda3/envs/lidiff_hpc/lib/gcc/x86_64-conda-linux-gnu/13.2.0/include/c++/bits/shared_ptr.h
            instantiation of "std::shared_ptr<_Tp>::_Assignable<std::unique_ptr<_Yp, _Del>> std::shared_ptr<_Tp>::operator=(std::unique_ptr<_Yp, _Del> &&) [with _Tp=concurrent_unordered_map<minkowski::coordinate<int32_t>, uint32_t, minkowski::detail::coordinate_murmur3<int32_t>, minkowski::detail::coordinate_equal_to<int32_t>, minkowski::detail::default_allocator<cuda::std::__4::pair<minkowski::coordinate<int32_t>, uint32_t>>>, _Yp=concurrent_unordered_map<minkowski::coordinate<int32_t>, uint32_t, minkowski::detail::coordinate_murmur3<int32_t>, minkowski::detail::coordinate_equal_to<int32_t>, minkowski::detail::default_allocator<cuda::std::__4::pair<minkowski::coordinate<int32_t>, uint32_t>>>, _Del=std::function<void (concurrent_unordered_map<minkowski::coordinate<int32_t>, uint32_t, minkowski::detail::coordinate_murmur3<int32_t>, minkowski::detail::coordinate_equal_to<int32_t>, minkowski::detail::default_allocator<cuda::std::__4::pair<minkowski::coordinate<int32_t>, uint32_t>>> *)>]" at line 141 of /home/ez48awud/Documents/implementations/LiDiff/MinkowskiEngine/src/coordinate_map_gpu.cuh
            instantiation of "void minkowski::CoordinateMapGPU<coordinate_type, TemplatedAllocator>::reserve(minkowski::CoordinateMapGPU<coordinate_type, TemplatedAllocator>::size_type) [with coordinate_type=int32_t, TemplatedAllocator=minkowski::detail::default_allocator]" at line 104 of /home/ez48awud/Documents/implementations/LiDiff/MinkowskiEngine/src/coordinate_map_gpu.cuh
            instantiation of "minkowski::CoordinateMapGPU<coordinate_type, TemplatedAllocator>::CoordinateMapGPU(minkowski::CoordinateMapGPU<coordinate_type, TemplatedAllocator>::size_type, minkowski::CoordinateMapGPU<coordinate_type, TemplatedAllocator>::size_type, minkowski::CoordinateMapGPU<coordinate_type, TemplatedAllocator>::size_type, minkowski::CoordinateMapGPU<coordinate_type, TemplatedAllocator>::stride_type, minkowski::CoordinateMapGPU<coordinate_type, TemplatedAllocator>::map_allocator_type, minkowski::CoordinateMapGPU<coordinate_type, TemplatedAllocator>::byte_allocator_type) [with coordinate_type=int32_t, TemplatedAllocator=minkowski::detail::default_allocator]" at line 61 of /home/ez48awud/Documents/implementations/LiDiff/MinkowskiEngine/src/coordinate_map_manager.cu
            instantiation of "std::pair<at::Tensor, at::Tensor> minkowski::detail::insert_and_map_functor<coordinate_type, coordinate_field_type, TemplatedAllocator, minkowski::CoordinateMapGPU>::operator()(minkowski::coordinate_map_key_type &, const at::Tensor &, minkowski::CoordinateMapManager<coordinate_type, coordinate_field_type, TemplatedAllocator, minkowski::CoordinateMapGPU> &) [with coordinate_type=int32_t, coordinate_field_type=float, TemplatedAllocator=minkowski::detail::default_allocator]" at line 250 of /home/ez48awud/Documents/implementations/LiDiff/MinkowskiEngine/src/coordinate_map_manager.cpp
            instantiation of "std::pair<pybind11::object, std::pair<at::Tensor, at::Tensor>> minkowski::CoordinateMapManager<coordinate_type, coordinate_field_type, TemplatedAllocator, CoordinateMapType>::field_to_sparse_insert_and_map(const minkowski::CoordinateMapKey *, minkowski::CoordinateMapManager<coordinate_type, coordinate_field_type, TemplatedAllocator, CoordinateMapType>::stride_type, std::string) [with coordinate_type=int32_t, coordinate_field_type=float, TemplatedAllocator=minkowski::detail::default_allocator, CoordinateMapType=minkowski::CoordinateMapGPU]" at line 401 of /home/ez48awud/Documents/implementations/LiDiff/MinkowskiEngine/src/coordinate_map_manager.cu

/home/ez48awud/miniconda3/envs/lidiff_hpc/lib/gcc/x86_64-conda-linux-gnu/13.2.0/include/c++/bits/shared_ptr_base.h(1563): error: no instance of overloaded function "std::__shared_ptr<_Tp, _Lp>::_M_enable_shared_from_this_with [with _Tp=concurrent_unordered_map<minkowski::coordinate<int32_t>, uint32_t, minkowski::detail::coordinate_murmur3<int32_t>, minkowski::detail::coordinate_equal_to<int32_t>, minkowski::detail::default_allocator<cuda::std::__4::pair<minkowski::coordinate<int32_t>, uint32_t>>>, _Lp=__gnu_cxx::_S_atomic]" matches the argument list
            argument types are: (<error-type>)
     _M_enable_shared_from_this_with(__raw);
     ^
/home/ez48awud/miniconda3/envs/lidiff_hpc/lib/gcc/x86_64-conda-linux-gnu/13.2.0/include/c++/bits/shared_ptr_base.h(1765): note #3327-D: candidate function template "std::__shared_ptr<_Tp, _Lp>::_M_enable_shared_from_this_with(_Yp *) noexcept [with _Tp=concurrent_unordered_map<minkowski::coordinate<int32_t>, uint32_t, minkowski::detail::coordinate_murmur3<int32_t>, minkowski::detail::coordinate_equal_to<int32_t>, minkowski::detail::default_allocator<cuda::std::__4::pair<minkowski::coordinate<int32_t>, uint32_t>>>, _Lp=__gnu_cxx::_S_atomic]" failed deduction
   _M_enable_shared_from_this_with(_Yp*) noexcept
   ^
/home/ez48awud/miniconda3/envs/lidiff_hpc/lib/gcc/x86_64-conda-linux-gnu/13.2.0/include/c++/bits/shared_ptr_base.h(1757): note #3327-D: candidate function template "std::__shared_ptr<_Tp, _Lp>::_M_enable_shared_from_this_with(_Yp *) noexcept [with _Tp=concurrent_unordered_map<minkowski::coordinate<int32_t>, uint32_t, minkowski::detail::coordinate_murmur3<int32_t>, minkowski::detail::coordinate_equal_to<int32_t>, minkowski::detail::default_allocator<cuda::std::__4::pair<minkowski::coordinate<int32_t>, uint32_t>>>, _Lp=__gnu_cxx::_S_atomic]" failed deduction
   _M_enable_shared_from_this_with(_Yp* __p) noexcept
   ^
          detected during:
            instantiation of "std::__shared_ptr<_Tp, _Lp>::__shared_ptr(std::unique_ptr<_Yp, _Del> &&) [with _Tp=concurrent_unordered_map<minkowski::coordinate<int32_t>, uint32_t, minkowski::detail::coordinate_murmur3<int32_t>, minkowski::detail::coordinate_equal_to<int32_t>, minkowski::detail::default_allocator<cuda::std::__4::pair<minkowski::coordinate<int32_t>, uint32_t>>>, _Lp=__gnu_cxx::_S_atomic, _Yp=concurrent_unordered_map<minkowski::coordinate<int32_t>, uint32_t, minkowski::detail::coordinate_murmur3<int32_t>, minkowski::detail::coordinate_equal_to<int32_t>, minkowski::detail::default_allocator<cuda::std::__4::pair<minkowski::coordinate<int32_t>, uint32_t>>>, _Del=std::function<void (concurrent_unordered_map<minkowski::coordinate<int32_t>, uint32_t, minkowski::detail::coordinate_murmur3<int32_t>, minkowski::detail::coordinate_equal_to<int32_t>, minkowski::detail::default_allocator<cuda::std::__4::pair<minkowski::coordinate<int32_t>, uint32_t>>> *)>, <unnamed>=void]" at line 1636
            instantiation of "std::__shared_ptr<_Tp, _Lp>::_UniqAssignable<_Yp, _Del> std::__shared_ptr<_Tp, _Lp>::operator=(std::unique_ptr<_Yp, _Del> &&) [with _Tp=concurrent_unordered_map<minkowski::coordinate<int32_t>, uint32_t, minkowski::detail::coordinate_murmur3<int32_t>, minkowski::detail::coordinate_equal_to<int32_t>, minkowski::detail::default_allocator<cuda::std::__4::pair<minkowski::coordinate<int32_t>, uint32_t>>>, _Lp=__gnu_cxx::_S_atomic, _Yp=concurrent_unordered_map<minkowski::coordinate<int32_t>, uint32_t, minkowski::detail::coordinate_murmur3<int32_t>, minkowski::detail::coordinate_equal_to<int32_t>, minkowski::detail::default_allocator<cuda::std::__4::pair<minkowski::coordinate<int32_t>, uint32_t>>>, _Del=std::function<void (concurrent_unordered_map<minkowski::coordinate<int32_t>, uint32_t, minkowski::detail::coordinate_murmur3<int32_t>, minkowski::detail::coordinate_equal_to<int32_t>, minkowski::detail::default_allocator<cuda::std::__4::pair<minkowski::coordinate<int32_t>, uint32_t>>> *)>]" at line 456 of /home/ez48awud/miniconda3/envs/lidiff_hpc/lib/gcc/x86_64-conda-linux-gnu/13.2.0/include/c++/bits/shared_ptr.h
            instantiation of "std::shared_ptr<_Tp>::_Assignable<std::unique_ptr<_Yp, _Del>> std::shared_ptr<_Tp>::operator=(std::unique_ptr<_Yp, _Del> &&) [with _Tp=concurrent_unordered_map<minkowski::coordinate<int32_t>, uint32_t, minkowski::detail::coordinate_murmur3<int32_t>, minkowski::detail::coordinate_equal_to<int32_t>, minkowski::detail::default_allocator<cuda::std::__4::pair<minkowski::coordinate<int32_t>, uint32_t>>>, _Yp=concurrent_unordered_map<minkowski::coordinate<int32_t>, uint32_t, minkowski::detail::coordinate_murmur3<int32_t>, minkowski::detail::coordinate_equal_to<int32_t>, minkowski::detail::default_allocator<cuda::std::__4::pair<minkowski::coordinate<int32_t>, uint32_t>>>, _Del=std::function<void (concurrent_unordered_map<minkowski::coordinate<int32_t>, uint32_t, minkowski::detail::coordinate_murmur3<int32_t>, minkowski::detail::coordinate_equal_to<int32_t>, minkowski::detail::default_allocator<cuda::std::__4::pair<minkowski::coordinate<int32_t>, uint32_t>>> *)>]" at line 141 of /home/ez48awud/Documents/implementations/LiDiff/MinkowskiEngine/src/coordinate_map_gpu.cuh
            instantiation of "void minkowski::CoordinateMapGPU<coordinate_type, TemplatedAllocator>::reserve(minkowski::CoordinateMapGPU<coordinate_type, TemplatedAllocator>::size_type) [with coordinate_type=int32_t, TemplatedAllocator=minkowski::detail::default_allocator]" at line 104 of /home/ez48awud/Documents/implementations/LiDiff/MinkowskiEngine/src/coordinate_map_gpu.cuh
            instantiation of "minkowski::CoordinateMapGPU<coordinate_type, TemplatedAllocator>::CoordinateMapGPU(minkowski::CoordinateMapGPU<coordinate_type, TemplatedAllocator>::size_type, minkowski::CoordinateMapGPU<coordinate_type, TemplatedAllocator>::size_type, minkowski::CoordinateMapGPU<coordinate_type, TemplatedAllocator>::size_type, minkowski::CoordinateMapGPU<coordinate_type, TemplatedAllocator>::stride_type, minkowski::CoordinateMapGPU<coordinate_type, TemplatedAllocator>::map_allocator_type, minkowski::CoordinateMapGPU<coordinate_type, TemplatedAllocator>::byte_allocator_type) [with coordinate_type=int32_t, TemplatedAllocator=minkowski::detail::default_allocator]" at line 61 of /home/ez48awud/Documents/implementations/LiDiff/MinkowskiEngine/src/coordinate_map_manager.cu
            instantiation of "std::pair<at::Tensor, at::Tensor> minkowski::detail::insert_and_map_functor<coordinate_type, coordinate_field_type, TemplatedAllocator, minkowski::CoordinateMapGPU>::operator()(minkowski::coordinate_map_key_type &, const at::Tensor &, minkowski::CoordinateMapManager<coordinate_type, coordinate_field_type, TemplatedAllocator, minkowski::CoordinateMapGPU> &) [with coordinate_type=int32_t, coordinate_field_type=float, TemplatedAllocator=minkowski::detail::default_allocator]" at line 250 of /home/ez48awud/Documents/implementations/LiDiff/MinkowskiEngine/src/coordinate_map_manager.cpp
            instantiation of "std::pair<pybind11::object, std::pair<at::Tensor, at::Tensor>> minkowski::CoordinateMapManager<coordinate_type, coordinate_field_type, TemplatedAllocator, CoordinateMapType>::field_to_sparse_insert_and_map(const minkowski::CoordinateMapKey *, minkowski::CoordinateMapManager<coordinate_type, coordinate_field_type, TemplatedAllocator, CoordinateMapType>::stride_type, std::string) [with coordinate_type=int32_t, coordinate_field_type=float, TemplatedAllocator=minkowski::detail::default_allocator, CoordinateMapType=minkowski::CoordinateMapGPU]" at line 401 of /home/ez48awud/Documents/implementations/LiDiff/MinkowskiEngine/src/coordinate_map_manager.cu

/home/ez48awud/Documents/implementations/LiDiff/MinkowskiEngine/src/coordinate_map_manager.cpp(717): warning #430-D: returning reference to local temporary
        return detail::empty_map_functor<coordinate_type, TemplatedAllocator,
               ^
          detected during instantiation of "const minkowski::CoordinateMapManager<coordinate_type, coordinate_field_type, TemplatedAllocator, CoordinateMapType>::kernel_map_type &minkowski::CoordinateMapManager<coordinate_type, coordinate_field_type, TemplatedAllocator, CoordinateMapType>::kernel_map(const minkowski::CoordinateMapKey *, const minkowski::CoordinateMapKey *, const minkowski::CoordinateMapManager<coordinate_type, coordinate_field_type, TemplatedAllocator, CoordinateMapType>::stride_type &, const minkowski::CoordinateMapManager<coordinate_type, coordinate_field_type, TemplatedAllocator, CoordinateMapType>::stride_type &, const minkowski::CoordinateMapManager<coordinate_type, coordinate_field_type, TemplatedAllocator, CoordinateMapType>::stride_type &, minkowski::RegionType::Type, const at::Tensor &, __nv_bool, __nv_bool) [with coordinate_type=int32_t, coordinate_field_type=float, TemplatedAllocator=minkowski::detail::default_allocator, CoordinateMapType=minkowski::CoordinateMapGPU]" at line 401 of /home/ez48awud/Documents/implementations/LiDiff/MinkowskiEngine/src/coordinate_map_manager.cu

/home/ez48awud/Documents/implementations/LiDiff/MinkowskiEngine/src/coordinate_map_manager.cu(208): warning #946-D: name following "template" must be a template
      return in_map.template kernel_map(out_map, gpu_kernel, kernel_map_mode,
                             ^
          detected during:
            instantiation of "minkowski::gpu_kernel_map<minkowski::type_wrapper<uint32_t, int32_t, float>::index_type, TemplatedAllocator<char>> minkowski::detail::kernel_map_functor<coordinate_type, TemplatedAllocator, minkowski::CoordinateMapGPU, minkowski::gpu_kernel_map<minkowski::type_wrapper<uint32_t, int32_t, float>::index_type, TemplatedAllocator<char>>>::operator()(const minkowski::CoordinateMapGPU<coordinate_type, TemplatedAllocator> &, const minkowski::CoordinateMapGPU<coordinate_type, TemplatedAllocator> &, minkowski::CUDAKernelMapMode::Mode, minkowski::cpu_kernel_region<coordinate_type> &) [with coordinate_type=int32_t, TemplatedAllocator=minkowski::detail::default_allocator]" at line 753 of /home/ez48awud/Documents/implementations/LiDiff/MinkowskiEngine/src/coordinate_map_manager.cpp
            instantiation of "const minkowski::CoordinateMapManager<coordinate_type, coordinate_field_type, TemplatedAllocator, CoordinateMapType>::kernel_map_type &minkowski::CoordinateMapManager<coordinate_type, coordinate_field_type, TemplatedAllocator, CoordinateMapType>::kernel_map(const minkowski::CoordinateMapKey *, const minkowski::CoordinateMapKey *, const minkowski::CoordinateMapManager<coordinate_type, coordinate_field_type, TemplatedAllocator, CoordinateMapType>::stride_type &, const minkowski::CoordinateMapManager<coordinate_type, coordinate_field_type, TemplatedAllocator, CoordinateMapType>::stride_type &, const minkowski::CoordinateMapManager<coordinate_type, coordinate_field_type, TemplatedAllocator, CoordinateMapType>::stride_type &, minkowski::RegionType::Type, const at::Tensor &, __nv_bool, __nv_bool) [with coordinate_type=int32_t, coordinate_field_type=float, TemplatedAllocator=minkowski::detail::default_allocator, CoordinateMapType=minkowski::CoordinateMapGPU]" at line 401

/home/ez48awud/Documents/implementations/LiDiff/MinkowskiEngine/src/3rdparty/concurrent_unordered_map.cuh(591): error: no suitable constructor exists to convert from "int" to "cudaMemLocation"
           do { cudaError_t const status = (cudaMemPrefetchAsync(m_hashtbl_values, m_capacity * sizeof(value_type), dev_id, stream)); if (cudaSuccess != status) { cudaGetLastError(); cudf::detail::throw_cuda_error(status, "/home/ez48awud/Documents/implementations/LiDiff/MinkowskiEngine/src/3rdparty/concurrent_unordered_map.cuh", 591); } } while (0);
                                                                                                                    ^
          detected during:
            instantiation of "concurrent_unordered_map<Key, Element, Hasher, Equality, Allocator>::concurrent_unordered_map(concurrent_unordered_map<Key, Element, Hasher, Equality, Allocator>::size_type, concurrent_unordered_map<Key, Element, Hasher, Equality, Allocator>::mapped_type, concurrent_unordered_map<Key, Element, Hasher, Equality, Allocator>::key_type, const Hasher &, const Equality &, const concurrent_unordered_map<Key, Element, Hasher, Equality, Allocator>::allocator_type &, cudaStream_t) [with Key=minkowski::coordinate<int32_t>, Element=uint32_t, Hasher=minkowski::detail::coordinate_murmur3<int32_t>, Equality=minkowski::detail::coordinate_equal_to<int32_t>, Allocator=minkowski::detail::c10_allocator<cuda::std::__4::pair<minkowski::coordinate<int32_t>, uint32_t>>]" at line 139 of /home/ez48awud/Documents/implementations/LiDiff/MinkowskiEngine/src/coordinate_map_gpu.cuh
            instantiation of "void minkowski::CoordinateMapGPU<coordinate_type, TemplatedAllocator>::reserve(minkowski::CoordinateMapGPU<coordinate_type, TemplatedAllocator>::size_type) [with coordinate_type=int32_t, TemplatedAllocator=minkowski::detail::c10_allocator]" at line 104 of /home/ez48awud/Documents/implementations/LiDiff/MinkowskiEngine/src/coordinate_map_gpu.cuh
            instantiation of "minkowski::CoordinateMapGPU<coordinate_type, TemplatedAllocator>::CoordinateMapGPU(minkowski::CoordinateMapGPU<coordinate_type, TemplatedAllocator>::size_type, minkowski::CoordinateMapGPU<coordinate_type, TemplatedAllocator>::size_type, minkowski::CoordinateMapGPU<coordinate_type, TemplatedAllocator>::size_type, minkowski::CoordinateMapGPU<coordinate_type, TemplatedAllocator>::stride_type, minkowski::CoordinateMapGPU<coordinate_type, TemplatedAllocator>::map_allocator_type, minkowski::CoordinateMapGPU<coordinate_type, TemplatedAllocator>::byte_allocator_type) [with coordinate_type=int32_t, TemplatedAllocator=minkowski::detail::c10_allocator]" at line 61 of /home/ez48awud/Documents/implementations/LiDiff/MinkowskiEngine/src/coordinate_map_manager.cu
            instantiation of "std::pair<at::Tensor, at::Tensor> minkowski::detail::insert_and_map_functor<coordinate_type, coordinate_field_type, TemplatedAllocator, minkowski::CoordinateMapGPU>::operator()(minkowski::coordinate_map_key_type &, const at::Tensor &, minkowski::CoordinateMapManager<coordinate_type, coordinate_field_type, TemplatedAllocator, minkowski::CoordinateMapGPU> &) [with coordinate_type=int32_t, coordinate_field_type=float, TemplatedAllocator=minkowski::detail::c10_allocator]" at line 250 of /home/ez48awud/Documents/implementations/LiDiff/MinkowskiEngine/src/coordinate_map_manager.cpp
            instantiation of "std::pair<pybind11::object, std::pair<at::Tensor, at::Tensor>> minkowski::CoordinateMapManager<coordinate_type, coordinate_field_type, TemplatedAllocator, CoordinateMapType>::field_to_sparse_insert_and_map(const minkowski::CoordinateMapKey *, minkowski::CoordinateMapManager<coordinate_type, coordinate_field_type, TemplatedAllocator, CoordinateMapType>::stride_type, std::string) [with coordinate_type=int32_t, coordinate_field_type=float, TemplatedAllocator=minkowski::detail::c10_allocator, CoordinateMapType=minkowski::CoordinateMapGPU]" at line 404 of /home/ez48awud/Documents/implementations/LiDiff/MinkowskiEngine/src/coordinate_map_manager.cu

/home/ez48awud/Documents/implementations/LiDiff/MinkowskiEngine/src/3rdparty/concurrent_unordered_map.cuh(591): error: argument of type "cudaStream_t" (aka "CUstream_st *") is incompatible with parameter of type "unsigned int"
           do { cudaError_t const status = (cudaMemPrefetchAsync(m_hashtbl_values, m_capacity * sizeof(value_type), dev_id, stream)); if (cudaSuccess != status) { cudaGetLastError(); cudf::detail::throw_cuda_error(status, "/home/ez48awud/Documents/implementations/LiDiff/MinkowskiEngine/src/3rdparty/concurrent_unordered_map.cuh", 591); } } while (0);
                                                                                                                            ^
          detected during:
            instantiation of "concurrent_unordered_map<Key, Element, Hasher, Equality, Allocator>::concurrent_unordered_map(concurrent_unordered_map<Key, Element, Hasher, Equality, Allocator>::size_type, concurrent_unordered_map<Key, Element, Hasher, Equality, Allocator>::mapped_type, concurrent_unordered_map<Key, Element, Hasher, Equality, Allocator>::key_type, const Hasher &, const Equality &, const concurrent_unordered_map<Key, Element, Hasher, Equality, Allocator>::allocator_type &, cudaStream_t) [with Key=minkowski::coordinate<int32_t>, Element=uint32_t, Hasher=minkowski::detail::coordinate_murmur3<int32_t>, Equality=minkowski::detail::coordinate_equal_to<int32_t>, Allocator=minkowski::detail::c10_allocator<cuda::std::__4::pair<minkowski::coordinate<int32_t>, uint32_t>>]" at line 139 of /home/ez48awud/Documents/implementations/LiDiff/MinkowskiEngine/src/coordinate_map_gpu.cuh
            instantiation of "void minkowski::CoordinateMapGPU<coordinate_type, TemplatedAllocator>::reserve(minkowski::CoordinateMapGPU<coordinate_type, TemplatedAllocator>::size_type) [with coordinate_type=int32_t, TemplatedAllocator=minkowski::detail::c10_allocator]" at line 104 of /home/ez48awud/Documents/implementations/LiDiff/MinkowskiEngine/src/coordinate_map_gpu.cuh
            instantiation of "minkowski::CoordinateMapGPU<coordinate_type, TemplatedAllocator>::CoordinateMapGPU(minkowski::CoordinateMapGPU<coordinate_type, TemplatedAllocator>::size_type, minkowski::CoordinateMapGPU<coordinate_type, TemplatedAllocator>::size_type, minkowski::CoordinateMapGPU<coordinate_type, TemplatedAllocator>::size_type, minkowski::CoordinateMapGPU<coordinate_type, TemplatedAllocator>::stride_type, minkowski::CoordinateMapGPU<coordinate_type, TemplatedAllocator>::map_allocator_type, minkowski::CoordinateMapGPU<coordinate_type, TemplatedAllocator>::byte_allocator_type) [with coordinate_type=int32_t, TemplatedAllocator=minkowski::detail::c10_allocator]" at line 61 of /home/ez48awud/Documents/implementations/LiDiff/MinkowskiEngine/src/coordinate_map_manager.cu
            instantiation of "std::pair<at::Tensor, at::Tensor> minkowski::detail::insert_and_map_functor<coordinate_type, coordinate_field_type, TemplatedAllocator, minkowski::CoordinateMapGPU>::operator()(minkowski::coordinate_map_key_type &, const at::Tensor &, minkowski::CoordinateMapManager<coordinate_type, coordinate_field_type, TemplatedAllocator, minkowski::CoordinateMapGPU> &) [with coordinate_type=int32_t, coordinate_field_type=float, TemplatedAllocator=minkowski::detail::c10_allocator]" at line 250 of /home/ez48awud/Documents/implementations/LiDiff/MinkowskiEngine/src/coordinate_map_manager.cpp
            instantiation of "std::pair<pybind11::object, std::pair<at::Tensor, at::Tensor>> minkowski::CoordinateMapManager<coordinate_type, coordinate_field_type, TemplatedAllocator, CoordinateMapType>::field_to_sparse_insert_and_map(const minkowski::CoordinateMapKey *, minkowski::CoordinateMapManager<coordinate_type, coordinate_field_type, TemplatedAllocator, CoordinateMapType>::stride_type, std::string) [with coordinate_type=int32_t, coordinate_field_type=float, TemplatedAllocator=minkowski::detail::c10_allocator, CoordinateMapType=minkowski::CoordinateMapGPU]" at line 404 of /home/ez48awud/Documents/implementations/LiDiff/MinkowskiEngine/src/coordinate_map_manager.cu

/home/ez48awud/miniconda3/envs/lidiff_hpc/lib/gcc/x86_64-conda-linux-gnu/13.2.0/include/c++/bits/shared_ptr_base.h(1561): error: more than one instance of overloaded function "std::__to_address" matches the argument list:
            function template "_Tp *cuda::std::__4::__to_address(_Tp *) noexcept" (declared at line 184 of /home/ez48awud/miniconda3/envs/lidiff_hpc/targets/x86_64-linux/include/cccl/cuda/std/__memory/pointer_traits.h)
            function template "_Tp *std::__to_address(_Tp *) noexcept" (declared at line 212 of /home/ez48awud/miniconda3/envs/lidiff_hpc/lib/gcc/x86_64-conda-linux-gnu/13.2.0/include/c++/bits/ptr_traits.h)
            argument types are: (concurrent_unordered_map<minkowski::coordinate<int32_t>, uint32_t, minkowski::detail::coordinate_murmur3<int32_t>, minkowski::detail::coordinate_equal_to<int32_t>, minkowski::detail::c10_allocator<cuda::std::__4::pair<minkowski::coordinate<int32_t>, uint32_t>>> *)
     auto __raw = __to_address(__r.get());
                  ^
/home/ez48awud/miniconda3/envs/lidiff_hpc/lib/gcc/x86_64-conda-linux-gnu/13.2.0/include/c++/bits/stl_iterator.h(1368): note #3327-D: candidate function template "std::__to_address(const __gnu_cxx::__normal_iterator<_Iterator, _Container> &)->decltype((<expression>)) noexcept" failed deduction
      __to_address(const __gnu_cxx::__normal_iterator<_Iterator,
      ^
/home/ez48awud/miniconda3/envs/lidiff_hpc/targets/x86_64-linux/include/cccl/cuda/std/__memory/pointer_traits.h(216): note #3327-D: candidate function template "cuda::std::__4::__to_address(const _Pointer &) noexcept" failed deduction
  __to_address(const _Pointer& __p) noexcept
  ^
          detected during:
            instantiation of "std::__shared_ptr<_Tp, _Lp>::__shared_ptr(std::unique_ptr<_Yp, _Del> &&) [with _Tp=concurrent_unordered_map<minkowski::coordinate<int32_t>, uint32_t, minkowski::detail::coordinate_murmur3<int32_t>, minkowski::detail::coordinate_equal_to<int32_t>, minkowski::detail::c10_allocator<cuda::std::__4::pair<minkowski::coordinate<int32_t>, uint32_t>>>, _Lp=__gnu_cxx::_S_atomic, _Yp=concurrent_unordered_map<minkowski::coordinate<int32_t>, uint32_t, minkowski::detail::coordinate_murmur3<int32_t>, minkowski::detail::coordinate_equal_to<int32_t>, minkowski::detail::c10_allocator<cuda::std::__4::pair<minkowski::coordinate<int32_t>, uint32_t>>>, _Del=std::function<void (concurrent_unordered_map<minkowski::coordinate<int32_t>, uint32_t, minkowski::detail::coordinate_murmur3<int32_t>, minkowski::detail::coordinate_equal_to<int32_t>, minkowski::detail::c10_allocator<cuda::std::__4::pair<minkowski::coordinate<int32_t>, uint32_t>>> *)>, <unnamed>=void]" at line 1636
            instantiation of "std::__shared_ptr<_Tp, _Lp>::_UniqAssignable<_Yp, _Del> std::__shared_ptr<_Tp, _Lp>::operator=(std::unique_ptr<_Yp, _Del> &&) [with _Tp=concurrent_unordered_map<minkowski::coordinate<int32_t>, uint32_t, minkowski::detail::coordinate_murmur3<int32_t>, minkowski::detail::coordinate_equal_to<int32_t>, minkowski::detail::c10_allocator<cuda::std::__4::pair<minkowski::coordinate<int32_t>, uint32_t>>>, _Lp=__gnu_cxx::_S_atomic, _Yp=concurrent_unordered_map<minkowski::coordinate<int32_t>, uint32_t, minkowski::detail::coordinate_murmur3<int32_t>, minkowski::detail::coordinate_equal_to<int32_t>, minkowski::detail::c10_allocator<cuda::std::__4::pair<minkowski::coordinate<int32_t>, uint32_t>>>, _Del=std::function<void (concurrent_unordered_map<minkowski::coordinate<int32_t>, uint32_t, minkowski::detail::coordinate_murmur3<int32_t>, minkowski::detail::coordinate_equal_to<int32_t>, minkowski::detail::c10_allocator<cuda::std::__4::pair<minkowski::coordinate<int32_t>, uint32_t>>> *)>]" at line 456 of /home/ez48awud/miniconda3/envs/lidiff_hpc/lib/gcc/x86_64-conda-linux-gnu/13.2.0/include/c++/bits/shared_ptr.h
            instantiation of "std::shared_ptr<_Tp>::_Assignable<std::unique_ptr<_Yp, _Del>> std::shared_ptr<_Tp>::operator=(std::unique_ptr<_Yp, _Del> &&) [with _Tp=concurrent_unordered_map<minkowski::coordinate<int32_t>, uint32_t, minkowski::detail::coordinate_murmur3<int32_t>, minkowski::detail::coordinate_equal_to<int32_t>, minkowski::detail::c10_allocator<cuda::std::__4::pair<minkowski::coordinate<int32_t>, uint32_t>>>, _Yp=concurrent_unordered_map<minkowski::coordinate<int32_t>, uint32_t, minkowski::detail::coordinate_murmur3<int32_t>, minkowski::detail::coordinate_equal_to<int32_t>, minkowski::detail::c10_allocator<cuda::std::__4::pair<minkowski::coordinate<int32_t>, uint32_t>>>, _Del=std::function<void (concurrent_unordered_map<minkowski::coordinate<int32_t>, uint32_t, minkowski::detail::coordinate_murmur3<int32_t>, minkowski::detail::coordinate_equal_to<int32_t>, minkowski::detail::c10_allocator<cuda::std::__4::pair<minkowski::coordinate<int32_t>, uint32_t>>> *)>]" at line 141 of /home/ez48awud/Documents/implementations/LiDiff/MinkowskiEngine/src/coordinate_map_gpu.cuh
            instantiation of "void minkowski::CoordinateMapGPU<coordinate_type, TemplatedAllocator>::reserve(minkowski::CoordinateMapGPU<coordinate_type, TemplatedAllocator>::size_type) [with coordinate_type=int32_t, TemplatedAllocator=minkowski::detail::c10_allocator]" at line 104 of /home/ez48awud/Documents/implementations/LiDiff/MinkowskiEngine/src/coordinate_map_gpu.cuh
            instantiation of "minkowski::CoordinateMapGPU<coordinate_type, TemplatedAllocator>::CoordinateMapGPU(minkowski::CoordinateMapGPU<coordinate_type, TemplatedAllocator>::size_type, minkowski::CoordinateMapGPU<coordinate_type, TemplatedAllocator>::size_type, minkowski::CoordinateMapGPU<coordinate_type, TemplatedAllocator>::size_type, minkowski::CoordinateMapGPU<coordinate_type, TemplatedAllocator>::stride_type, minkowski::CoordinateMapGPU<coordinate_type, TemplatedAllocator>::map_allocator_type, minkowski::CoordinateMapGPU<coordinate_type, TemplatedAllocator>::byte_allocator_type) [with coordinate_type=int32_t, TemplatedAllocator=minkowski::detail::c10_allocator]" at line 61 of /home/ez48awud/Documents/implementations/LiDiff/MinkowskiEngine/src/coordinate_map_manager.cu
            instantiation of "std::pair<at::Tensor, at::Tensor> minkowski::detail::insert_and_map_functor<coordinate_type, coordinate_field_type, TemplatedAllocator, minkowski::CoordinateMapGPU>::operator()(minkowski::coordinate_map_key_type &, const at::Tensor &, minkowski::CoordinateMapManager<coordinate_type, coordinate_field_type, TemplatedAllocator, minkowski::CoordinateMapGPU> &) [with coordinate_type=int32_t, coordinate_field_type=float, TemplatedAllocator=minkowski::detail::c10_allocator]" at line 250 of /home/ez48awud/Documents/implementations/LiDiff/MinkowskiEngine/src/coordinate_map_manager.cpp
            instantiation of "std::pair<pybind11::object, std::pair<at::Tensor, at::Tensor>> minkowski::CoordinateMapManager<coordinate_type, coordinate_field_type, TemplatedAllocator, CoordinateMapType>::field_to_sparse_insert_and_map(const minkowski::CoordinateMapKey *, minkowski::CoordinateMapManager<coordinate_type, coordinate_field_type, TemplatedAllocator, CoordinateMapType>::stride_type, std::string) [with coordinate_type=int32_t, coordinate_field_type=float, TemplatedAllocator=minkowski::detail::c10_allocator, CoordinateMapType=minkowski::CoordinateMapGPU]" at line 404 of /home/ez48awud/Documents/implementations/LiDiff/MinkowskiEngine/src/coordinate_map_manager.cu

/home/ez48awud/miniconda3/envs/lidiff_hpc/lib/gcc/x86_64-conda-linux-gnu/13.2.0/include/c++/bits/shared_ptr_base.h(1563): error: no instance of overloaded function "std::__shared_ptr<_Tp, _Lp>::_M_enable_shared_from_this_with [with _Tp=concurrent_unordered_map<minkowski::coordinate<int32_t>, uint32_t, minkowski::detail::coordinate_murmur3<int32_t>, minkowski::detail::coordinate_equal_to<int32_t>, minkowski::detail::c10_allocator<cuda::std::__4::pair<minkowski::coordinate<int32_t>, uint32_t>>>, _Lp=__gnu_cxx::_S_atomic]" matches the argument list
            argument types are: (<error-type>)
     _M_enable_shared_from_this_with(__raw);
     ^
/home/ez48awud/miniconda3/envs/lidiff_hpc/lib/gcc/x86_64-conda-linux-gnu/13.2.0/include/c++/bits/shared_ptr_base.h(1765): note #3327-D: candidate function template "std::__shared_ptr<_Tp, _Lp>::_M_enable_shared_from_this_with(_Yp *) noexcept [with _Tp=concurrent_unordered_map<minkowski::coordinate<int32_t>, uint32_t, minkowski::detail::coordinate_murmur3<int32_t>, minkowski::detail::coordinate_equal_to<int32_t>, minkowski::detail::c10_allocator<cuda::std::__4::pair<minkowski::coordinate<int32_t>, uint32_t>>>, _Lp=__gnu_cxx::_S_atomic]" failed deduction
   _M_enable_shared_from_this_with(_Yp*) noexcept
   ^
/home/ez48awud/miniconda3/envs/lidiff_hpc/lib/gcc/x86_64-conda-linux-gnu/13.2.0/include/c++/bits/shared_ptr_base.h(1757): note #3327-D: candidate function template "std::__shared_ptr<_Tp, _Lp>::_M_enable_shared_from_this_with(_Yp *) noexcept [with _Tp=concurrent_unordered_map<minkowski::coordinate<int32_t>, uint32_t, minkowski::detail::coordinate_murmur3<int32_t>, minkowski::detail::coordinate_equal_to<int32_t>, minkowski::detail::c10_allocator<cuda::std::__4::pair<minkowski::coordinate<int32_t>, uint32_t>>>, _Lp=__gnu_cxx::_S_atomic]" failed deduction
   _M_enable_shared_from_this_with(_Yp* __p) noexcept
   ^
          detected during:
            instantiation of "std::__shared_ptr<_Tp, _Lp>::__shared_ptr(std::unique_ptr<_Yp, _Del> &&) [with _Tp=concurrent_unordered_map<minkowski::coordinate<int32_t>, uint32_t, minkowski::detail::coordinate_murmur3<int32_t>, minkowski::detail::coordinate_equal_to<int32_t>, minkowski::detail::c10_allocator<cuda::std::__4::pair<minkowski::coordinate<int32_t>, uint32_t>>>, _Lp=__gnu_cxx::_S_atomic, _Yp=concurrent_unordered_map<minkowski::coordinate<int32_t>, uint32_t, minkowski::detail::coordinate_murmur3<int32_t>, minkowski::detail::coordinate_equal_to<int32_t>, minkowski::detail::c10_allocator<cuda::std::__4::pair<minkowski::coordinate<int32_t>, uint32_t>>>, _Del=std::function<void (concurrent_unordered_map<minkowski::coordinate<int32_t>, uint32_t, minkowski::detail::coordinate_murmur3<int32_t>, minkowski::detail::coordinate_equal_to<int32_t>, minkowski::detail::c10_allocator<cuda::std::__4::pair<minkowski::coordinate<int32_t>, uint32_t>>> *)>, <unnamed>=void]" at line 1636
            instantiation of "std::__shared_ptr<_Tp, _Lp>::_UniqAssignable<_Yp, _Del> std::__shared_ptr<_Tp, _Lp>::operator=(std::unique_ptr<_Yp, _Del> &&) [with _Tp=concurrent_unordered_map<minkowski::coordinate<int32_t>, uint32_t, minkowski::detail::coordinate_murmur3<int32_t>, minkowski::detail::coordinate_equal_to<int32_t>, minkowski::detail::c10_allocator<cuda::std::__4::pair<minkowski::coordinate<int32_t>, uint32_t>>>, _Lp=__gnu_cxx::_S_atomic, _Yp=concurrent_unordered_map<minkowski::coordinate<int32_t>, uint32_t, minkowski::detail::coordinate_murmur3<int32_t>, minkowski::detail::coordinate_equal_to<int32_t>, minkowski::detail::c10_allocator<cuda::std::__4::pair<minkowski::coordinate<int32_t>, uint32_t>>>, _Del=std::function<void (concurrent_unordered_map<minkowski::coordinate<int32_t>, uint32_t, minkowski::detail::coordinate_murmur3<int32_t>, minkowski::detail::coordinate_equal_to<int32_t>, minkowski::detail::c10_allocator<cuda::std::__4::pair<minkowski::coordinate<int32_t>, uint32_t>>> *)>]" at line 456 of /home/ez48awud/miniconda3/envs/lidiff_hpc/lib/gcc/x86_64-conda-linux-gnu/13.2.0/include/c++/bits/shared_ptr.h
            instantiation of "std::shared_ptr<_Tp>::_Assignable<std::unique_ptr<_Yp, _Del>> std::shared_ptr<_Tp>::operator=(std::unique_ptr<_Yp, _Del> &&) [with _Tp=concurrent_unordered_map<minkowski::coordinate<int32_t>, uint32_t, minkowski::detail::coordinate_murmur3<int32_t>, minkowski::detail::coordinate_equal_to<int32_t>, minkowski::detail::c10_allocator<cuda::std::__4::pair<minkowski::coordinate<int32_t>, uint32_t>>>, _Yp=concurrent_unordered_map<minkowski::coordinate<int32_t>, uint32_t, minkowski::detail::coordinate_murmur3<int32_t>, minkowski::detail::coordinate_equal_to<int32_t>, minkowski::detail::c10_allocator<cuda::std::__4::pair<minkowski::coordinate<int32_t>, uint32_t>>>, _Del=std::function<void (concurrent_unordered_map<minkowski::coordinate<int32_t>, uint32_t, minkowski::detail::coordinate_murmur3<int32_t>, minkowski::detail::coordinate_equal_to<int32_t>, minkowski::detail::c10_allocator<cuda::std::__4::pair<minkowski::coordinate<int32_t>, uint32_t>>> *)>]" at line 141 of /home/ez48awud/Documents/implementations/LiDiff/MinkowskiEngine/src/coordinate_map_gpu.cuh
            instantiation of "void minkowski::CoordinateMapGPU<coordinate_type, TemplatedAllocator>::reserve(minkowski::CoordinateMapGPU<coordinate_type, TemplatedAllocator>::size_type) [with coordinate_type=int32_t, TemplatedAllocator=minkowski::detail::c10_allocator]" at line 104 of /home/ez48awud/Documents/implementations/LiDiff/MinkowskiEngine/src/coordinate_map_gpu.cuh
            instantiation of "minkowski::CoordinateMapGPU<coordinate_type, TemplatedAllocator>::CoordinateMapGPU(minkowski::CoordinateMapGPU<coordinate_type, TemplatedAllocator>::size_type, minkowski::CoordinateMapGPU<coordinate_type, TemplatedAllocator>::size_type, minkowski::CoordinateMapGPU<coordinate_type, TemplatedAllocator>::size_type, minkowski::CoordinateMapGPU<coordinate_type, TemplatedAllocator>::stride_type, minkowski::CoordinateMapGPU<coordinate_type, TemplatedAllocator>::map_allocator_type, minkowski::CoordinateMapGPU<coordinate_type, TemplatedAllocator>::byte_allocator_type) [with coordinate_type=int32_t, TemplatedAllocator=minkowski::detail::c10_allocator]" at line 61 of /home/ez48awud/Documents/implementations/LiDiff/MinkowskiEngine/src/coordinate_map_manager.cu
            instantiation of "std::pair<at::Tensor, at::Tensor> minkowski::detail::insert_and_map_functor<coordinate_type, coordinate_field_type, TemplatedAllocator, minkowski::CoordinateMapGPU>::operator()(minkowski::coordinate_map_key_type &, const at::Tensor &, minkowski::CoordinateMapManager<coordinate_type, coordinate_field_type, TemplatedAllocator, minkowski::CoordinateMapGPU> &) [with coordinate_type=int32_t, coordinate_field_type=float, TemplatedAllocator=minkowski::detail::c10_allocator]" at line 250 of /home/ez48awud/Documents/implementations/LiDiff/MinkowskiEngine/src/coordinate_map_manager.cpp
            instantiation of "std::pair<pybind11::object, std::pair<at::Tensor, at::Tensor>> minkowski::CoordinateMapManager<coordinate_type, coordinate_field_type, TemplatedAllocator, CoordinateMapType>::field_to_sparse_insert_and_map(const minkowski::CoordinateMapKey *, minkowski::CoordinateMapManager<coordinate_type, coordinate_field_type, TemplatedAllocator, CoordinateMapType>::stride_type, std::string) [with coordinate_type=int32_t, coordinate_field_type=float, TemplatedAllocator=minkowski::detail::c10_allocator, CoordinateMapType=minkowski::CoordinateMapGPU]" at line 404 of /home/ez48awud/Documents/implementations/LiDiff/MinkowskiEngine/src/coordinate_map_manager.cu

/home/ez48awud/Documents/implementations/LiDiff/MinkowskiEngine/src/coordinate_map_manager.cpp(717): warning #430-D: returning reference to local temporary
        return detail::empty_map_functor<coordinate_type, TemplatedAllocator,
               ^
          detected during instantiation of "const minkowski::CoordinateMapManager<coordinate_type, coordinate_field_type, TemplatedAllocator, CoordinateMapType>::kernel_map_type &minkowski::CoordinateMapManager<coordinate_type, coordinate_field_type, TemplatedAllocator, CoordinateMapType>::kernel_map(const minkowski::CoordinateMapKey *, const minkowski::CoordinateMapKey *, const minkowski::CoordinateMapManager<coordinate_type, coordinate_field_type, TemplatedAllocator, CoordinateMapType>::stride_type &, const minkowski::CoordinateMapManager<coordinate_type, coordinate_field_type, TemplatedAllocator, CoordinateMapType>::stride_type &, const minkowski::CoordinateMapManager<coordinate_type, coordinate_field_type, TemplatedAllocator, CoordinateMapType>::stride_type &, minkowski::RegionType::Type, const at::Tensor &, __nv_bool, __nv_bool) [with coordinate_type=int32_t, coordinate_field_type=float, TemplatedAllocator=minkowski::detail::c10_allocator, CoordinateMapType=minkowski::CoordinateMapGPU]" at line 404 of /home/ez48awud/Documents/implementations/LiDiff/MinkowskiEngine/src/coordinate_map_manager.cu

/home/ez48awud/Documents/implementations/LiDiff/MinkowskiEngine/src/coordinate_map_manager.cu(208): warning #946-D: name following "template" must be a template
      return in_map.template kernel_map(out_map, gpu_kernel, kernel_map_mode,
                             ^
          detected during:
            instantiation of "minkowski::gpu_kernel_map<minkowski::type_wrapper<uint32_t, int32_t, float>::index_type, TemplatedAllocator<char>> minkowski::detail::kernel_map_functor<coordinate_type, TemplatedAllocator, minkowski::CoordinateMapGPU, minkowski::gpu_kernel_map<minkowski::type_wrapper<uint32_t, int32_t, float>::index_type, TemplatedAllocator<char>>>::operator()(const minkowski::CoordinateMapGPU<coordinate_type, TemplatedAllocator> &, const minkowski::CoordinateMapGPU<coordinate_type, TemplatedAllocator> &, minkowski::CUDAKernelMapMode::Mode, minkowski::cpu_kernel_region<coordinate_type> &) [with coordinate_type=int32_t, TemplatedAllocator=minkowski::detail::c10_allocator]" at line 753 of /home/ez48awud/Documents/implementations/LiDiff/MinkowskiEngine/src/coordinate_map_manager.cpp
            instantiation of "const minkowski::CoordinateMapManager<coordinate_type, coordinate_field_type, TemplatedAllocator, CoordinateMapType>::kernel_map_type &minkowski::CoordinateMapManager<coordinate_type, coordinate_field_type, TemplatedAllocator, CoordinateMapType>::kernel_map(const minkowski::CoordinateMapKey *, const minkowski::CoordinateMapKey *, const minkowski::CoordinateMapManager<coordinate_type, coordinate_field_type, TemplatedAllocator, CoordinateMapType>::stride_type &, const minkowski::CoordinateMapManager<coordinate_type, coordinate_field_type, TemplatedAllocator, CoordinateMapType>::stride_type &, const minkowski::CoordinateMapManager<coordinate_type, coordinate_field_type, TemplatedAllocator, CoordinateMapType>::stride_type &, minkowski::RegionType::Type, const at::Tensor &, __nv_bool, __nv_bool) [with coordinate_type=int32_t, coordinate_field_type=float, TemplatedAllocator=minkowski::detail::c10_allocator, CoordinateMapType=minkowski::CoordinateMapGPU]" at line 404

8 errors detected in the compilation of "/home/ez48awud/Documents/implementations/LiDiff/MinkowskiEngine/src/coordinate_map_manager.cu".
[8/21] /home/ez48awud/miniconda3/envs/lidiff_hpc/bin/nvcc --generate-dependencies-with-compile --dependency-output /home/ez48awud/Documents/implementations/LiDiff/MinkowskiEngine/build/temp.linux-x86_64-cpython-310/home/ez48awud/Documents/implementations/LiDiff/MinkowskiEngine/src/convolution_transpose_gpu.o.d -DNVTX_DISABLE -I/home/ez48awud/miniconda3/envs/lidiff_hpc/lib/python3.10/site-packages/torch/include -I/home/ez48awud/miniconda3/envs/lidiff_hpc/lib/python3.10/site-packages/torch/include/torch/csrc/api/include -I/home/ez48awud/miniconda3/envs/lidiff_hpc/include -I/home/ez48awud/Documents/implementations/LiDiff/MinkowskiEngine/src -I/home/ez48awud/Documents/implementations/LiDiff/MinkowskiEngine/src/3rdparty -I/home/ez48awud/miniconda3/envs/lidiff_hpc/include/python3.10 -c -c /home/ez48awud/Documents/implementations/LiDiff/MinkowskiEngine/src/convolution_transpose_gpu.cu -o /home/ez48awud/Documents/implementations/LiDiff/MinkowskiEngine/build/temp.linux-x86_64-cpython-310/home/ez48awud/Documents/implementations/LiDiff/MinkowskiEngine/src/convolution_transpose_gpu.o -D__CUDA_NO_HALF_OPERATORS__ -D__CUDA_NO_HALF_CONVERSIONS__ -D__CUDA_NO_BFLOAT16_CONVERSIONS__ -D__CUDA_NO_HALF2_OPERATORS__ --expt-relaxed-constexpr --compiler-options ''"'"'-fPIC'"'"'' --expt-relaxed-constexpr --expt-extended-lambda -O3 -Xcompiler=-fno-gnu-unique -Xcompiler -fdiagnostics-color=always -DTORCH_API_INCLUDE_EXTENSION_H -DTORCH_EXTENSION_NAME=_C -gencode=arch=compute_100,code=sm_100 -gencode=arch=compute_103,code=sm_103 -gencode=arch=compute_110,code=sm_110 -gencode=arch=compute_120,code=sm_120 -gencode=arch=compute_121,code=compute_121 -gencode=arch=compute_121,code=sm_121 -gencode=arch=compute_75,code=sm_75 -gencode=arch=compute_80,code=sm_80 -gencode=arch=compute_86,code=sm_86 -gencode=arch=compute_89,code=sm_89 -gencode=arch=compute_90,code=sm_90 -ccbin /home/ez48awud/miniconda3/envs/lidiff_hpc/bin/x86_64-conda-linux-gnu-c++ -std=c++17
/home/ez48awud/Documents/implementations/LiDiff/MinkowskiEngine/src/utils.hpp:206:38: warning: 'template<class _Category, class _Tp, class _Distance, class _Pointer, class _Reference> struct std::iterator' is deprecated [-Wdeprecated-declarations]
  206 |   class iterator
      |                                      ^       
/home/ez48awud/miniconda3/envs/lidiff_hpc/lib/gcc/x86_64-conda-linux-gnu/13.2.0/include/c++/bits/stl_iterator_base_types.h:127:27: note: declared here
  127 |     struct _GLIBCXX17_DEPRECATED iterator
      |                           ^~~~~~~~
[9/21] /home/ez48awud/miniconda3/envs/lidiff_hpc/bin/nvcc --generate-dependencies-with-compile --dependency-output /home/ez48awud/Documents/implementations/LiDiff/MinkowskiEngine/build/temp.linux-x86_64-cpython-310/home/ez48awud/Documents/implementations/LiDiff/MinkowskiEngine/src/global_pooling_gpu.o.d -DNVTX_DISABLE -I/home/ez48awud/miniconda3/envs/lidiff_hpc/lib/python3.10/site-packages/torch/include -I/home/ez48awud/miniconda3/envs/lidiff_hpc/lib/python3.10/site-packages/torch/include/torch/csrc/api/include -I/home/ez48awud/miniconda3/envs/lidiff_hpc/include -I/home/ez48awud/Documents/implementations/LiDiff/MinkowskiEngine/src -I/home/ez48awud/Documents/implementations/LiDiff/MinkowskiEngine/src/3rdparty -I/home/ez48awud/miniconda3/envs/lidiff_hpc/include/python3.10 -c -c /home/ez48awud/Documents/implementations/LiDiff/MinkowskiEngine/src/global_pooling_gpu.cu -o /home/ez48awud/Documents/implementations/LiDiff/MinkowskiEngine/build/temp.linux-x86_64-cpython-310/home/ez48awud/Documents/implementations/LiDiff/MinkowskiEngine/src/global_pooling_gpu.o -D__CUDA_NO_HALF_OPERATORS__ -D__CUDA_NO_HALF_CONVERSIONS__ -D__CUDA_NO_BFLOAT16_CONVERSIONS__ -D__CUDA_NO_HALF2_OPERATORS__ --expt-relaxed-constexpr --compiler-options ''"'"'-fPIC'"'"'' --expt-relaxed-constexpr --expt-extended-lambda -O3 -Xcompiler=-fno-gnu-unique -Xcompiler -fdiagnostics-color=always -DTORCH_API_INCLUDE_EXTENSION_H -DTORCH_EXTENSION_NAME=_C -gencode=arch=compute_100,code=sm_100 -gencode=arch=compute_103,code=sm_103 -gencode=arch=compute_110,code=sm_110 -gencode=arch=compute_120,code=sm_120 -gencode=arch=compute_121,code=compute_121 -gencode=arch=compute_121,code=sm_121 -gencode=arch=compute_75,code=sm_75 -gencode=arch=compute_80,code=sm_80 -gencode=arch=compute_86,code=sm_86 -gencode=arch=compute_89,code=sm_89 -gencode=arch=compute_90,code=sm_90 -ccbin /home/ez48awud/miniconda3/envs/lidiff_hpc/bin/x86_64-conda-linux-gnu-c++ -std=c++17
/home/ez48awud/Documents/implementations/LiDiff/MinkowskiEngine/src/utils.hpp:206:38: warning: 'template<class _Category, class _Tp, class _Distance, class _Pointer, class _Reference> struct std::iterator' is deprecated [-Wdeprecated-declarations]
  206 |   class iterator
      |                                      ^       
/home/ez48awud/miniconda3/envs/lidiff_hpc/lib/gcc/x86_64-conda-linux-gnu/13.2.0/include/c++/bits/stl_iterator_base_types.h:127:27: note: declared here
  127 |     struct _GLIBCXX17_DEPRECATED iterator
      |                           ^~~~~~~~
ninja: build stopped: subcommand failed.
Traceback (most recent call last):
  File "/home/ez48awud/miniconda3/envs/lidiff_hpc/lib/python3.10/site-packages/torch/utils/cpp_extension.py", line 2597, in _run_ninja_build
    subprocess.run(
  File "/home/ez48awud/miniconda3/envs/lidiff_hpc/lib/python3.10/subprocess.py", line 526, in run
    raise CalledProcessError(retcode, process.args,
subprocess.CalledProcessError: Command '['ninja', '-v', '-j', '4']' returned non-zero exit status 1.

The above exception was the direct cause of the following exception:

Traceback (most recent call last):
  File "/home/ez48awud/Documents/implementations/LiDiff/MinkowskiEngine/setup.py", line 321, in <module>
    setup(
  File "/home/ez48awud/miniconda3/envs/lidiff_hpc/lib/python3.10/site-packages/setuptools/__init__.py", line 115, in setup
    return distutils.core.setup(**attrs)
  File "/home/ez48awud/miniconda3/envs/lidiff_hpc/lib/python3.10/site-packages/setuptools/_distutils/core.py", line 186, in setup
    return run_commands(dist)
  File "/home/ez48awud/miniconda3/envs/lidiff_hpc/lib/python3.10/site-packages/setuptools/_distutils/core.py", line 202, in run_commands
    dist.run_commands()
  File "/home/ez48awud/miniconda3/envs/lidiff_hpc/lib/python3.10/site-packages/setuptools/_distutils/dist.py", line 1002, in run_commands
    self.run_command(cmd)
  File "/home/ez48awud/miniconda3/envs/lidiff_hpc/lib/python3.10/site-packages/setuptools/dist.py", line 1102, in run_command
    super().run_command(command)
  File "/home/ez48awud/miniconda3/envs/lidiff_hpc/lib/python3.10/site-packages/setuptools/_distutils/dist.py", line 1021, in run_command
    cmd_obj.run()
  File "/home/ez48awud/miniconda3/envs/lidiff_hpc/lib/python3.10/site-packages/setuptools/_distutils/command/install.py", line 689, in run
    self.run_command('build')
  File "/home/ez48awud/miniconda3/envs/lidiff_hpc/lib/python3.10/site-packages/setuptools/_distutils/cmd.py", line 357, in run_command
    self.distribution.run_command(command)
  File "/home/ez48awud/miniconda3/envs/lidiff_hpc/lib/python3.10/site-packages/setuptools/dist.py", line 1102, in run_command
    super().run_command(command)
  File "/home/ez48awud/miniconda3/envs/lidiff_hpc/lib/python3.10/site-packages/setuptools/_distutils/dist.py", line 1021, in run_command
    cmd_obj.run()
  File "/home/ez48awud/miniconda3/envs/lidiff_hpc/lib/python3.10/site-packages/setuptools/_distutils/command/build.py", line 135, in run
    self.run_command(cmd_name)
  File "/home/ez48awud/miniconda3/envs/lidiff_hpc/lib/python3.10/site-packages/setuptools/_distutils/cmd.py", line 357, in run_command
    self.distribution.run_command(command)
  File "/home/ez48awud/miniconda3/envs/lidiff_hpc/lib/python3.10/site-packages/setuptools/dist.py", line 1102, in run_command
    super().run_command(command)
  File "/home/ez48awud/miniconda3/envs/lidiff_hpc/lib/python3.10/site-packages/setuptools/_distutils/dist.py", line 1021, in run_command
    cmd_obj.run()
  File "/home/ez48awud/miniconda3/envs/lidiff_hpc/lib/python3.10/site-packages/setuptools/command/build_ext.py", line 96, in run
    _build_ext.run(self)
  File "/home/ez48awud/miniconda3/envs/lidiff_hpc/lib/python3.10/site-packages/setuptools/_distutils/command/build_ext.py", line 368, in run
    self.build_extensions()
  File "/home/ez48awud/miniconda3/envs/lidiff_hpc/lib/python3.10/site-packages/torch/utils/cpp_extension.py", line 1082, in build_extensions
    build_ext.build_extensions(self)
  File "/home/ez48awud/miniconda3/envs/lidiff_hpc/lib/python3.10/site-packages/setuptools/_distutils/command/build_ext.py", line 484, in build_extensions
    self._build_extensions_serial()
  File "/home/ez48awud/miniconda3/envs/lidiff_hpc/lib/python3.10/site-packages/setuptools/_distutils/command/build_ext.py", line 510, in _build_extensions_serial
    self.build_extension(ext)
  File "/home/ez48awud/miniconda3/envs/lidiff_hpc/lib/python3.10/site-packages/setuptools/command/build_ext.py", line 261, in build_extension
    _build_ext.build_extension(self, ext)
  File "/home/ez48awud/miniconda3/envs/lidiff_hpc/lib/python3.10/site-packages/setuptools/_distutils/command/build_ext.py", line 565, in build_extension
    objects = self.compiler.compile(
  File "/home/ez48awud/miniconda3/envs/lidiff_hpc/lib/python3.10/site-packages/torch/utils/cpp_extension.py", line 866, in unix_wrap_ninja_compile
    _write_ninja_file_and_compile_objects(
  File "/home/ez48awud/miniconda3/envs/lidiff_hpc/lib/python3.10/site-packages/torch/utils/cpp_extension.py", line 2223, in _write_ninja_file_and_compile_objects
    _run_ninja_build(
  File "/home/ez48awud/miniconda3/envs/lidiff_hpc/lib/python3.10/site-packages/torch/utils/cpp_extension.py", line 2614, in _run_ninja_build
    raise RuntimeError(message) from e
RuntimeError: Error compiling objects for extension
